tree
version=v4
num_class=1
num_tree_per_iteration=1
label_index=0
max_feature_idx=15
objective=lambdarank
feature_names=ppm_error mass_gaussian_score formula_golden_prior rdbe explained_intensity explained_peaks_fraction top5_intensity_explained matched_neutral_losses np_likeness_score fsp3 rotatable_bonds tpsa logp aromatic_rings heavy_atom_count h_bond_donors_acceptors
feature_infos=[0.00050237501272931695:14.831987380981445] [4.9232257879339159e-06:1] [0:1.1999557018280029] [-0.5:33.5] [0:1] [0:1] [0:1.0000001192092896] [0:57] [0:0.99180936813354492] [0:1] [0:40] [9.2299995422363281:442.989990234375] [-4.7452001571655273:12.000699996948242] [0:7] [10:88] [1:44]
tree_sizes=3386 3381 3384 3400 3387 3396 3403 3395 3371 3379 3379 3388 3374 3396 3393 3384 3408 3390 3385 3433 3378 3390 3403 3396 3412 3411 3384 3421 3420 3412 3410 3425 3405 3417 3442 3438 3413 3433 3435 3428 3443 3452 3436 3419 3428 3438 3470 3449 3436 3447 3448 3462 3451 3477 3457 3463 3462 3477 3457 3464 3465 3467 3453 3472 3477 3450 3481 3478 3477 3462 3476 3473 3481 3499 3486 3470 3485 3495 3483 3474 3488 3482 3499 3479 3480 3485 3507 3492 3503 3511 3506 3493 3506 3496 3483 3498 3491 3500 3511 3512

Tree=0
num_leaves=31
num_cat=0
split_feature=0 6 8 6 10 8 10 8 8 11 7 12 4 5 8 3 5 12 11 14 12 4 10 8 8 15 11 13 9 10
split_gain=20.9098 11.8526 6.23162 7.73751 5.36225 4.32853 4.06237 6.96001 17.2985 9.38806 5.50766 5.0577 4.7282 5.41048 4.0652 4.03997 4.02201 3.92687 3.79326 3.67149 3.76478 3.63807 3.47836 3.31517 2.73534 2.59797 2.50411 4.62669 4.49837 3.98812
threshold=2.5087901353836064 0.90691065788269054 0.62428957223892223 0.91360199451446544 3.5000000000000004 0.65768980979919445 11.500000000000002 0.46012924611568456 0.6274593472480775 82.544998168945327 1.5000000000000002 4.5456001758575448 0.20791459828615191 0.54775193333625805 0.36891880631446844 3.2500000000000004 0.23314472287893298 1.0051599740982058 98.069999694824233 18.500000000000004 1.7109000086784365 0.020790425129234794 8.5000000000000018 0.21940750628709796 0.54451972246170055 11.500000000000002 49.729999542236335 1.5000000000000002 0.36038962006568914 7.5000000000000009
decision_type=2 2 2 2 2 2 2 2 2 2 2 2 2 2 2 2 2 2 2 2 2 2 2 2 2 2 2 2 2 2
left_child=1 6 3 -2 23 -4 7 9 11 22 -8 -9 21 15 -12 -14 -7 -18 -13 20 -3 -10 26 -5 -25 -11 27 28 -1 -30
right_child=2 19 5 4 -6 16 10 8 12 25 14 18 13 -15 -16 -17 17 -19 -20 -21 -22 -23 -24 24 -26 -27 -28 -29 29 -31
leaf_value=0.064156817824837689 -0.093412737265937976 0.027462964959197006 0.057336581153393011 -0.099999999999999797 -0.099999999999999922 -0.084542271742196223 -0.04859619882478531 -0.10000000000000003 -0.099999999999999589 -0.099999999999999978 -0.099999999999999756 -0.099999999999999811 0.072984929805371662 0.058131365408602143 0.07285009162438108 -0.099999999999999964 0.08008244959602405 -0.099999999999999797 0.098870870502059338 0.055028436933907 -0.099999999999999895 0.074650129886492042 -0.099999999999999672 0.071006472650268757 -0.099999999999999672 0.099999999999999506 0.045979101983914611 -0.073407054960079501 -0.099999999999999922 0.075745295788476844
leaf_weight=3.0470412448048636 8.5857097908738087 2.333237701910551 1.9404426974069782 0.4236303501529618 1.1394155508605761 1.8921360159292819 1.5212474691215891 6.9114833283529133 0.3257262806000657 2.0388108895858745 0.36723826342495147 0.39682787616038673 0.41450834088027555 1.3779822790529577 4.6131606244889554 1.8172617881791664 1.0126892800326457 0.43179928697645653 0.60586604895070195 16.71955348024494 0.77065353104262602 3.5253373858577106 0.53162885981146324 2.0948213851079349 0.26322788308607403 0.17642366886138905 9.5199043329048418 1.4397607571445403 0.98566695148474515 0.48000717023387551
leaf_count=69 245 70 34 16 40 57 44 393 10 118 16 44 4 24 59 113 8 25 2 289 54 45 19 36 11 1 187 98 58 10
internal_value=-9.13343e-10 0.0141304 -0.0476097 -0.0668353 -0.00864083 -0.0020444 -0.00150586 -0.00850733 -0.0332816 0.0123993 0.034671 -0.0847755 0.0213415 -0.0197713 0.0601047 -0.0678714 -0.0365779 0.0262506 0.0201654 0.0457571 -0.00418434 0.0598781 0.0257526 0.0287812 0.0519171 -0.0840718 0.0300735 0.00463529 0.0295343 -0.0424435
internal_weight=77.7032 59.9193 17.7839 12.5068 3.9211 5.27707 40.0959 33.5942 15.375 18.2192 6.50165 7.91418 7.46082 3.60975 4.9804 2.23177 3.33662 1.44449 1.00269 19.8234 3.10389 3.85106 16.004 2.78168 2.35805 2.21523 15.4724 5.95248 4.51272 1.46567
internal_count=2199 1727 472 348 103 124 1314 1195 635 560 119 439 196 141 75 117 90 33 46 413 124 55 441 63 47 119 422 235 137 68
is_linear=0
shrinkage=0.05


Tree=1
num_leaves=31
num_cat=0
split_feature=6 6 8 0 8 8 9 7 11 11 14 4 12 14 15 9 11 9 8 10 12 10 9 12 8 5 8 12 10 2
split_gain=21.7725 29.2944 17.0617 12.6242 26.6572 15.3972 17.0904 33.5747 17.9268 24.3579 15.2867 14.9878 14.2188 14.6185 12.4406 13.4074 13.0555 17.7303 15.9682 13.5498 10.1688 17.2285 10.0571 11.9018 15.9773 22.4849 10.9189 10.6146 13.2778 18.4943
threshold=0.97534465789794933 0.94405856728553783 0.2275044843554497 3.1708689928054814 0.73439970612525951 0.28510676324367529 0.47213622927665716 4.5000000000000009 36.109998703002937 49.995000839233406 59.500000000000007 0.35536065697669988 2.2156000137329106 31.500000000000004 2.5000000000000004 0.78940886259078991 83.540000915527358 0.24499999731779101 0.44827644526958471 5.5000000000000009 1.7039499878883364 3.5000000000000004 0.59175083041191112 -2.6956999301910396 0.59672760963439953 0.060068728402256973 0.74339753389358532 4.6064500808715829 8.5000000000000018 1.1540268063545229
decision_type=2 2 2 2 2 2 2 2 2 2 2 2 2 2 2 2 2 2 2 2 2 2 2 2 2 2 2 2 2 2
left_child=1 3 -2 5 10 -1 7 -7 -9 -10 -5 -6 -11 -14 -4 16 17 -16 19 20 21 -19 23 -8 25 -25 27 28 29 -24
right_child=2 -3 14 4 11 6 22 8 9 12 -12 -13 13 -15 15 -17 -18 18 -20 -21 -22 -23 26 24 -26 -27 -28 -29 -30 -31
leaf_value=0.0296322794607503 -0.086049577355995499 -0.10003868084270909 -0.099953428682699325 -0.095376582101574722 -0.099278876711404382 -0.096900887025832438 -0.099768388630509963 0.066342993173007944 -0.098887193991717054 -0.09674493515966312 0.083246517307666412 0.076336067952486389 0.060587862835685125 -0.034973159589592968 -0.099533746334993067 -0.060839088590328605 0.059056799077946177 -0.099999999999999617 -0.099335515052403484 -0.10018727794897775 0.063610798610982691 0.089181586507067798 -0.095576427453839499 0.059340588572908338 0.059425826177142163 -0.097765856339634569 -0.098715604779236077 -0.054501130171275641 0.035270661810051583 0.010176118214840926
leaf_weight=34.87515499512665 3.4060737336985758 8.3938531635212694 1.8343713575741265 13.26429740333697 1.549173105508088 13.928992915083652 1.7217966057360197 7.0274416047323021 7.6549043550621745 2.8683225839631659 1.3166781634790812 5.6312050381675363 10.358099526609296 6.5218821726739398 3.0942972531775039 3.6796478778123847 33.326632738928311 2.7468553935177722 2.3121894165815311 1.6643525363760989 19.308934228145517 2.1418305325787514 5.8898818171583143 4.5163075397722441 20.962603567284532 4.5940218274481595 3.0905682547017923 8.0218026054790226 21.75912054721266 13.869836539495735
leaf_count=236 45 51 26 249 13 218 10 57 137 81 9 12 55 48 56 7 67 30 53 16 76 7 148 25 83 59 40 69 98 118
internal_value=-7.95828e-10 -0.0086344 0.0232336 -0.004584 -0.0404125 6.63179e-05 -0.00769896 -0.0314 -0.0049015 -0.0231719 -0.0792467 0.038447 0.00617717 0.0236662 0.0285428 0.0319952 0.0372835 0.014077 0.0265546 0.0378098 0.0473015 -0.0171158 0.00587713 0.0280802 0.0354 -0.0198827 -0.00753581 -0.0018476 0.00832552 -0.0213461
internal_weight=271.331 197.816 73.5152 189.422 21.7614 167.661 132.786 48.3596 34.4307 27.4032 14.581 7.18038 19.7483 16.88 70.1091 68.2747 64.5951 31.2685 28.1742 25.862 24.1976 4.88869 84.4259 31.7947 30.0729 9.11033 52.6312 49.5406 41.5188 19.7597
internal_count=2199 1816 383 1765 283 1482 1246 596 378 321 258 25 184 103 338 312 305 238 182 129 113 37 650 177 167 84 473 433 364 266
is_linear=0
shrinkage=0.05


Tree=2
num_leaves=31
num_cat=0
split_feature=6 0 14 9 10 10 7 15 10 5 12 12 4 4 11 12 9 15 4 10 0 13 12 8 15 15 8 5 12 8
split_gain=15.5586 12.8167 16.6227 9.20193 9.14315 13.7686 9.10169 25.1825 8.30322 8.64315 9.23575 24.1961 17.919 8.0248 7.88047 8.80579 7.86977 10.6408 7.48235 6.31367 6.22571 5.86023 5.72746 5.9487 5.30052 10.5408 11.9459 10.5066 10.0394 10.8908
threshold=0.91021579504013073 3.0259009599685673 42.500000000000007 0.43167701363563543 6.5000000000000009 8.5000000000000018 1.0000000180025095e-35 7.5000000000000009 5.5000000000000009 0.2602521032094956 3.9721499681472783 2.7875500917434697 0.72439774870872509 0.82488045096397411 59.234998703002937 0.36149999499320989 0.17156863212585452 4.5000000000000009 0.82209679484367382 5.5000000000000009 0.92440450191497814 2.5000000000000004 0.93129998445510875 0.34256964921951299 5.5000000000000009 4.5000000000000009 0.45312342047691351 0.46359138190746313 3.292700052261353 0.40197846293449407
decision_type=2 2 2 2 2 2 2 2 2 2 2 2 2 2 2 2 2 2 2 2 2 2 2 2 2 2 2 2 2 2
left_child=1 13 -3 -4 6 -6 -2 8 9 16 11 14 -12 18 20 -16 17 -8 24 -5 22 -14 -11 -24 25 26 27 28 -1 -30
right_child=4 2 3 19 5 -7 7 -9 -10 10 12 -13 21 -15 15 -17 -18 -19 -20 -21 -22 -23 23 -25 -26 -27 -28 -29 29 -31
leaf_value=0.026364461198663626 0.078317339745044956 -0.088295161340053302 -0.08788689676338747 0.075960630749197552 0.060877343412196819 -0.018429157627715454 -0.093845220155557088 -0.098751524016552655 -0.095022815157488894 0.080021271761797519 -0.09950022416689823 -0.098790501607442474 0.00051336465239665318 -0.084150770639566094 0.025656282139329429 -0.098336950354198649 0.074642318457663531 0.078209230541345279 0.09585576450190296 -0.025767437054625253 0.069439752930114632 0.082637568993547031 0.0094812967138152848 -0.095896418176698264 -0.011896499758839378 0.03348704003821331 -0.089166024564529281 -0.096386050257384739 -0.087907321988657638 0.04327702396075183
leaf_weight=21.75658003450372 4.087402996257878 10.879172367975118 2.004151108209042 3.7897678315639496 20.829726359108466 7.4232137778308234 1.895690701901912 5.7111968877725294 1.7735590357333411 2.0315572405234033 2.0235368236899367 6.3105919784866265 2.9081413159146878 3.0711735435761502 2.7978286573197684 2.9329501194879413 9.3795274533331376 1.708559602499008 1.9091311916708935 2.5525672348449007 6.2550953677855423 8.5846344651654363 5.8973564584739506 1.7327599581331012 83.562873568211216 23.690102204680443 4.162488709203898 2.544584155548363 4.5717671769671133 2.4193450217135251
leaf_count=133 11 221 42 9 55 17 14 31 39 10 13 73 10 73 12 50 19 2 2 14 29 21 39 58 774 170 134 41 70 13
internal_value=-2.52555e-10 -0.00917154 -0.0475727 0.00550668 0.0162368 0.0400403 0.00605177 0.00128322 0.0114433 0.0149106 0.00376548 -0.0126401 0.0376999 -0.00417257 0.0124741 -0.0378021 0.0505117 -0.0122845 -0.0024741 0.0350187 0.0305759 0.0618568 0.00541489 -0.0144494 -0.00378955 0.00766435 -0.0095898 0.0009954 0.00961506 -0.0425097
internal_weight=261.197 166.914 19.2257 8.34649 94.2833 28.2529 66.0304 61.943 56.2318 54.4582 41.4745 27.9581 13.5163 147.688 21.6475 5.73078 12.9838 3.60425 144.617 6.34234 15.9168 11.4928 9.66167 7.63012 142.708 59.1449 35.4548 31.2923 28.7477 6.99111
internal_count=2199 1696 286 65 503 72 431 420 389 350 315 271 44 1410 198 62 35 16 1337 23 136 31 107 97 1335 561 391 257 216 83
is_linear=0
shrinkage=0.05


Tree=3
num_leaves=31
num_cat=0
split_feature=6 0 14 9 12 8 9 4 10 9 12 2 12 8 5 5 4 4 4 5 12 11 3 12 12 11 4 12 12 5
split_gain=18.3845 12.3906 14.5136 7.30825 11.9757 9.42541 7.17642 5.12857 11.8145 9.2703 9.40666 8.71057 8.25123 8.47804 8.03967 7.61459 7.58678 6.88119 13.7262 7.64475 7.05217 8.6632 6.47863 7.39925 19.6037 10.3625 12.8897 14.7773 9.30682 6.00095
threshold=0.91021579504013073 3.0259009599685673 42.500000000000007 0.17156863212585452 3.2982000112533574 0.33540739119052893 0.43167701363563543 0.073419854044914259 2.5000000000000004 0.48492678999900823 -0.93249997496604908 1.1986964941024782 3.8476999998092656 0.65768980979919445 0.04326263256371022 0.060068728402256973 0.11179734393954278 0.11913430318236352 0.15794007480144504 0.081772197037935271 4.4912600517272958 63.359998703002937 14.250000000000002 3.2560000419616704 2.546819925308228 70.055000305175795 0.6654411554336549 4.1575000286102304 2.4276499748229985 0.69095608592033397
decision_type=2 2 2 2 2 2 2 2 2 2 2 2 2 2 2 2 2 2 2 2 2 2 2 2 2 2 2 2 2 2
left_child=1 7 -3 4 -2 -5 -4 8 15 -10 -11 14 13 -12 -9 -1 -16 -18 -19 20 -20 -22 23 24 28 26 -25 -28 29 -21
right_child=3 2 6 5 -6 -7 -8 11 9 10 12 -13 -14 -15 16 -17 17 18 19 22 21 -23 -24 25 -26 -27 27 -29 -30 -31
leaf_value=0.00060645914695168102 -0.094070777787952087 -0.083023820344482371 -0.081946899752235847 0.054853325733917296 0.028203507963989446 0.013875659275333378 0.032039780795696526 -0.089170332112376641 -0.091860733055441124 -0.099257810658623852 0.045764206322124384 -0.093427745096550344 -0.093844847952861146 -0.096378815236058901 -0.090613832954619583 0.082250498654381221 0.05938984557309495 -0.094458419432272372 0.075211241271733745 -0.017746402033137199 0.043482508194598396 -0.099825517163496677 -0.076176803395586343 -0.092925244314018662 -0.092315943970279701 0.035288034381630334 -0.095703288197653447 0.081805836962461242 0.046921838427171632 0.0623918577994301
leaf_weight=4.5617405911907571 3.5971646001562458 11.480071665253492 1.7986880488460872 18.591852555982769 4.5170941296964884 57.226621058303863 5.9438194221584126 2.9169706609100094 3.0158374104648855 1.932624904904517 10.956977792549873 3.0076542757451525 1.4553805121686298 1.160088735690805 2.5337880258448413 7.6369596449658275 4.2349617094732812 4.1747652776539317 5.816099704243241 38.966709567001089 2.9547477662563324 1.6398504860699175 3.2275937125086775 4.2086064005270618 7.1240208637900642 21.102643085410818 1.7375744860619304 3.6048581954091787 7.6982248835265628 2.4850141480565062
leaf_count=43 42 221 42 81 13 367 23 53 52 21 38 54 31 18 77 27 15 88 19 399 14 10 69 73 134 105 26 7 28 9
internal_value=-3.13518e-10 -0.00957658 -0.0473442 0.0190973 -0.0260024 0.023924 0.00555915 -0.00467632 0.0135124 -0.0116525 0.00394847 -0.0094343 0.0186443 0.0321554 -0.00722657 0.0517195 -0.00508301 -0.00309433 -0.00562074 -0.00193285 0.038635 -0.00766532 -0.00661743 -0.00403471 -0.0148012 0.0157303 -0.0274817 0.0240727 -0.00356581 -0.0129421
internal_weight=251.309 167.376 19.2226 83.9327 8.11426 75.8185 7.74251 148.154 30.7196 18.5209 15.5051 117.434 13.5724 12.1171 114.426 12.1987 111.509 108.976 104.741 100.566 10.4107 4.5946 90.1552 86.9277 56.274 30.6537 9.55104 5.34243 49.1499 41.4517
internal_count=2199 1696 286 503 55 448 65 1410 230 160 108 1180 87 56 1126 70 1073 996 981 893 43 24 850 781 570 211 106 33 436 408
is_linear=0
shrinkage=0.05


Tree=4
num_leaves=31
num_cat=0
split_feature=6 0 8 8 8 9 5 11 9 4 4 2 10 8 8 0 9 15 12 4 10 5 5 5 14 8 12 8 7 8
split_gain=15.6768 10.6931 12.3094 8.27591 6.73762 18.9004 13.6288 15.6464 8.43096 7.31211 12.9031 6.92899 7.42062 6.60532 10.4152 7.05469 6.43277 6.46015 16.6803 9.79773 9.15244 7.05597 6.42725 10.3151 6.04318 5.61285 5.27571 6.64073 5.24983 5.1454
threshold=0.9942665994167329 3.1708689928054814 0.73439970612525951 0.2275044843554497 0.37289677560329443 0.47213622927665716 0.21863538026809695 71.370002746582045 0.59175083041191112 0.67095905542373668 0.6654411554336549 1.1158902645111086 3.5000000000000004 0.59672760963439953 0.42100037634372717 1.6086056828498843 0.66025641560554515 6.5000000000000009 0.14350000023841861 0.30613157153129583 11.500000000000002 0.10015673935413362 0.16845811158418658 0.69095608592033397 59.500000000000007 0.46163190901279455 4.5456001758575448 0.65224838256835949 7.5000000000000009 0.45312342047691351
decision_type=2 2 2 2 2 2 2 2 2 2 2 2 2 2 2 2 2 2 2 2 2 2 2 2 2 2 2 2 2 2
left_child=1 4 24 -2 11 6 7 25 13 10 16 -1 28 14 -7 22 -10 18 -18 20 21 26 -15 -24 -3 -6 27 -19 -13 -5
right_child=3 2 -4 29 5 8 -8 -9 9 -11 -12 12 -14 15 -16 -17 17 19 -20 -21 -22 -23 23 -25 -26 -27 -28 -29 -30 -31
leaf_value=0.013634151827812781 -0.081776045131725608 -0.079455245098118077 0.025254328145828137 0.037539956580751571 0.034058591784494968 0.029472429457378747 -0.08718819861973709 -0.085114165444127463 -0.086958208137258103 -0.095884531786811472 0.095376029705624532 -0.087526617490874203 -0.089771811437230231 0.049655162178958379 -0.08588177988004736 0.073660133818392218 0.082525362408018554 -0.087450677437394125 -0.091504827006572809 -0.094031377303599784 0.052249225632859213 -0.084459779189683476 -0.092535429003100467 0.046346197756966377 0.042129215401681866 -0.083426930265249846 0.080444245914176746 0.0087532221637957493 0.087352482890703576 0.0071049817469348775
leaf_weight=62.051410468062386 1.8543738182634104 11.950168803101407 4.7056131120771161 35.174043326172978 8.9364079125225562 5.2026159428060073 11.896855680271981 5.346619800431653 2.8333538435399523 2.440553441643714 2.8741468279622486 0.62909562513232109 3.4354489576071501 5.7800259226933139 3.1364240786060691 8.4532996974885446 1.8112515248358239 2.1820548314135619 5.7413355782628059 2.4143047418911001 8.9269885593093914 2.698116249870508 2.8057745858095586 2.5539559833705425 1.1175734635908146 1.1471059583127488 1.9363093683496106 10.080996214412151 1.3502522706985474 22.946852881927043
leaf_count=411 43 260 26 197 35 14 284 104 54 34 4 17 59 30 57 15 4 57 95 34 23 100 53 4 9 23 4 52 1 96
internal_value=6.75877e-11 -0.00722099 -0.0440876 0.0222062 -0.00328949 -0.0115802 -0.0469747 -0.0159695 0.00187749 -0.0117764 -0.00682994 0.00890071 -0.0453426 0.0233561 -0.0139138 0.0392186 -0.0144353 -0.00869417 -0.0497691 0.00229151 0.0112966 -0.0103387 0.0130829 -0.0263572 -0.0690572 0.0206934 0.00374552 -0.00836504 0.0317707 0.0255238
internal_weight=244.413 184.438 17.7734 59.9753 166.665 99.1985 27.327 15.4301 71.8715 43.9394 41.4989 67.4662 5.4148 27.9321 8.33904 19.5931 38.6247 35.7914 7.55259 28.2388 25.8245 16.8975 11.1398 5.35973 13.0677 10.0835 14.1994 12.2631 1.97935 58.1209
internal_count=2199 1863 295 336 1568 1080 446 162 634 461 427 488 77 173 71 102 423 369 99 270 236 213 87 57 269 58 113 109 18 293
is_linear=0
shrinkage=0.05


Tree=5
num_leaves=31
num_cat=0
split_feature=6 0 14 9 5 5 8 4 4 12 4 10 11 4 1 4 0 8 8 9 10 9 10 5 10 11 12 5 5 14
split_gain=14.4631 9.72725 10.6389 5.15558 5.10475 6.01809 4.93234 4.53975 7.38464 9.58341 5.46968 5.34967 9.13398 7.9333 4.77615 4.57294 8.13926 7.05942 11.7498 4.55962 4.48387 7.86385 5.34775 5.44593 8.26875 6.73178 10.8315 9.29237 7.46548 10.3664
threshold=0.90691065788269054 3.0259009599685673 42.500000000000007 0.43167701363563543 0.70396453142166149 0.69095608592033397 0.16610974073410037 0.61460688710212719 0.72243529558181774 -4.1831998825073233 0.7607693374156953 3.5000000000000004 29.570000648498539 0.97669050097465526 0.71161705255508434 0.95061039924621593 0.47953957319259649 0.64677500724792492 0.50105932354927074 0.20942982286214831 11.500000000000002 0.57417583465576183 9.5000000000000018 0.081772197037935271 1.5000000000000002 82.544998168945327 0.24430000036954883 0.16845811158418658 0.49870465695858007 23.500000000000004
decision_type=2 2 2 2 2 2 2 2 2 2 2 2 2 2 2 2 2 2 2 2 2 2 2 2 2 2 2 2 2 2
left_child=1 4 -3 -4 5 20 -2 -8 9 -9 -10 12 -12 14 -13 17 -17 18 19 -16 22 -22 23 24 -1 28 27 -27 -25 -30
right_child=6 2 3 -5 -6 -7 7 8 10 -11 11 13 -14 -15 15 16 -18 -19 -20 -21 21 -23 -24 25 -26 26 -28 -29 29 -31
leaf_value=-0.072001688732752464 -0.078411051348289462 -0.076539082898244237 -0.075694097627164905 0.025283890570090985 -0.099027166134728686 0.084828706750243094 0.045356975510079389 0.050188827776469561 0.064664041714661807 -0.090354527377885255 0.040500323244543147 -0.084950643418693267 -0.030701296529476049 0.075570464171513058 -0.090008889634845365 -0.096341962153067756 0.018511550645027689 0.084583492028737273 -0.095432362365317713 0.033894005615711049 -0.084959966787442012 0.026362655046439122 -0.086434268214538604 -0.012939805495769197 0.015909229534167412 0.05227126132339547 -0.07491507665172463 -0.050289255946592296 -0.082553363524604406 0.077447857392356489
leaf_weight=2.9145777756348243 1.3480378985404957 10.415264904848302 1.6336755324155081 5.5868700975552201 1.4185320110991586 1.8934626504778851 12.838162524625657 1.8294265195727346 5.6614269427955142 3.5994024649262419 6.685239931568506 1.1702991439960886 13.806373464874921 6.2758741900324813 0.77581833302976022 2.2376080341637126 4.9658370204269886 4.5211698410566887 2.1359292939305297 17.297526268288493 1.7363675441592956 18.365806366549805 2.1820587432011953 46.336319708265364 32.515767236705869 4.3541838722303527 10.47441654326394 4.4818379422649741 1.2684274800121773 5.0139040686190128
leaf_count=67 23 221 42 21 7 2 37 5 18 59 23 29 168 10 9 23 16 21 16 65 29 97 55 559 217 15 247 55 35 8
internal_value=-5.563e-10 -0.00931261 -0.0442042 0.00243724 -0.00468444 -0.00366702 0.0164701 0.0179964 0.0130464 -0.0429937 0.0176889 0.0132469 -0.00747229 0.0240283 0.0142569 0.0178926 -0.0171654 0.0281043 0.0154689 0.0285753 -0.00495952 0.0167469 -0.00894291 -0.00736791 0.00867748 -0.0152714 -0.0405212 0.000250156 -0.00600509 0.045143
internal_weight=235.74 150.591 17.6358 7.22055 132.956 131.537 85.1481 83.8001 70.9619 5.42883 65.5331 59.8717 20.4916 39.3801 33.1042 31.9339 7.20345 24.7304 20.2093 18.0733 129.644 20.1022 109.541 107.359 35.4303 71.9291 19.3104 8.83602 52.6187 6.28233
internal_count=2199 1677 284 63 1393 1386 522 499 462 64 398 380 191 189 179 150 39 111 90 74 1384 126 1258 1203 284 919 317 70 602 43
is_linear=0
shrinkage=0.05


Tree=6
num_leaves=31
num_cat=0
split_feature=6 0 8 4 6 8 15 12 5 4 13 5 5 5 9 13 10 8 8 10 8 10 11 5 5 5 14 8 12 4
split_gain=11.466 8.82051 9.92717 5.01609 4.19513 4.15497 4.11306 4.03786 4.7069 6.00568 4.85312 11.7329 9.07477 8.39295 5.48598 5.39752 4.94583 4.56518 7.17044 3.97717 5.17196 8.36119 7.45542 13.0671 11.479 5.55946 5.3861 5.24562 5.16427 8.76433
threshold=0.90691065788269054 3.0259009599685673 0.73439970612525951 0.35536065697669988 0.88463783264160167 0.16610974073410037 11.500000000000002 -2.6956999301910396 0.49870465695858007 0.51431426405906688 1.5000000000000002 0.34342093765735632 0.29587541520595556 0.16845811158418658 0.064583335071802153 2.5000000000000004 1.0000000180025095e-35 0.39986886084079748 0.39543107151985174 11.500000000000002 0.67872512340545665 2.5000000000000004 36.109998703002937 0.069838039577007308 0.41240409016609197 0.053315130993723876 12.500000000000002 0.65224838256835949 4.462059974670411 0.29401268064975744
decision_type=2 2 2 2 2 2 2 2 2 2 2 2 2 2 2 2 2 2 2 2 2 2 2 2 2 2 2 2 2 2
left_child=1 4 -3 -4 7 -2 -6 -1 10 -10 14 12 13 15 -9 17 -16 18 -12 20 22 -22 26 25 -25 27 -18 -24 -21 -30
right_child=5 2 3 -5 6 -7 -8 8 9 -11 11 -13 -14 -15 16 -17 19 -19 -20 28 21 -23 23 24 -26 -27 -28 -29 29 -31
leaf_value=-0.083080570633487144 -0.075046416681118833 -0.065351472224111279 -0.085324164828074034 0.046748869862442526 -0.07859135352616059 0.016344296325696464 0.075069096935832927 0.085450561968109212 -0.080125545132210596 0.044649398613571242 -0.084476252179384384 -0.083256659482278617 0.046109357731438289 -0.080050612030921994 -0.082782411105906506 0.0085720550381761292 0.063845069458161707 -0.08056643072768678 0.079641125923090375 0.039749788730139277 0.055650552714984217 -0.080139801655580489 -0.083695866609917721 -0.080692125347012894 0.0012617485771433748 0.054951561917048419 -0.0039925373196279812 0.010625251436144581 -0.093550324621435713 0.035570849509119561
leaf_weight=1.5325096361339081 1.263063128106295 12.451177749317141 0.89416139200329681 3.6680924370884895 3.1072507305070753 80.987666877917945 0.50647729262709607 1.974253725260495 1.0798842459917057 9.016179309692232 1.2266544327139917 5.9354918226599684 6.4902750980108967 4.7527975654229513 1.7206708639860142 16.09815830620937 4.7662624698132259 3.8145241308957338 1.4549566507339478 13.182750353589656 6.7151496168225986 1.3638715171255169 1.9220220595598236 11.734015777939932 6.7195523967966428 5.1257325103506437 7.5782538829371333 6.3248070543631911 2.2545200930908313 3.1509759894106537
leaf_count=16 23 258 14 12 94 499 2 3 28 45 41 114 33 85 51 102 8 89 1 41 19 31 45 308 51 23 68 33 40 22
internal_value=-8.28398e-10 -0.00838487 -0.0422323 0.0208637 -0.00393971 0.0149409 -0.0570553 -0.00241554 -0.00142182 0.0313034 -0.00431228 -0.0184158 -0.00704189 -0.0196563 0.00321376 -0.00695207 0.000976169 -0.0454226 0.0045686 0.00301069 -0.00405577 0.0327269 -0.0107835 -0.0235769 -0.05085 0.014059 0.0221998 -0.0113574 0.0228738 -0.0182829
internal_weight=228.812 146.561 17.0134 4.56225 129.548 82.2507 3.61373 125.934 124.402 10.0961 114.306 39.7729 33.8374 27.3471 74.5328 22.5943 72.5586 6.49614 2.68161 70.8379 52.2497 8.07902 44.1706 31.8261 18.4536 13.3726 12.3445 8.24683 18.5882 5.4055
internal_count=2199 1677 284 26 1393 522 96 1297 1281 73 1208 465 351 318 743 233 740 131 42 689 586 50 536 460 359 101 76 78 103 62
is_linear=0
shrinkage=0.05


Tree=7
num_leaves=31
num_cat=0
split_feature=6 0 14 8 0 15 6 4 13 11 11 11 12 4 13 12 8 12 12 2 9 10 4 11 11 9 5 12 12 8
split_gain=10.2304 8.18111 8.30585 4.51347 4.37521 3.87591 3.7237 3.76037 3.46707 6.24082 7.45003 7.09208 6.09549 4.97565 4.89284 4.32177 12.3661 4.20139 5.1225 4.08099 3.6682 6.9092 8.87921 6.20673 4.31984 3.61524 3.4419 3.23768 5.30696 3.20855
threshold=0.90691065788269054 3.0259009599685673 42.500000000000007 0.75472995638847362 3.8030340671539311 2.5000000000000004 0.88463783264160167 0.82209679484367382 1.5000000000000002 80.26999664306642 163.50000000000003 49.995000839233406 2.5276999473571782 0.19397783279418948 2.5000000000000004 1.5131499767303469 0.6274593472480775 1.5204700231552126 1.7109000086784365 0.98629987239837658 0.59175083041191112 11.500000000000002 0.073419854044914259 46.454999923706062 29.500000000000004 0.057565789669752128 0.053315130993723876 4.5456001758575448 2.9830600023269658 0.50218883156776439
decision_type=2 2 2 2 2 2 2 2 2 2 2 2 2 2 2 2 2 2 2 2 2 2 2 2 2 2 2 2 2 2
left_child=1 6 -3 4 -4 -2 7 8 15 11 -11 25 -13 -12 -14 16 -1 -17 -19 -16 23 22 27 24 -20 -10 -25 28 -22 -23
right_child=5 2 3 -5 -6 -7 -8 -9 9 10 13 12 14 -15 19 17 -18 18 20 -21 21 29 -24 26 -26 -27 -28 -29 -30 -31
leaf_value=-0.082639482823639518 -0.080992220060706319 -0.07157920081881021 0.074290990726807019 0.049160329531405859 -0.061409273545715397 0.015444997843845707 -0.056523142847376841 0.045441058737352588 3.9212201770619068e-09 -0.07663075661633488 0.038433388307447018 -0.078756792007220355 0.046691210006731362 -0.080479452526074233 0.0072557562243930965 0.081652457292895886 0.0071898907805371245 -0.082750912193702897 0.0080703676221163725 -0.08013163157638506 0.02834818845287583 0.00062030454024874311 -0.075047871864778848 -0.081855410375066828 -0.082804545513086983 -0.078476149028625861 0.051139292250664485 0.065816888241773355 -0.085702048622295399 0.044023250390813985
leaf_weight=5.409788845106962 1.0555588877759863 9.465378515422346 0.74088066816329901 2.8349983729422092 2.9958892683498561 80.498060578480363 3.2599790967069557 3.9781931089237323 2.2800802588462856 7.4767074482515437 3.1705348952673376 1.8470206162892306 8.1582082053646463 1.2175019038841126 13.058072044514118 1.9020804651081551 13.129440074786542 1.5769548155367363 12.702477050945165 1.4882747065275896 2.7838253257796186 12.037286799401047 6.1161412852816284 0.50547989457845588 1.4578201994299878 4.1183900181204081 12.946189240552483 1.8233023108914492 1.6098128743469713 6.5887233563698819
leaf_count=130 32 221 1 5 57 490 96 9 4 198 14 37 37 23 56 3 103 54 56 28 17 75 192 9 46 107 45 5 34 15
internal_value=-5.37004e-10 -0.00789341 -0.0415965 0.00158783 -0.0345043 0.0141968 -0.00375614 -0.00240572 -0.00394817 -0.0154463 -0.0462779 -0.003627 0.00859169 0.00543991 0.0156975 0.00216047 -0.0190225 0.00848949 0.00617584 -0.00168508 0.00857008 -0.00324697 -0.0322748 0.0218196 -0.00128532 -0.0505114 0.0461417 0.00980486 -0.0134394 0.0159736
internal_weight=228.233 146.679 16.0371 6.57177 3.73677 81.5536 130.642 127.382 123.404 42.8148 11.8647 30.95 24.5516 4.38804 22.7046 80.5893 18.5392 62.0501 60.148 14.5463 58.5711 30.9591 12.3331 27.612 14.1603 6.39847 13.4517 6.21694 4.39364 18.626
internal_count=2199 1677 284 63 58 522 1393 1297 1288 504 235 269 158 37 121 784 233 551 548 84 494 338 248 156 102 111 54 56 51 90
is_linear=0
shrinkage=0.05


Tree=8
num_leaves=31
num_cat=0
split_feature=6 0 8 8 4 14 4 4 11 4 0 5 12 5 4 4 10 11 4 0 3 6 14 4 12 5 15 11 2 8
split_gain=8.30114 7.22727 7.94313 3.45624 3.36867 3.3363 3.29218 4.68996 4.47921 7.43518 4.0156 3.34757 6.73589 9.16182 4.14255 4.13512 3.62528 7.10673 6.97251 3.873 3.29663 3.27457 3.22692 3.20693 3.10382 3.58835 2.96517 2.94653 7.22748 2.80777
threshold=0.90691065788269054 3.0259009599685673 0.73439970612525951 0.16610974073410037 0.35536065697669988 59.500000000000007 0.61460688710212719 0.6654411554336549 57.534999847412116 0.56067425012588512 1.8731246590614321 0.101379182189703 -3.4264999628067012 0.20593944191932681 0.72243529558181774 0.7607693374156953 3.5000000000000004 29.570000648498539 0.97669050097465526 2.4826741218566899 9.7500000000000018 0.88463783264160167 20.500000000000004 0.97506180405616771 -2.6956999301910396 0.5981651544570924 11.500000000000002 40.795000076293952 1.1928532123565676 0.41461125016212469
decision_type=2 2 2 2 2 2 2 2 2 2 2 2 2 2 2 2 2 2 2 2 2 2 2 2 2 2 2 2 2 2
left_child=1 21 5 -2 -4 -3 8 -8 -5 -10 -11 -9 -13 -14 -15 -16 17 -17 19 22 23 24 -18 -19 -1 29 -23 -24 -29 -26
right_child=3 2 4 6 -6 -7 7 11 9 10 -12 12 13 14 15 16 18 20 -20 -21 -22 26 27 -25 25 -27 -28 28 -30 -31
leaf_value=-0.078120138251402529 -0.072058751770669976 -0.06972276517621577 -0.079451319200975368 0.074061476388863207 0.042366031932382517 0.028031999927826623 -0.083484032159999236 -0.087819997164098274 -0.090089987236121188 0.077108605196251651 -0.0029817039920267832 0.08476531878537269 -0.094887920863397646 -0.085316621324637798 0.057734576759245974 0.036205820660659416 -0.081822672299837723 -0.0053555124674291681 0.069841733652654156 -0.080641682753705313 -0.083446711994285327 -0.07399467075637399 0.07279329099669285 -0.081229133116746718 0.0041535286062598141 0.048808935922818951 0.067774513556360688 0.01931986788177387 -0.088604748249025173 -0.01124591880863713
leaf_weight=1.3293727263808239 1.1840231381356705 10.250423233257603 0.6873842785134906 5.022786542773245 3.2544990740716457 0.95406808936968523 1.3265621224418271 0.83819308876991172 1.4170524235814808 3.1051919460296631 3.155446968972683 3.0925667211413304 2.0460562575608554 1.0590160526335228 5.0478680860251179 6.5293280901387361 0.85496762767434731 9.5430059800855798 5.8788720816373816 1.1313865138217796 2.1954769305884829 2.6543867159634824 2.1626571640372303 1.6306378720328201 65.908478782046586 3.4708560183644286 0.42834889143705357 22.48517431225628 1.6662180125713337 53.730869490420446
leaf_count=16 23 250 14 6 12 8 38 8 19 2 10 5 24 15 15 23 17 50 10 28 50 94 6 68 504 15 2 65 40 762
internal_value=-1.20135e-10 -0.00726858 -0.0399222 0.0127438 0.0211236 -0.0613989 0.013996 0.00960106 0.0373499 0.0133329 0.036742 0.0114675 0.0127415 0.00916222 0.0126995 0.0144551 0.0104152 -0.0065517 0.020293 0.0100002 -0.027434 -0.00339016 0.0137748 -0.0164282 -0.00212908 -0.00130851 -0.0542957 0.0168808 0.0118741 -0.00276247
internal_weight=224.041 142.669 15.1464 81.3725 3.94188 11.2045 80.1885 67.488 12.7005 7.67769 6.26064 66.1614 65.3232 62.2307 60.1846 59.1256 54.0777 19.8984 34.1793 28.3004 13.3691 127.522 27.169 11.1736 124.44 123.11 3.08274 26.314 24.1514 119.639
internal_count=2199 1677 284 522 26 258 499 462 37 31 12 424 416 411 387 372 357 191 166 156 168 1393 128 118 1297 1281 96 111 105 1266
is_linear=0
shrinkage=0.05


Tree=9
num_leaves=31
num_cat=0
split_feature=6 0 14 8 0 6 8 4 4 13 7 11 11 11 4 0 2 10 15 8 9 12 5 11 12 5 8 9 7 8
split_gain=7.99956 6.7401 6.79816 3.67579 3.60157 3.03582 2.97898 3.62565 4.40083 2.83471 8.37117 3.50075 7.14761 2.81365 5.37999 2.99657 2.76797 4.13795 3.31017 2.76278 4.03338 3.23146 4.24828 5.09534 2.7174 3.3416 2.75354 6.03449 8.81019 6.15992
threshold=0.90691065788269054 3.0259009599685673 42.500000000000007 0.75472995638847362 3.8030340671539311 0.88463783264160167 0.16610974073410037 0.61460688710212719 0.6654411554336549 2.5000000000000004 9.5000000000000018 42.034999847412116 63.334999084472663 57.534999847412116 0.56067425012588512 1.8731246590614321 0.99004733562469494 6.5000000000000009 4.5000000000000009 0.33540739119052893 0.29520697891712194 0.93129998445510875 0.44923661649227148 29.500000000000004 -2.6956999301910396 0.5981651544570924 0.41461125016212469 0.48492678999900823 23.500000000000004 0.50218883156776439
decision_type=2 2 2 2 2 2 2 2 2 2 2 2 2 2 2 2 2 2 2 2 2 2 2 2 2 2 2 2 2 2
left_child=1 5 -3 4 -4 24 -2 13 -9 10 19 -11 -13 -8 -15 -16 17 18 -14 20 -10 -21 -23 -24 -1 26 -26 28 -28 -29
right_child=6 2 3 -5 -6 -7 7 8 9 11 -12 12 16 14 15 -17 -18 -19 -20 21 -22 22 23 -25 25 -27 27 29 -30 -31
leaf_value=-0.075987311673369473 -0.06936401845929506 -0.067986184696559662 0.071191224570559916 0.046644186360153689 -0.058498202389321644 -0.053740677351769253 0.068391751586361474 -0.078343421581202041 -0.0073579407781413008 0.071108482730057071 -0.081805999293740772 -0.080622317903959739 0.0056006046801136376 -0.084028477438568117 0.073410297244773354 0.0050595475064142241 0.048842088955429047 0.040007105991255454 -0.083306268320831711 0.017942303927724564 0.069151494141438841 0.011876224090130991 0.0040509943716709627 -0.080155754216400768 0.0039529284549686197 0.047299830296710393 -0.073363660196370459 -0.078365838073154434 0.01487189781749154 0.0027328273384468436
leaf_weight=1.2368937246501435 1.0897092055529345 8.5450340709649009 0.66797405481338445 2.5734997391700745 2.6958595609758049 2.9296349957585326 4.8525732569396478 1.4047682210803021 2.9387911814264944 3.5320370718836811 2.6967109218239775 1.7097885962575698 2.9760029315948504 1.0744279734790323 2.9955284595489502 3.4507390502840281 7.7137437891215077 5.0192031376063824 1.6151215853169558 16.957495095208291 4.1623505502939224 7.7089381143450719 3.3230903297662735 3.9104830059222877 65.914613898843527 3.410062330774962 7.9534253734163922 2.4913851167075327 4.3908589966595173 38.910668166354299
leaf_count=16 23 221 1 5 57 96 6 38 13 4 69 36 4 19 2 10 29 7 29 77 6 15 18 117 504 15 223 94 43 402
internal_value=6.97591e-10 -0.0071107 -0.039431 0.00166569 -0.0327451 -0.00343195 0.0127348 0.0138812 0.00920318 0.0111169 0.00339168 0.0253917 0.0169083 0.0387089 0.0195566 0.0368216 0.026534 0.00862837 -0.0256761 0.00928262 0.0374882 0.00300388 -0.013949 -0.0414713 -0.0022463 -0.00150518 -0.00289601 -0.0112956 -0.0419783 -0.00214732
internal_weight=220.851 141.72 14.4824 5.93733 3.36383 127.238 79.1315 78.0418 65.6685 64.2638 41.6979 22.5659 19.0339 12.3733 7.5207 6.44627 17.3241 9.61033 4.59112 39.0011 7.10114 31.9 14.9425 7.23357 124.308 123.071 119.661 53.7463 12.3443 41.4021
internal_count=2199 1677 284 63 58 1393 522 499 462 424 315 109 105 37 31 12 69 40 33 246 19 227 150 135 1297 1281 1266 762 266 496
is_linear=0
shrinkage=0.05


Tree=10
num_leaves=31
num_cat=0
split_feature=6 0 8 3 6 14 15 4 4 12 5 12 12 12 4 9 12 4 8 7 12 12 8 9 6 11 12 5 4 13
split_gain=7.28579 5.92116 6.24852 2.92877 2.79674 2.7872 2.70886 2.64894 3.98224 5.52315 3.15506 3.08834 6.01588 3.71398 3.54897 3.1319 2.96115 3.02272 2.95906 3.3913 2.8133 4.85501 2.82653 4.99591 4.08099 2.61751 2.33517 3.0102 4.28916 3.63162
threshold=0.90691065788269054 3.0259009599685673 0.73439970612525951 16.750000000000004 0.88463783264160167 59.500000000000007 2.5000000000000004 0.61460688710212719 0.72243529558181774 -4.1831998825073233 0.11129649728536607 3.8135598897933964 3.2802000045776372 4.0298099517822275 0.79611951112747203 0.17156863212585452 3.2982000112533574 0.5796048939228059 0.31504797935485845 9.5000000000000018 -2.9502000808715816 -0.51157498359680165 0.64677500724792492 0.36939570307731634 0.9942665994167329 74.129997253417983 -2.6956999301910396 0.49870465695858007 0.51431426405906688 1.5000000000000002
decision_type=2 2 2 2 2 2 2 2 2 2 2 2 2 2 2 2 2 2 2 2 2 2 2 2 2 2 2 2 2 2
left_child=1 4 5 -4 26 -3 -2 10 9 -9 16 12 15 -13 -15 -10 17 -8 25 20 -20 -22 23 24 -23 -17 -1 29 -29 -28
right_child=6 2 3 -5 -6 -7 7 8 11 -11 -12 13 -14 14 -16 18 -18 -19 19 -21 21 22 -24 -25 -26 -27 27 28 -30 -31
leaf_value=-0.073745568717533058 -0.075046182420033899 -0.066131389540639948 -0.026023502984307348 0.063838877342478978 -0.052065353441622567 0.02845184475851267 -0.077123654587321303 0.039355362707505108 -0.07548229664078912 -0.077087593563794604 0.063973063158674681 0.059766778817671534 -0.07924135837392865 0.061555010373122644 -8.2111123048044414e-06 0.016734957029992364 0.05409814618793686 0.014154901888779658 0.052859450725926682 -0.077154039014303705 -0.08592056460484461 -0.074736200827385524 0.053877542301299701 -0.081348996731678877 0.016564860253813984 0.069036780198866665 0.0023865677961001186 -0.073854814297189875 0.037335880811160641 -0.016737377710405045
leaf_weight=1.1320533081889141 0.87636683415621419 9.2574030696414376 1.8372910069301716 1.7901740781962872 2.88502397481352 0.85045310622081238 1.2820684555917958 1.5686922147870062 1.0626116041094054 2.9027637690305701 5.2458547838032246 6.4938585609197643 2.0310068633407345 3.0144543275237075 10.47843226790428 7.6765587925910932 2.6893774382770061 3.1001502275466919 2.8595234826207152 1.2816369822248805 1.5248469421640063 1.345133263152104 2.7320397226139894 1.7330070501193393 13.582421844825149 3.4751101117581129 76.08890394307673 0.96817909460514684 8.3249203162267786 36.846241841325536
leaf_count=16 32 250 23 3 96 8 26 5 31 59 8 16 40 6 41 14 6 3 7 43 19 42 9 31 78 6 743 28 45 465
internal_value=-5.3878e-10 -0.00679406 -0.0379706 0.0183241 -0.00340209 -0.0581734 0.0123582 0.013365 0.00926437 -0.0362367 0.0345922 0.0126959 0.00455835 0.0286983 0.0137457 0.00912461 0.0127969 -0.0125497 0.0116074 0.00207241 0.00634291 -1.61463e-05 0.00673855 -0.00099142 0.00833765 0.0330334 -0.00226401 -0.00160196 0.0257517 -0.00385281
internal_weight=216.937 139.981 13.7353 3.62747 126.245 10.1079 76.9559 76.0795 63.7621 4.47146 12.3175 59.2906 39.3039 19.9867 13.4929 37.2729 7.0716 4.38222 36.2103 25.0586 23.777 20.9174 19.3926 16.6606 14.9276 11.1517 123.36 122.228 9.2931 112.935
internal_count=2199 1677 284 26 1393 258 522 490 447 64 43 383 320 63 47 280 35 29 249 229 186 179 160 151 120 20 1297 1281 73 1208
is_linear=0
shrinkage=0.05


Tree=11
num_leaves=31
num_cat=0
split_feature=6 0 11 9 4 4 4 12 13 7 2 10 4 7 5 8 5 8 13 11 10 0 12 7 10 12 14 7 10 12
split_gain=6.82308 5.32991 5.7963 3.20437 2.42451 2.32059 3.43854 4.87752 3.44335 5.52406 2.84678 2.33789 3.58449 2.31194 7.3625 3.4186 2.23654 3.08261 5.28777 5.93517 3.91913 8.7614 6.98958 4.95065 3.85274 3.81677 3.88111 2.60423 2.41509 2.4035
threshold=0.9077114760875703 3.0259009599685673 198.38499450683597 0.43167701363563543 0.8361022174358369 0.61460688710212719 0.72243529558181774 -4.1831998825073233 2.5000000000000004 9.5000000000000018 0.9828476905822755 3.5000000000000004 0.97669050097465526 15.500000000000002 0.49187669157981878 0.35763992369174963 0.5981651544570924 0.41461125016212469 1.5000000000000002 163.50000000000003 11.500000000000002 0.86964669823646557 -0.77144998311996449 4.5000000000000009 9.5000000000000018 4.5456001758575448 34.500000000000007 9.5000000000000018 8.5000000000000018 -1.0000000180025095e-35
decision_type=2 2 2 2 2 2 2 2 2 2 2 2 2 2 2 2 2 2 2 2 2 2 2 2 2 2 2 2 2 2
left_child=1 4 -3 -4 16 10 7 -7 9 11 -2 -8 -13 14 -10 -16 17 -1 20 -20 21 25 28 -22 -21 26 29 -25 -23 -19
right_child=5 2 3 -5 -6 6 8 -9 13 -11 -12 12 -14 -15 15 -17 -18 18 19 24 23 22 -24 27 -26 -27 -28 -29 -30 -31
leaf_value=0.0033263158533004566 0.0046271181712443862 -0.061710634300139511 -0.062933204984034652 0.031752984565893178 -0.068054739343414758 0.037757210966019042 -0.0052728203583401459 -0.073410087544557218 -0.076931759352302759 -0.07466667194469509 0.053601805001762676 0.0095487665632335104 0.065128256122923125 0.059788880718501858 0.0093607654793485678 0.065478854177442994 0.0366794217977469 -0.072980726760833489 -0.069905515740733087 0.033764372410858202 -0.092995820510174965 -0.073592076135139337 -0.073018928025598145 0.071732909357171803 -0.077206335614087032 0.0617981926574451 -0.072142737760854184 0.014963157600402947 0.018581640444601109 0.011981636236979379
leaf_weight=69.455109816044569 5.2070650523528439 8.3746595880947989 1.1988989114761341 3.5080466456711292 1.4278326993808139 1.5205517411231992 17.071544699836522 2.8103807475417844 1.726946741342547 2.1390777481719843 6.898071825504303 14.866173730697485 3.604259204119443 4.7941171396523705 6.1535310298204404 4.8549630669876933 3.5348985977470866 0.88326367083937363 7.2946268869563919 3.0475011267699301 0.84565688343718548 0.86160222254692698 8.165256672073161 2.9929212331771833 1.0522094655316321 2.8305093245580784 1.7188266851007927 6.2154963314533234 4.0564339039847255 14.453971875365824
leaf_count=522 25 232 40 12 54 5 168 61 39 64 20 72 6 13 29 12 17 21 191 18 18 10 285 2 19 13 44 28 27 132
internal_value=1.22758e-10 -0.00635002 -0.0367589 0.00763561 -0.00326241 0.0125781 0.00852074 -0.0343802 0.0118861 0.00336933 0.0325352 0.00806589 0.0203944 0.0301934 0.0190525 0.0341099 -0.0025363 -0.00365537 -0.0125662 -0.0428524 -0.00454533 -0.0128787 -0.0446562 0.022782 0.00528323 0.00802755 -0.000895861 0.0334145 0.00243351 0.0070887
internal_weight=213.564 141.918 13.0816 4.70695 128.836 71.6467 59.5415 4.33093 55.2106 37.6811 12.1051 35.542 18.4704 17.5296 12.7354 11.0085 127.408 123.873 54.4183 11.3943 43.0239 32.9699 13.0833 10.0541 4.09971 19.8866 17.0561 9.20842 4.91804 15.3372
internal_count=2199 1685 284 52 1401 514 469 66 403 310 45 246 78 93 80 41 1347 1330 808 228 580 532 322 48 37 210 197 30 37 153
is_linear=0
shrinkage=0.05


Tree=12
num_leaves=31
num_cat=0
split_feature=6 0 8 6 8 4 4 11 5 12 5 4 4 10 4 11 0 5 3 12 8 4 15 8 0 5 15 15 4 4
split_gain=6.08518 4.89992 5.20066 2.28119 2.18752 2.50175 2.85582 2.38614 2.27879 2.95747 4.42309 2.29984 2.38955 2.41369 4.49812 4.3986 2.5979 2.24101 2.17253 2.17055 3.08942 2.12186 2.05741 1.97942 3.1096 1.94167 4.003 3.54305 4.25123 4.98705
threshold=0.90691065788269054 3.0259009599685673 0.75472995638847362 0.88463783264160167 0.16610974073410037 0.61460688710212719 0.6654411554336549 57.534999847412116 0.101379182189703 -3.4264999628067012 0.20593944191932681 0.72243529558181774 0.7607693374156953 3.5000000000000004 0.97669050097465526 29.570000648498539 2.4826741218566899 0.77010804414749157 9.7500000000000018 5.2520000934600839 0.65081954002380382 0.97506180405616771 11.500000000000002 0.64677500724792492 1.5851626992225649 0.49870465695858007 4.5000000000000009 5.5000000000000009 0.66892284154891979 0.68035656213760387
decision_type=2 2 2 2 2 2 2 2 2 2 2 2 2 2 2 2 2 2 2 2 2 2 2 2 2 2 2 2 2 2
left_child=1 3 19 25 -2 7 -7 -6 -8 -10 -11 -12 -13 15 16 17 23 -14 21 -3 -21 -17 -5 24 -15 -1 -27 -28 -29 -30
right_child=4 2 -4 22 5 6 8 -9 9 10 11 12 13 14 -16 18 -18 -19 -20 20 -22 -23 -24 -25 -26 26 27 28 29 -31
leaf_value=-0.0040392881109041932 -0.065120037068206946 -0.064035753810320714 0.023348805009150833 -0.065790209029853608 0.062634286800609382 -0.068972255978842642 -0.079197386335797024 0.015964267922678081 0.060125782994967562 -0.079795928734285315 -0.071974335526593949 0.048483830405618066 0.061137654246028628 0.012156810164440753 0.059897353993603977 -0.0052938121790887301 -0.072478599500525057 0.0013907815972121183 -0.073296811706417039 -0.070635494276381217 0.068638761224492806 -0.071997603925941497 0.062677141789268365 0.06381292192505067 -0.078297780121573957 -0.072093266921579469 0.066178815548623565 -0.075273267519902987 0.070370779926596433 -0.075277959527969382
leaf_weight=112.24402887304313 0.91738429665565391 8.0831205882132036 2.8477471843361846 2.340672036632895 4.4455015659332258 1.1658868100494135 0.70693258196115394 7.1338206110522151 2.9249211996793667 1.381711769849068 0.82681992650031944 4.1543473163619629 2.9213681668043163 21.987701068632319 5.2293206751346579 9.484784812666474 0.94200367154553433 3.391536152921617 1.7786068785935629 0.78707669582217821 0.80585071444511414 1.36362516414374 0.35952584072947491 1.7229604898020614 0.99304150231182475 1.0524861030280579 3.8851747587323171 1.2989879827946422 2.2703750953078274 0.79299834463745345
leaf_count=1220 23 243 20 94 6 38 8 31 5 24 15 15 6 105 10 50 28 17 50 19 2 68 2 7 16 25 7 28 3 14
internal_value=3.32456e-10 -0.00623474 -0.0360434 -0.00323003 0.0116059 0.012576 0.00853007 0.0338817 0.0100408 0.0111082 0.00855611 0.010784 0.0120518 0.00901355 0.0176337 -0.00503868 0.00901591 0.0290393 -0.022076 -0.0535231 -0.000177633 -0.0136784 -0.048685 0.0121235 0.0082481 -0.00222021 0.0197347 0.031453 0.000525793 0.0326675
internal_weight=210.24 136.768 12.5238 124.244 73.4723 72.5549 60.9756 11.5793 59.8097 59.1027 56.1778 54.7961 53.9693 49.8149 30.875 18.9399 25.6457 6.3129 12.627 9.67605 1.59293 10.8484 2.7002 24.7037 22.9807 121.544 9.30002 8.24754 4.36236 3.06337
internal_count=2199 1677 284 1393 522 499 462 37 424 416 411 387 372 357 166 191 156 23 168 264 21 118 96 128 121 1297 77 52 45 17
is_linear=0
shrinkage=0.05


Tree=13
num_leaves=31
num_cat=0
split_feature=6 0 14 12 0 15 4 5 10 5 5 8 8 6 3 11 14 9 10 12 11 12 5 15 10 5 5 2 5 12
split_gain=5.63735 4.44592 4.74681 2.65627 2.59247 2.04917 1.95673 1.96775 2.01164 4.43258 4.54001 3.79366 9.37705 6.50232 6.4616 5.97178 3.39155 3.57308 3.13447 3.73709 2.81991 2.67113 2.51328 2.25164 2.14479 3.53161 2.08226 6.73396 3.09829 2.84245
threshold=0.9077114760875703 3.0259009599685673 42.500000000000007 1.335600018501282 3.8030340671539311 2.5000000000000004 0.8361022174358369 0.5981651544570924 11.500000000000002 0.35545034706592565 0.34342093765735632 0.46012924611568456 0.56233462691307079 0.065136149525642409 6.7500000000000009 82.544998168945327 25.500000000000004 0.71130952239036571 2.5000000000000004 3.0426099300384526 82.125000000000014 4.8249599933624276 0.12241113930940629 11.500000000000002 1.5000000000000002 0.54775193333625805 0.36410985887050634 0.97552925348281871 0.41240409016609197 2.7290500402450566
decision_type=2 2 2 2 2 2 2 2 2 2 2 2 2 2 2 2 2 2 2 2 2 2 2 2 2 2 2 2 2 2
left_child=1 6 -3 -4 -5 -2 7 8 11 10 16 15 -13 18 24 20 -10 -18 -14 -20 26 -19 -23 -17 -15 -26 29 28 -28 -1
right_child=5 2 3 4 -6 -7 -8 -9 9 -11 -12 12 13 14 -16 23 17 21 19 -21 -22 22 -24 -25 25 -27 27 -29 -30 -31
leaf_value=0.032445786183418014 -0.070941654078307936 -0.062373121473209316 0.04152780430739967 0.066394996820421798 -0.055521320406713905 0.012590628051222158 -0.064464837252517268 0.035750407518961906 -0.085961958815380254 -0.08752634630459119 0.052363622392485765 -0.068625946141903107 0.052905830698473912 0.020950366609374962 -0.068853186842702613 -0.070650419777304824 -0.074248707773881789 0.041934311921630045 0.013188376838811702 -0.075841088822701311 0.066911882642790174 -0.090628887039787762 0.0054707267943747088 0.074881560484951454 -0.079226590541096792 0.053153681422141087 -0.085535917678301238 -0.076588506637551887 0.012373263176782265 0.0015307259839383884
leaf_weight=9.4748625778593105 0.74219527002423902 6.8004091286566091 2.2841755691915751 0.54344904422760043 2.2062791237840429 68.095400715246797 1.2849632846191514 3.2829650025814763 1.0506070666015208 1.0999711174517859 5.9462051987648001 7.6449897515121839 4.2153464658185866 4.6353514576330763 6.2162959943525493 3.5436451351270075 1.2247088463045646 5.3547313194721919 9.4153480622917396 1.3473886740393926 1.7649549953639496 0.76169193349778641 6.3715666318312287 0.28733038902282704 1.6082184985280039 0.73363709077239025 0.87621707934886117 3.287730310112237 10.379588479176162 34.538661097176373
leaf_count=63 32 221 6 1 56 482 54 17 16 17 7 281 21 22 178 120 30 13 64 45 3 19 23 1 38 3 38 83 43 202
internal_value=9.84098e-11 -0.00582359 -0.0351283 0.00167734 -0.0314261 0.01169 -0.00307876 -0.00244804 -0.00347781 0.0102807 0.0154756 -0.00647938 -0.019515 -0.00618763 -0.0317821 0.0007984 0.000618255 0.00725165 0.0163574 0.00204276 0.00464282 0.0152445 -0.00479082 -0.0597352 0.00124608 -0.0377556 0.00276598 -0.0136364 0.00475145 0.00818586
internal_weight=207.019 138.181 11.8343 5.0339 2.74973 68.8376 126.347 125.062 121.779 21.8095 20.7095 99.9696 35.8166 28.1716 13.1935 64.153 14.7633 13.7127 14.9781 10.7627 60.322 12.488 7.13326 3.83098 6.97721 2.34186 58.5571 14.5435 11.2558 44.0135
internal_count=2199 1685 284 63 57 514 1401 1347 1330 125 108 1205 652 371 241 553 101 85 130 109 432 55 42 121 63 41 429 164 81 265
is_linear=0
shrinkage=0.05


Tree=14
num_leaves=31
num_cat=0
split_feature=6 0 14 9 6 4 5 4 9 13 7 12 3 9 0 12 4 5 15 13 5 5 5 9 13 5 2 10 15 4
split_gain=4.70383 4.12001 4.4046 2.42707 2.07333 1.85547 2.55517 2.45745 3.76974 2.24449 4.63362 2.46148 3.95428 3.44791 2.24426 2.12067 2.50446 1.78374 3.26038 2.99582 5.49316 3.8693 5.38699 3.49659 3.43826 3.96882 6.70536 3.26848 2.78642 3.24645
threshold=0.90691065788269054 3.0259009599685673 42.500000000000007 0.43167701363563543 0.88463783264160167 0.61460688710212719 0.11129649728536607 0.72243529558181774 0.97413793206214916 2.5000000000000004 9.5000000000000018 3.8135598897933964 12.250000000000002 0.24499999731779101 0.47953957319259649 3.2982000112533574 0.5796048939228059 0.49870465695858007 4.5000000000000009 1.5000000000000002 0.34342093765735632 0.29587541520595556 0.16845811158418658 0.064583335071802153 2.5000000000000004 0.10233045369386674 0.83871760964393627 1.0000000180025095e-35 5.5000000000000009 0.66892284154891979
decision_type=2 2 2 2 2 2 2 2 2 2 2 2 2 2 2 2 2 2 2 2 2 2 2 2 2 2 2 2 2 2
left_child=1 4 -3 -4 17 6 15 8 -7 10 -9 12 -11 -13 -14 16 -2 19 -19 23 21 22 24 -1 -21 26 -26 -25 -20 -30
right_child=5 2 3 -5 -6 7 -8 9 -10 11 -12 13 14 -15 -16 -17 -18 18 28 20 -22 -23 -24 27 25 -27 -28 -29 29 -31
leaf_value=0.071170238336213984 -0.073053378605785882 -0.061476737625523185 -0.060785950080666812 0.021955883261602034 -0.049316315025671166 -0.068700316114266691 0.055888463849503814 0.0064105473850682481 0.033725501864968394 -0.072242773340321961 -0.071157644920180882 -0.0061864534188476698 0.063512106616106734 0.054048991954370677 -0.0014038797768423808 0.04574790993886671 0.011344617171059501 -0.068425919124490239 0.062957723145671995 -0.040707880663032027 -0.070165279009164291 0.026339272522671781 -0.069991276766529706 -0.073762164085201268 0.0079730349917918799 0.046982403226020972 -0.09030544188377887 0.0018993821252117544 -0.070301615712748913 0.030879312434575087
leaf_weight=1.7870079725980748 1.221475469879804 6.4642275273799878 1.1727401302196083 3.6283693709410727 2.3595496979542068 2.4852975718677035 4.9310803823173046 34.415722470963374 1.4068272635340693 1.4845453528687382 2.0393611267209044 3.2858795188367358 1.9211845397949217 8.5766101963818056 4.3369682747870684 2.4604207798838615 3.1350747346878052 0.92245372384786417 3.5882619060575962 5.6272596465423783 4.0794759709388009 6.3611966748721889 4.0684036179445675 1.4569049137644459 9.3863237500190717 4.120249117957429 2.1293031279928973 70.402284312527627 1.1126282704062762 2.7577455881983042
leaf_count=3 26 221 42 21 96 61 9 246 5 38 64 15 2 24 22 7 3 25 7 133 114 33 92 51 25 33 45 691 28 17
internal_value=9.5293e-10 -0.00562001 -0.0345326 0.001745 -0.00290935 0.0103013 0.0284714 0.00674075 -0.031678 0.00940807 0.00207125 0.0230506 0.00112134 0.0373639 0.0185246 0.00863909 -0.0123186 -0.00197981 0.0202512 -0.00368263 -0.0155536 -0.00852398 -0.0172788 0.00208345 -0.00719296 0.00486887 -0.0101992 0.000365387 0.0312184 0.00179252
internal_weight=203.125 131.424 11.2653 4.80111 120.159 71.7004 11.7481 59.9524 3.89212 56.0603 36.4551 19.6052 7.7427 11.8625 6.25815 6.81697 4.35655 117.799 8.38109 109.418 35.7722 31.6927 25.3315 73.6462 21.2631 15.6359 11.5156 71.8592 7.45864 3.87037
internal_count=2199 1677 284 63 1393 522 45 477 66 411 310 101 62 39 24 36 29 1297 77 1220 475 361 328 745 236 103 70 742 52 45
is_linear=0
shrinkage=0.05


Tree=15
num_leaves=31
num_cat=0
split_feature=6 0 8 4 6 6 11 9 3 8 9 11 10 12 14 11 11 10 9 10 5 5 5 3 15 2 15 10 7 12
split_gain=4.17016 3.81412 4.07363 2.30816 1.93156 4.53823 6.91793 2.50238 2.0589 3.62287 4.04934 4.12143 2.63464 2.43842 1.81362 1.70069 2.1509 1.69252 3.18376 3.11351 3.2119 7.78726 4.00783 2.93249 2.80693 6.70122 2.56504 6.88851 4.89348 3.0439
threshold=0.9077114760875703 3.0259009599685673 0.73439970612525951 0.35536065697669988 0.92766672372818004 0.97534465789794933 30.339999198913578 0.14642857760190967 10.750000000000002 0.45312342047691351 0.24499999731779101 96.330001831054702 6.5000000000000009 0.93129998445510875 59.500000000000007 49.729999542236335 83.540000915527358 11.500000000000002 0.57417583465576183 9.5000000000000018 0.1036842204630375 0.13822205364704135 0.10233045369386674 6.7500000000000009 5.5000000000000009 1.1871106028556826 4.5000000000000009 2.5000000000000004 7.5000000000000009 2.4458500146865849
decision_type=2 2 2 2 2 2 2 2 2 2 2 2 2 2 2 2 2 2 2 2 2 2 2 2 2 2 2 2 2 2
left_child=1 17 14 -4 -2 6 -6 -7 13 10 11 -10 -11 15 -3 -9 -17 19 -19 20 22 -22 -1 -20 26 -26 27 -23 -28 -29
right_child=4 2 3 -5 5 7 -8 8 9 12 -12 -13 -14 -15 -16 16 -18 18 23 -21 21 24 -24 -25 25 -27 28 29 -30 -31
leaf_value=0.0024484858686890459 0.034179009239874013 -0.060500436193576507 -0.073970226388709676 0.035472628006520429 0.0576821585543612 -0.066035298879560014 -0.073050772414220408 0.063154183035910638 -0.067931669782834089 -0.074214277536230069 0.045812082589787029 0.023827390715519006 0.0078492617619044698 -0.010997570311270856 0.027669594849274334 -0.085917208358179786 0.016105368223045181 -0.070368661129180443 0.0066638078235541067 -0.073789388218156046 -0.076712848455116528 -0.073551715137031098 0.071324012457764221 0.059308263628490759 -0.057669574242589089 0.011712318404620092 0.026855317687466698 0.013819703662769606 -0.071815967481481807 -0.030511634862506611
leaf_weight=41.726430232170969 7.4268444441258898 7.0416950094513577 0.59548746468499336 2.5225754417479038 1.3856602907180775 1.0250706453807641 3.7517479131929576 1.8398344996385301 1.731082871556288 1.3969580866396416 14.996016508899627 4.175491102039814 3.2615399602800608 14.290124614955856 0.63590460189152498 0.54057321278378268 11.656594282947479 1.1546483775600815 16.606304822489623 1.6322985535953183 4.3083928436972192 3.5848463191650835 2.2247371487319461 3.1464950267691156 7.5804259006399644 6.4340570354834199 12.796645280439405 14.311168874613942 1.3933578021824349 5.3084005131386212
leaf_count=381 37 250 14 12 3 31 91 9 57 38 68 6 6 122 8 12 34 29 78 55 111 130 4 19 230 67 91 96 49 61
internal_value=5.55187e-10 -0.00513637 -0.0336243 0.0145712 0.0101242 0.00714922 -0.0377895 0.0113535 0.0128256 0.0231141 0.0320006 -0.00306511 -0.0167594 0.00354169 -0.0531977 0.0183431 0.0115838 -0.0026198 0.0103324 -0.005293 -0.00417121 -0.0121431 0.00593485 0.0150497 -0.00673177 -0.0258163 0.000420629 -0.00981983 0.0171665 0.00182512
internal_weight=200.481 133.004 10.7957 3.11806 67.4775 60.0507 5.13741 54.9133 53.8882 25.5611 20.9026 5.90657 4.6585 28.3271 7.6776 14.037 12.1972 122.208 20.9074 101.301 99.6685 55.7173 43.9512 19.7528 51.4089 14.0145 37.3944 23.2044 14.19 19.6196
internal_count=2199 1685 284 26 514 477 94 383 352 175 131 63 44 177 258 55 46 1401 126 1275 1220 835 385 97 724 297 427 287 140 157
is_linear=0
shrinkage=0.05


Tree=16
num_leaves=31
num_cat=0
split_feature=6 0 8 4 6 8 4 4 11 11 8 12 5 10 13 10 11 0 3 5 3 9 10 5 9 9 10 5 11 5
split_gain=3.83283 3.50082 3.76366 2.0007 1.80647 1.66573 1.95474 2.07556 2.05063 1.73899 1.64007 1.53327 1.81894 2.69285 2.29534 5.45688 4.3702 4.2737 3.53379 3.3802 3.08381 2.95593 2.84065 2.53905 2.47661 2.27591 2.25629 2.16546 6.02957 4.55914
threshold=0.90691065788269054 3.0259009599685673 0.75472995638847362 0.35536065697669988 0.88463783264160167 0.16610974073410037 0.61460688710212719 0.6654411554336549 57.534999847412116 84.904998779296889 0.42587102949619299 -2.6956999301910396 0.49870465695858007 4.5000000000000009 1.5000000000000002 2.5000000000000004 57.120000839233406 0.47953957319259649 21.250000000000004 0.34342093765735632 14.250000000000002 0.064583335071802153 11.500000000000002 0.10233045369386674 0.20942982286214831 0.064583335071802153 1.0000000180025095e-35 0.069838039577007308 97.11999893188478 0.053315130993723876
decision_type=2 2 2 2 2 2 2 2 2 2 2 2 2 2 2 2 2 2 2 2 2 2 2 2 2 2 2 2 2 2
left_child=1 4 -3 -4 11 -2 8 -8 -7 -10 -11 -1 14 -14 20 16 25 19 -19 -17 21 -13 26 24 -18 -16 -23 29 -29 -28
right_child=5 2 3 -5 -6 6 7 -9 9 10 -12 12 13 -15 15 17 23 18 -20 -21 -22 22 -24 -25 -26 -27 27 28 -30 -31
leaf_value=-0.067624708477634049 -0.062021600465260868 -0.050799188784990068 -0.071779140847878994 0.041206002489617741 -0.046909758448263991 0.05831909882805069 -0.06400289559580466 0.0079253788493857617 -0.083404163887155838 0.048832255690156562 -0.0022259067203603609 0.067305661634912931 -0.051059153147370265 0.034423361686109127 3.9212201770619068e-09 0.006944137867211324 -0.082331887373328957 -0.069667040488606322 0.043114591893616612 -0.069594893975952976 -0.099844493355206551 -0.070318992375476189 0.018002354217350029 0.053398917266729642 0.014011243452144578 -0.070311828007501048 -0.0049231406110170454 -0.0023614286388483688 -0.066863187668375554 0.048915825287001211
leaf_weight=0.87876002676784892 0.80514034256338973 7.6373522881185618 0.48464962979778681 2.045450497418642 2.2663709037005892 3.9849385917186719 1.0210727248340834 56.489372454350814 0.43611077126115549 2.7639721482992172 3.6494786851108074 1.7481543347239483 1.0730993216857303 6.5125195779837668 2.2800802588462856 6.8444985258393007 0.73041583597659876 7.5722246230579895 0.76469200151041139 1.8276981557719407 0.73512595379724999 1.2764314091764379 18.945989267202094 4.1603801506571463 7.688724759966135 2.3239451479166746 14.33585287909955 25.553567862138156 4.2216981016099444 5.4183284100145093
leaf_count=16 23 264 10 10 96 6 38 424 6 9 16 3 28 45 4 46 21 227 5 43 4 51 100 27 26 66 114 316 130 25
internal_value=-1.55121e-10 -0.00514651 -0.03329 0.0195633 -0.00270411 0.00947626 0.0103185 0.00664832 0.0298004 0.0132087 0.0197784 -0.00183211 -0.00132501 0.0223306 -0.00301106 -0.0136837 0.00618912 -0.0337604 -0.0593223 -0.00918675 0.00204088 0.00308841 0.00147896 0.0214437 0.00565284 -0.0354909 -0.00468276 -0.00299124 -0.0115068 0.00984422
internal_weight=196.476 127.326 10.1675 2.5301 117.159 69.1501 68.3449 57.5104 10.8345 6.84956 6.41345 114.892 114.013 7.58562 106.428 34.1927 17.1835 17.0091 8.33692 8.6722 72.2351 71.5 69.7519 12.5795 8.41914 4.60403 50.8059 49.5294 29.7753 19.7542
internal_count=2199 1677 284 20 1393 522 499 462 37 31 25 1297 1281 73 1208 465 144 321 232 89 743 739 736 74 47 70 636 585 446 139
is_linear=0
shrinkage=0.05


Tree=17
num_leaves=31
num_cat=0
split_feature=6 0 8 8 4 6 9 5 5 8 5 4 4 4 11 12 12 8 9 8 4 9 8 10 8 11 4 11 12 4
split_gain=3.40248 3.55752 3.55381 2.76801 2.41963 1.86006 1.78897 1.62454 2.49395 1.66962 5.01282 2.00888 3.05699 1.96177 1.97744 2.03772 2.24316 1.5491 4.32307 5.80433 4.82144 3.65522 3.35829 6.69991 4.05976 3.13603 3.11398 2.69767 6.91916 2.55705
threshold=0.9942665994167329 3.1708689928054814 0.73439970612525951 0.2275044843554497 0.9480816423892976 0.70008426904678356 0.78940886259078991 0.73233830928802501 0.5981651544570924 0.49464695155620581 0.17876511067152026 0.61460688710212719 0.72243529558181774 0.79611951112747203 40.23500061035157 1.0263999700546267 4.1889500617980966 0.37135727703571325 0.47213622927665716 0.46012924611568456 0.42729951441288 0.59175083041191112 0.36518076062202459 2.5000000000000004 0.31212913990020758 71.99499893188478 0.94523999094963085 83.745002746582045 0.14350000023841861 0.67095905542373668
decision_type=2 2 2 2 2 2 2 2 2 2 2 2 2 2 2 2 2 2 2 2 2 2 2 2 2 2 2 2 2 2
left_child=1 4 -3 -2 17 -4 7 8 9 11 -11 -5 -13 -14 -15 -16 -17 22 19 20 25 -20 24 -24 -1 -19 -26 28 -23 -29
right_child=3 2 5 6 -6 -7 -8 -9 -10 10 -12 12 13 14 15 16 -18 18 21 -21 -22 27 23 -25 26 -27 -28 29 -30 -31
leaf_value=0.0040428037347252487 -0.062846560168133822 -0.052204786737162202 0.034902624371689943 0.050182365216659988 -0.067485752800205204 -0.071179378520022221 -0.059862343448700596 -0.0031215493851796667 0.04398991670391484 0.017848138668964043 -0.075981695988948411 -0.064623093985685581 0.051835991107024748 0.057766282463959852 0.074500095896841756 -0.071822161223959943 0.0027211780538170423 0.013344638683357231 0.018453867155318732 -0.064982064523927394 -0.067802143674549217 0.055219852345334101 -0.075799874375263032 0.051206522935135085 -0.071988928630861496 -0.070024080894233523 0.061761746123802676 0.0010445189658012924 -0.072899850445863182 -0.071847100724143562
leaf_weight=44.890028344467282 1.2214580141007889 6.9237422079313529 2.2211644239723687 4.2795039843767944 1.3851870987564314 0.50766861718147982 0.81907400488853355 10.043890039669348 8.134045382961629 5.0656591691076747 1.9797495249658821 1.213480014353993 3.326661240309476 1.7552312351763237 0.85525226593017478 1.1425594044849265 8.6471629403531534 11.364537555724384 20.540884583257139 6.3113820594735435 2.7677959986031047 1.4157512709498394 1.2043544016778449 7.534946913830936 2.9431665465235706 1.2523143310099829 0.51068478822708119 27.998049084329981 4.1220018966123462 1.2571862129261706
leaf_count=293 43 269 17 12 42 9 7 88 40 10 40 35 12 5 1 30 13 72 171 256 96 4 29 24 90 37 1 298 127 28
internal_value=-3.49063e-10 -0.00383058 -0.0331584 0.011468 -0.00174134 0.0151673 0.0133886 0.0146805 0.0195927 0.0125718 -0.00851791 0.019574 0.0118416 0.0177416 0.00859493 0.000487156 -0.00597878 -0.0010623 -0.00568822 -0.0246048 -0.00804042 0.00172882 0.00518008 0.0337039 2.37249e-05 0.00506969 -0.0522126 -0.00814522 -0.0401455 -0.00208786
internal_weight=193.635 145.151 9.65258 48.4837 135.498 2.72883 47.2623 46.4432 36.3993 28.2653 7.04541 21.2199 16.9403 15.7269 12.4002 10.645 9.78972 134.113 77.0299 21.696 15.3846 55.3339 57.0832 8.7393 48.3439 12.6169 3.45385 34.793 5.53775 29.2552
internal_count=2199 1863 295 336 1568 26 293 286 198 158 50 108 96 61 49 44 43 1526 1089 461 205 628 437 53 384 109 91 457 131 326
is_linear=0
shrinkage=0.05


Tree=18
num_leaves=31
num_cat=0
split_feature=6 0 11 8 4 15 9 5 5 10 13 1 5 4 12 8 9 8 4 9 8 10 8 4 11 12 5 5 8 11
split_gain=3.12948 3.18873 3.3718 2.49981 2.1155 1.9211 1.40948 1.51112 2.2137 1.44362 1.78118 3.75552 2.80392 2.26498 1.72666 1.2933 3.77859 5.38169 4.26031 3.12605 2.87585 5.85976 3.61369 2.76233 2.5643 2.39878 2.37802 5.84021 3.4411 2.29995
threshold=0.9942665994167329 3.1708689928054814 198.38499450683597 0.2275044843554497 0.9480816423892976 18.500000000000004 0.78940886259078991 0.73233830928802501 0.5981651544570924 1.0000000180025095e-35 2.5000000000000004 0.88855493068695079 0.43002590537071234 0.90281239151954662 -3.4264999628067012 0.37135727703571325 0.47213622927665716 0.46012924611568456 0.42729951441288 0.59175083041191112 0.36518076062202459 2.5000000000000004 0.31212913990020758 0.94523999094963085 71.99499893188478 1.7109000086784365 0.34514106810092932 0.16845811158418658 0.60649949312210094 83.745002746582045
decision_type=2 2 2 2 2 2 2 2 2 2 2 2 2 2 2 2 2 2 2 2 2 2 2 2 2 2 2 2 2 2
left_child=1 4 -3 -2 15 -4 7 8 9 -5 12 -12 14 -13 -11 20 17 18 24 26 22 -22 -1 -24 25 -17 27 -18 -28 -21
right_child=3 2 5 6 -6 -7 -8 -9 -10 10 11 13 -14 -15 -16 16 19 -19 -20 29 21 -23 23 -25 -26 -27 28 -29 -30 -31
leaf_value=0.0035670483201382386 -0.06172166494978263 -0.05636357158939044 0.041652560420797742 0.059830450281004956 -0.065643744668316711 -0.031368117881103774 -0.05402308092371029 -0.0030465713178927543 0.04224293284474262 0.054386995548040565 -0.06718646754413575 0.048906173436120165 -0.069204969395404201 -0.0025145036688107077 -0.0014455030725401502 -0.077070275282456913 0.019723666026820737 -0.063678502438924353 -0.065950166845238439 -0.0386145203521817 -0.072972096658370927 0.04793429586723813 -0.06986211421625621 0.060954345727461473 -0.067652389264849691 0.017614465998919342 -0.065557658387165291 -0.067867948524230934 0.049781358061192715 -0.0022699855789616351
leaf_weight=44.812476893886924 1.1487801773473609 5.6143383379094285 1.8248271923512223 1.5058397576212907 1.2823127731680859 1.7787212282419202 0.77254586666822334 10.03169917850755 7.9123518578708163 1.56912299245596 1.0167142516002048 7.1807553693652135 1.4023785986937571 3.0516722835600376 11.785252889618278 0.71368132904172199 10.481689809821548 5.9471617259550831 2.5844876212067893 5.1165021657943717 1.1606388799846152 7.3374680234119296 2.790132283698767 0.47177785634994496 1.1189277609810222 10.663543199189006 0.7130697276443233 2.3251710394397369 6.9450468146242201 29.166961110313423
leaf_count=293 43 242 14 2 42 39 7 88 40 3 37 21 43 14 38 31 64 256 96 131 29 24 90 1 37 41 21 63 23 326
internal_value=-2.25088e-10 -0.00369332 -0.0321365 0.0111359 -0.00173131 0.00560936 0.0129464 0.0140846 0.018936 0.0122329 0.00947682 0.0244641 -0.00194808 0.0335707 0.00511475 -0.00111207 -0.00538273 -0.0233987 -0.00751404 0.00153684 0.0046083 0.0314214 -0.00013145 -0.0509418 0.00457188 0.011675 0.0170007 0.00382082 0.0390418 -0.00769408
internal_weight=190.226 142.849 9.21789 47.3771 133.631 3.60355 46.2283 45.4558 35.4241 27.5117 26.0059 11.2491 14.7568 10.2324 13.3544 132.349 75.7762 21.0278 15.0806 54.7484 56.5725 8.49811 48.0744 3.26191 12.4962 11.3772 20.465 12.8069 7.65812 34.2835
internal_count=2199 1863 295 336 1568 53 293 286 198 158 156 72 84 35 41 1526 1089 461 205 628 437 53 384 91 109 72 171 127 44 457
is_linear=0
shrinkage=0.05


Tree=19
num_leaves=31
num_cat=0
split_feature=6 0 11 9 6 5 15 11 11 15 4 4 5 5 12 12 12 12 12 12 12 4 13 11 11 14 9 9 12 10
split_gain=2.78944 2.67023 3.25421 1.91759 1.53358 1.30167 1.41234 4.23343 3.9342 3.57432 1.66655 2.41269 1.56345 1.3502 1.70312 1.31271 1.68606 1.75614 3.31117 2.91336 2.72498 1.87195 1.77991 4.91959 4.05632 2.52104 2.43727 2.29113 2.24983 2.09648
threshold=0.90691065788269054 3.0259009599685673 198.38499450683597 0.43167701363563543 0.88463783264160167 0.69095608592033397 10.500000000000002 128.70999908447268 111.79000091552736 17.500000000000004 0.18987040966749194 0.66892284154891979 0.16845811158418658 0.16336256265640262 -0.93249997496604908 -1.0000000180025095e-35 0.14350000023841861 1.5131499767303469 0.80454999208450328 1.5204700231552126 1.7109000086784365 0.82209679484367382 1.5000000000000002 80.26999664306642 49.995000839233406 18.500000000000004 0.057565789669752128 0.064583335071802153 2.7043000459671025 1.5000000000000002
decision_type=2 2 2 2 2 2 2 2 2 2 2 2 2 2 2 2 2 2 2 2 2 2 2 2 2 2 2 2 2 2
left_child=1 4 -3 -4 5 6 7 8 15 -8 -9 -12 13 14 -11 -1 -17 18 -18 -19 -21 22 27 24 26 -26 -24 -22 -27 -30
right_child=-2 2 3 -5 -6 -7 9 10 -10 12 11 -13 -14 -15 -16 16 17 19 -20 20 21 -23 23 -25 25 28 -28 -29 29 -31
leaf_value=-0.069315656255986693 0.0082796523157204309 -0.055105189340826748 -0.056631606633480436 0.029078629703596304 -0.045374483022300759 0.043633628990444914 -0.065959292446076553 0.061922846625269493 -0.067744051417734472 -0.073990331833952303 -0.075446361674107454 0.069911435762897808 -0.067844295791379003 0.045519139133920555 0.0022445059888152609 0.057268775940388851 -0.0031799919225352375 0.066791319542367986 -0.071319454593391882 -0.070054210798848882 0.063149676373768296 0.054826627588441451 3.9212201770619002e-09 -0.064447440681329113 0.067229280607978559 -0.065339174506562112 -0.067166160458910898 0.0039732437057009668 -0.079382622920046886 0.010803479719595058
leaf_weight=0.69647274771703749 65.897311173612252 5.4118996036704612 0.87685610912740264 2.5513035370968282 2.0401931116357437 1.5660883150994767 2.9670082752127191 3.6717475326731792 2.2601478607393792 0.82147482410073003 0.60752561595290877 0.53852266073226929 0.86140657588839609 1.5274324938654897 6.7731346716172984 1.2494340371340644 6.3213609592057747 1.6549465665593732 2.48327462002635 1.3734993953257788 1.7020318955183018 1.5820339750498522 2.2800802588462892 3.59210958238691 1.6645435169339204 1.1308756675571228 3.3134008212946355 41.944233610294759 0.66967780143022793 17.067429787479341
leaf_count=16 522 232 40 12 96 8 72 8 75 32 19 1 18 4 38 3 39 5 113 57 3 5 4 145 2 30 105 379 13 103
internal_value=1.04035e-10 -0.0045017 -0.0309606 0.00715563 -0.00242002 -0.00162565 -0.00227739 -0.000182461 -0.00260106 -0.017775 0.0454935 -0.00714342 -0.00345501 0.00262535 -0.00600147 -0.000941637 -0.000400672 -0.00123098 -0.0223982 0.00115914 -0.000264055 0.00101495 -0.00014545 -0.00958366 -0.00204034 0.00824265 -0.0397871 0.00628089 0.00303882 0.00739844
internal_weight=187.097 121.2 8.84006 3.42816 112.36 110.32 108.754 95.8033 90.9856 12.9505 4.8178 1.14605 9.98345 9.12204 7.59461 88.7254 88.0289 86.7795 8.80464 77.9749 76.3199 74.9464 73.3644 29.7181 26.126 20.5325 5.59348 43.6463 18.868 17.7371
internal_count=2199 1677 284 52 1393 1297 1289 1125 1097 164 28 20 92 74 70 1022 1006 1003 152 851 846 789 784 402 257 148 109 382 146 116
is_linear=0
shrinkage=0.05


Tree=20
num_leaves=31
num_cat=0
split_feature=6 0 14 8 4 12 4 13 7 2 12 9 8 3 12 12 12 11 4 9 4 12 5 5 10 5 6 2 2 13
split_gain=2.50766 2.84467 2.89349 2.23316 1.88768 1.6952 1.56531 1.26158 3.27593 2.64346 4.56477 2.32212 1.54061 1.41974 1.43971 1.91718 1.58024 1.45092 2.14369 2.0048 1.14239 3.23398 1.04917 1.61524 1.90653 1.7235 1.56979 3.78983 2.49784 1.4911
threshold=0.9942665994167329 3.1708689928054814 42.500000000000007 0.2275044843554497 0.9480816423892976 1.335600018501282 0.38195702433586126 2.5000000000000004 9.5000000000000018 1.0607467293739321 3.9721499681472783 0.24499999731779101 0.33540739119052893 12.250000000000002 0.93129998445510875 1.7039499878883364 0.86899998784065258 121.3249969482422 0.95061039924621593 0.24499999731779101 0.86751881241798412 1.7109000086784365 0.58414822816848766 0.51058468222618114 8.5000000000000018 0.50620689988136303 0.9077114760875703 1.1397808194160464 0.97973355650901806 1.5000000000000002
decision_type=2 2 2 2 2 2 2 2 2 2 2 2 2 2 2 2 2 2 2 2 2 2 2 2 2 2 2 2 2 2
left_child=1 4 -3 -2 22 -4 -7 8 12 10 -9 -12 -5 14 16 -16 17 19 -19 -14 -17 -22 23 25 -25 26 29 28 -28 -1
right_child=3 2 5 7 -6 6 -8 9 -10 -11 11 -13 13 -15 15 20 -18 18 -20 -21 21 -23 -24 24 -26 -27 27 -29 -30 -31
leaf_value=0.00075750961305997514 -0.060590591598949195 -0.058049541324278621 0.037221848618674162 0.055012953109514942 -0.064069443385615529 0.028787595738875994 -0.061600480078052355 -0.06864271538847079 -0.066597053462426975 0.050039616344808004 -0.0058908521313660667 0.053693090260241431 0.0052432148906893048 0.054281510465515471 -0.07679467696306734 0.0090367431026644931 0.064206888911313917 0.049372725333315118 -0.0072483086407253115 -0.078846016252161547 0.0076605267207167944 -0.080052443191175895 0.025166439245383539 -0.058779509396240916 0.04121874538703113 0.050684175756345685 0.0055786401455840372 -0.067285040051559386 0.053554950987998111 -0.01164793979183968
leaf_weight=70.236553004244342 1.0928002493455995 4.6336554661393148 1.7358708530664446 1.7696848697960437 1.1962015982717265 0.7415191009640697 1.3528531803749499 1.6408602893352489 1.4737857002764929 5.8044898323714724 3.1929566152393818 3.3516162876039743 3.1831068978644943 1.4980945978313673 0.90989955142140289 8.6326512210071069 1.5351286176592118 3.7632296532392502 3.0076915100216866 0.91186438314616669 3.1577925682067862 1.5750134929548947 3.7289310200139871 2.3378799688071008 0.59871772583574046 1.6001709718257178 7.0155599387362582 1.2584491726011027 4.4237111825495958 36.973862468264997
leaf_count=791 43 231 6 6 42 8 50 52 46 16 13 9 11 4 46 11 5 10 7 12 5 40 32 67 3 6 39 32 10 546
internal_value=-2.52428e-10 -0.00338729 -0.03147 0.0100404 -0.00155 0.000684674 -0.0295983 0.0117402 0.00617882 0.0242296 0.00592715 0.0246234 0.00976069 0.00691832 0.00425849 -0.0065678 0.0167211 0.0100123 0.0242213 -0.0134817 -0.00178687 -0.0215292 -0.000966532 -0.00174959 -0.0383917 -0.000864031 -0.00155194 0.0150715 0.0241317 -0.00352078
internal_weight=184.335 137.834 8.4639 46.5007 129.37 3.83024 2.09437 45.4079 31.4179 13.9899 8.18543 6.54457 29.9442 28.1745 26.6764 14.2754 12.401 10.8659 6.77092 4.09497 13.3655 4.73281 128.174 124.445 2.9366 121.508 119.908 12.6977 11.4393 107.21
internal_count=2199 1863 295 336 1568 64 58 293 203 90 74 22 157 151 147 102 45 40 17 23 56 45 1526 1494 70 1424 1418 81 49 1337
is_linear=0
shrinkage=0.05


Tree=21
num_leaves=31
num_cat=0
split_feature=6 0 8 8 4 4 13 7 2 12 9 8 12 3 14 8 9 11 8 5 4 9 9 10 8 11 4 13 7 4
split_gain=2.51316 2.60641 2.67246 2.04708 1.71108 1.38584 1.10113 2.94447 2.32125 3.9212 2.11182 1.39769 1.27396 1.3357 1.0407 1.03216 4.27557 4.45767 4.21202 3.41545 5.02636 4.05121 2.23443 1.75167 2.00829 1.72546 3.55406 1.66615 1.49583 1.30186
threshold=0.9942665994167329 3.1708689928054814 0.73439970612525951 0.2275044843554497 0.9480816423892976 0.35536065697669988 2.5000000000000004 9.5000000000000018 1.0607467293739321 3.9721499681472783 0.24499999731779101 0.33540739119052893 -3.4264999628067012 12.250000000000002 59.500000000000007 0.41461125016212469 0.47213622927665716 29.279999732971195 0.50218883156776439 0.34514106810092932 0.20791459828615191 0.97413793206214916 0.55941176414489757 13.500000000000002 0.54872128367424022 95.875000000000014 0.66892284154891979 1.0000000180025095e-35 25.500000000000004 0.45830465853214269
decision_type=2 2 2 2 2 2 2 2 2 2 2 2 2 2 2 2 2 2 2 2 2 2 2 2 2 2 2 2 2 2
left_child=1 4 14 -2 15 -4 7 11 9 -8 -11 -5 -13 -14 -3 -1 17 -17 -18 20 22 -22 -20 24 -24 29 -27 28 -19 -21
right_child=3 2 5 6 -6 -7 8 -9 -10 10 -12 12 13 -15 -16 16 18 27 19 25 21 -23 23 -25 -26 26 -28 -29 -30 -31
leaf_value=0.0028041076831790213 -0.059740818728803505 -0.057147782398798253 -0.06934975745362619 0.05422348787492224 -0.062399119339923162 0.030915153559880022 -0.066249817375729311 -0.064874158883161712 0.048273748657684148 -0.0055490796490829004 0.051831951220944195 0.052337007950087271 0.0018606170135165166 0.051201316441684033 0.011777307913041679 0.020837866662578104 -0.068511652794372976 -0.065542142484806151 0.037853325987514119 0.017445771885811975 -0.066173230683722412 0.034334377141563552 -0.063516271662496585 0.054548194936031857 -0.0012700675663035064 -0.068662659141282223 0.034847473524868666 -0.062385044725202843 0.063652884556159556 0.054895688830659872
leaf_weight=72.862706632819027 1.019850818440317 5.0489073478383926 0.41764307953417334 1.6832192596048177 1.1483720513060678 1.9713727775961158 1.5079199001193027 1.3752967957407225 5.6384279802441597 3.183052271604538 3.2311783451586962 1.4822321757674277 24.169207132887095 1.4541585464030493 0.6142955208197235 2.6696004760451597 2.1035574474371961 0.38691194844432164 4.2825825517065885 4.4889907105825824 4.8954992317594579 1.2608141675591467 1.4091155747883082 1.2694660173729051 16.114481196273118 1.3330005099996918 2.1944969925098121 6.9136715785134584 0.53223669528961182 4.8041495610959828
leaf_count=600 43 260 13 6 42 13 52 46 16 13 9 3 144 4 9 9 101 20 25 19 148 5 53 6 176 34 14 301 1 14
internal_value=-5.34968e-10 -0.00336615 -0.0309626 0.0102856 -0.00163915 0.013387 0.011919 0.00659886 0.023753 0.0063008 0.0233567 0.0100133 0.00726787 0.00466076 -0.0496714 -0.00109199 -0.00628568 -0.0349597 0.000534359 0.00398818 -0.00544859 -0.0455893 0.00526047 -0.00216682 -0.00627544 0.0255047 -0.00426781 -0.0539768 0.00926875 0.0368058
internal_weight=181.466 136.722 8.05222 44.7445 128.67 2.38902 43.7247 30.1641 13.5606 7.92215 6.41423 28.7888 27.1056 25.6234 5.6632 127.521 54.6586 10.5024 44.1562 42.0526 29.232 6.15631 23.0756 18.7931 17.5236 12.8206 3.5275 7.83282 0.919149 9.29314
internal_count=2199 1863 295 336 1568 26 293 203 90 74 22 157 151 148 269 1526 926 331 595 494 413 153 260 235 229 81 48 322 21 33
is_linear=0
shrinkage=0.05


Tree=22
num_leaves=31
num_cat=0
split_feature=6 0 11 9 4 6 6 11 9 5 12 3 8 9 11 10 12 11 12 12 5 15 15 4 5 4 3 5 0 1
split_gain=2.28959 2.24783 2.6169 1.50061 1.26813 1.26106 2.66567 4.64294 1.61175 1.33503 1.99454 1.16921 1.92447 2.76857 2.51806 1.47442 1.34767 1.39241 1.19852 1.14912 1.23302 1.82335 1.41924 2.22213 1.15112 3.5035 2.27776 2.12853 3.20996 2.22233
threshold=0.9077114760875703 3.0259009599685673 198.38499450683597 0.43167701363563543 0.8361022174358369 0.92766672372818004 0.97534465789794933 30.339999198913578 0.14642857760190967 0.101379182189703 3.2982000112533574 10.750000000000002 0.45312342047691351 0.24499999731779101 96.330001831054702 6.5000000000000009 0.93129998445510875 49.729999542236335 1.2117999792099001 -2.6956999301910396 0.50620689988136303 4.5000000000000009 5.5000000000000009 0.66892284154891979 0.36410985887050634 0.41892929375171667 10.750000000000002 0.34342093765735632 0.97700014710426342 0.91975310444831859
decision_type=2 2 2 2 2 2 2 2 2 2 2 2 2 2 2 2 2 2 2 2 2 2 2 2 2 2 2 2 2 2
left_child=1 4 -3 -4 19 9 7 -7 -8 10 -2 16 13 14 -13 -14 17 -10 -18 -1 24 -22 -23 -24 27 -26 -27 29 -29 -21
right_child=5 2 3 -5 -6 6 8 -9 11 -11 -12 12 15 -15 -16 -17 18 -19 -20 20 21 22 23 -25 25 26 -28 28 -30 -31
leaf_value=-0.063697699199072352 -0.068079670533450945 -0.053955612382659141 -0.055110204492317454 0.02672167402881255 -0.058571733679383703 0.051516109189751469 -0.061578256787323517 -0.065669985585581916 0.057919715617227779 0.04234700090952475 0.042296256478278504 -0.061215214625737341 -0.06423593900663116 0.038988947114093078 0.016501897333897775 0.0047687401292243201 -0.068185385023994155 0.0081672291127843164 -0.0045186799843144627 -0.016195297829082266 -0.061884362993013725 0.060145625056501686 -0.063518100491030252 0.03450928199767677 -0.069748278777507083 0.0020407258877377424 -0.064552387671806641 -0.067114628235203755 0.032932512025096915 0.0023984987770039943
leaf_weight=0.74237648397683997 0.77678707614540943 4.6054034337867042 0.74799926392734084 2.2316724942065775 0.98894573049619694 1.1749013029038895 0.80044427583925326 3.0124363459181041 1.6118898116983498 4.7725527081638575 0.86514033749699593 1.4206680720672071 1.0124633805826295 12.196306718513368 3.9128789678215981 3.2882786225527525 0.78527993056923051 11.025499781593679 12.596170285716651 22.447599866660312 0.59238906390964885 2.2875435184687376 0.79864735994488034 2.0936173340305686 2.4588948376476791 12.26645011291839 1.4342062305659045 0.89096401445567508 8.0054151061922294 56.560909024439752
leaf_count=16 13 232 40 12 54 3 31 91 9 21 3 57 38 68 6 6 28 46 94 377 20 4 27 13 109 110 54 27 31 559
internal_value=-9.00824e-11 -0.00399433 -0.0303327 0.00617908 -0.00220368 0.00803245 0.0054909 -0.0327894 0.00878572 0.0289676 -0.009922 0.0099628 0.0184956 0.0258487 -0.00419919 -0.0114761 0.00280356 0.0145131 -0.00825491 -0.00169956 -0.00128052 0.0212132 0.0307167 0.00744077 -0.0025282 -0.0147933 -0.00493035 -0.000273507 0.0229129 -0.0028843
internal_weight=178.405 119.153 7.58508 2.97967 111.568 59.2517 52.8372 4.18734 48.6499 6.41448 1.64193 47.8494 21.8306 17.5299 5.33355 4.30074 26.0188 12.6374 13.3815 110.579 109.837 5.7722 5.17981 2.89226 104.064 16.1596 13.7007 87.9049 8.89638 79.0085
internal_count=2199 1685 284 52 1401 514 477 94 383 37 16 352 175 131 63 44 177 55 122 1347 1331 64 44 40 1267 273 164 994 58 936
is_linear=0
shrinkage=0.05


Tree=23
num_leaves=31
num_cat=0
split_feature=6 0 14 9 6 6 11 9 5 12 4 3 8 9 11 4 12 5 6 10 12 5 15 15 4 10 9 12 14 4
split_gain=2.0961 2.1023 2.38817 1.33501 1.17264 2.26661 4.1856 1.46406 1.22176 1.80377 1.15754 1.07455 1.69189 2.38976 2.27814 1.31587 1.29298 1.62394 1.10049 1.03844 1.02536 1.11997 1.62613 1.30939 1.91681 1.04169 1.97796 2.13345 2.37292 2.13206
threshold=0.9077114760875703 3.0259009599685673 42.500000000000007 0.43167701363563543 0.92766672372818004 0.97534465789794933 30.339999198913578 0.14642857760190967 0.101379182189703 3.2982000112533574 0.8361022174358369 10.750000000000002 0.45312342047691351 0.24499999731779101 96.330001831054702 0.60813257098197948 -3.4264999628067012 0.20593944191932681 0.98416391015052807 5.5000000000000009 -2.6956999301910396 0.50620689988136303 4.5000000000000009 5.5000000000000009 0.66892284154891979 11.500000000000002 0.57417583465576183 4.462059974670411 30.500000000000004 0.29401268064975744
decision_type=2 2 2 2 2 2 2 2 2 2 2 2 2 2 2 2 2 2 2 2 2 2 2 2 2 2 2 2 2 2
left_child=1 10 -3 -4 8 6 -6 -7 9 -2 20 16 13 14 -13 -14 -9 -18 -19 -5 -1 25 -23 -24 -25 -22 -27 28 -28 -29
right_child=4 2 3 19 5 7 -8 11 -10 -11 -12 12 15 -15 -16 -17 17 18 -20 -21 21 22 23 24 -26 26 27 29 -30 -31
leaf_value=-0.062674592041982002 -0.066358278271449578 -0.056101297144656163 -0.055572676797279563 0.046798743613717546 0.049534368272388649 -0.060746838161135422 -0.064187164587347065 0.048422233707320635 0.041373426250232985 0.042030810233317353 -0.057821415158921863 -0.060060065246133366 0.00470022139322567 0.037074801720176832 0.015822192202846003 -0.061454679616163854 -0.074658303526600869 -0.060068749726156834 0.0039498993336091106 -0.018763628340963786 -0.0048663023636761216 -0.060885261249560833 0.058874360460488821 -0.062188666848019949 0.031890864060397234 -0.065082459489744421 0.010024183715789581 -0.076669653750276692 0.060044522327162377 0.0012827182085945257
leaf_weight=0.68417282588779826 0.73978525027632602 3.954720619833096 0.77584852278232608 1.4533534925431015 1.1399687640368932 0.75512896827421983 2.787890191655606 1.4516992941498745 4.5927372518926859 0.79776082560420036 0.92507650936022301 1.3278240952640832 3.2553420625627032 11.915726725943385 3.8773166015744209 0.97734680585563172 0.71000328660011902 0.69145320914685982 23.023727041203529 1.0334257930517194 83.886260146042332 0.54982083290815253 2.169614901766181 0.73535447637550566 2.0528276185505092 0.88548122672364371 7.8286257432773727 1.0149016990326334 3.4010327635332942 6.4632403417490423
leaf_count=16 13 221 42 9 3 31 91 3 21 3 54 57 5 68 6 39 10 31 133 12 1144 20 4 27 13 27 31 35 9 21
internal_value=2.43413e-10 -0.00383155 -0.0299773 0.00168831 0.00777706 0.00533489 -0.0311822 0.008324 0.0284582 -0.0101202 -0.00212532 0.00942832 0.0177305 0.0247284 -0.00353527 -0.0105752 0.00257734 -0.000147428 0.00208334 0.0195531 -0.00165553 -0.00127248 0.0206976 0.0297452 0.00707835 -0.00244181 0.00793833 0.0113946 0.0251734 -0.00929665
internal_weight=175.857 117.814 7.21735 3.26263 58.0437 51.9134 3.92786 47.9856 6.13028 1.53755 110.596 47.2304 21.3536 17.1209 5.20514 4.23269 25.8769 24.4252 23.7152 2.48678 109.671 108.987 5.50762 4.9578 2.78818 103.48 19.5933 18.7078 11.2297 7.47814
internal_count=2199 1685 284 63 514 477 94 383 37 16 1401 352 175 131 63 44 177 174 164 21 1347 1331 64 44 40 1267 123 96 40 56
is_linear=0
shrinkage=0.05


Tree=24
num_leaves=31
num_cat=0
split_feature=6 0 11 9 4 15 13 6 6 11 9 5 12 13 7 8 12 10 2 11 7 4 12 5 15 4 10 5 15 11
split_gain=1.92591 1.90855 2.23955 1.23054 1.05196 1.04789 1.00819 0.983247 1.80578 4.4179 1.1565 1.07916 1.51905 0.957381 2.31399 2.01234 1.91863 1.85443 1.22855 2.84667 1.17647 0.953713 0.941995 1.05763 1.49073 1.29114 0.994093 1.95572 4.36354 4.40703
threshold=0.9077114760875703 3.0259009599685673 198.38499450683597 0.43167701363563543 0.8361022174358369 2.5000000000000004 1.0000000180025095e-35 0.92766672372818004 0.97534465789794933 30.339999198913578 0.14642857760190967 0.101379182189703 3.2982000112533574 2.5000000000000004 9.5000000000000018 0.32683466374874121 3.9721499681472783 3.5000000000000004 1.0607467293739321 125.26000213623048 1.0000000180025095e-35 0.35536065697669988 -2.6956999301910396 0.50620689988136303 4.5000000000000009 0.51431426405906688 11.500000000000002 0.1036842204630375 5.5000000000000009 50.424999237060554
decision_type=2 2 2 2 2 2 2 2 2 2 2 2 2 2 2 2 2 2 2 2 2 2 2 2 2 2 2 2 2 2
left_child=1 4 -3 -4 22 -2 21 11 9 -9 -10 12 -7 14 -12 16 -15 -18 19 -17 -19 -5 -1 26 -25 -26 27 -24 -29 -30
right_child=5 2 3 6 -6 7 -8 8 10 -11 13 -13 -14 15 -16 18 17 20 -20 -21 -22 -23 23 24 25 -27 -28 28 29 -31
leaf_value=-0.06191905507463541 -0.06493815264809584 -0.052963041774272912 -0.05424016054343736 -0.068022913895556369 -0.057148128257461919 -0.064583139502694162 0.056329844318420787 0.061393846600596075 -0.060849885708158163 -0.062796895473610004 0.0074038874222945228 0.039618584027707238 0.038499131277945756 -0.064329857953749334 -0.062737966229407527 -0.065993792373275434 0.052802091475482954 0.0059921244079636183 0.049702890408291345 0.061144965793091345 -0.063981429713224125 0.032353162246652349 0.0028332290847987406 -0.060036971326813071 -0.059505145429122212 0.036907058668792132 0.0078164137632904165 -0.002811054094338101 0.067358889905878405 -0.049076785493320951
leaf_weight=0.64459298923611541 0.49438486364669998 4.0592786186607546 0.65456501767039332 0.43562358804047141 0.86074349749833245 0.67796100676059612 1.1288759410381315 0.99099051952362005 0.59311433415859838 2.581645930185914 31.559376202058047 4.4629662949591875 0.75583264976739883 0.98716360144316961 1.2213418027386058 0.82431219844147541 1.7972792237997053 2.6379978656768803 5.6041252352297306 0.94501328468322754 0.77780402824282635 0.51808661594986916 42.01991175673902 0.51796554401516814 0.37709502154029895 4.388429251499474 19.28924501594156 30.706999805057421 0.88440943975001474 10.018669376615433
leaf_count=16 32 232 40 7 54 13 2 1 26 91 167 21 3 35 46 31 5 2 17 1 23 3 416 20 20 24 123 380 3 345
internal_value=-5.51915e-10 -0.00368275 -0.0293944 0.00555872 -0.00208991 0.00753904 0.0243537 0.00817416 0.00591904 -0.0283484 0.00852674 0.0274948 -0.0102427 0.00941443 0.00479055 0.0205812 -0.000413176 0.0116903 0.0382351 0.00191221 -0.00994139 -0.0134953 -0.00165452 -0.00129551 0.020522 0.029278 -0.00241554 -0.00477554 -0.0124592 -0.039632
internal_weight=173.416 116.504 6.79643 2.73715 109.708 56.9113 2.08259 56.4169 50.5202 3.57264 46.9475 5.89676 1.43379 46.3544 32.7807 13.5737 6.20024 5.21308 7.37345 1.76933 3.4158 0.95371 108.847 108.203 5.28349 4.76552 102.919 83.63 41.6101 10.9031
internal_count=2199 1685 284 52 1401 514 12 482 445 92 353 37 16 327 213 114 65 30 49 32 25 10 1347 1331 64 44 1267 1144 728 348
is_linear=0
shrinkage=0.05


Tree=25
num_leaves=31
num_cat=0
split_feature=6 0 14 12 0 4 6 6 11 9 9 11 9 0 5 8 9 7 8 7 15 15 11 11 12 13 12 12 11 7
split_gain=1.77797 1.8296 2.00762 1.1381 1.11355 0.958014 0.949667 1.71733 3.48725 1.19892 1.06607 1.06528 1.70498 1.43703 0.843449 0.938541 2.25333 3.79029 2.91736 1.95472 1.75722 3.29565 2.06563 2.26842 1.32188 1.31757 2.76536 2.47427 1.16141 2.76148
threshold=0.9077114760875703 3.0259009599685673 42.500000000000007 1.335600018501282 3.8030340671539311 0.8361022174358369 0.92766672372818004 0.97534465789794933 30.339999198913578 0.14642857760190967 0.78940886259078991 76.029998779296889 0.97413793206214916 0.30634753406047827 0.69095608592033397 0.41461125016212469 0.48492678999900823 23.500000000000004 0.50218883156776439 22.500000000000004 10.500000000000002 27.500000000000004 128.70999908447268 111.79000091552736 1.7109000086784365 1.0000000180025095e-35 3.5577501058578496 3.3819000720977788 71.99499893188478 9.5000000000000018
decision_type=2 2 2 2 2 2 2 2 2 2 2 2 2 2 2 2 2 2 2 2 2 2 2 2 2 2 2 2 2 2
left_child=1 5 -3 -4 -5 14 11 8 -8 -9 -11 -2 13 -13 15 28 17 -17 -18 20 22 -22 23 25 -19 26 -20 -27 -1 -30
right_child=6 2 3 4 -6 -7 7 9 -10 10 -12 12 -14 -15 -16 16 18 24 19 -21 21 -23 -24 -25 -26 27 -28 -29 29 -31
leaf_value=0.0058027021412236993 0.043858306172761652 -0.0552062183892051 0.034995902119385407 0.058645509899391927 -0.048689445881448239 -0.056549153585470892 0.047646468152501162 -0.059295070391048324 -0.061571991867493375 0.0095457202119977047 -0.055663291163768405 0.056557615062124991 0.053460012641667269 -0.066611089040846685 0.037361623911057247 -0.060012612732866212 -0.066336159162986713 -0.068696036311883854 0.0079655763909613729 -0.064516115521106643 -0.063117441262213678 0.0051542643551090051 0.050097075603460509 -0.065700008437881458 0.017999109062988562 -0.060473430086341443 -0.064025764435410443 0.041924159840411229 -0.0033345915255710325 -0.076306922398455601
leaf_weight=46.652340262662619 3.4894281029701224 3.4752837043488389 1.337627721950412 0.29950463771820057 1.2507172329351304 0.79958766326308151 1.0448271408677094 0.6587586123496284 2.4321221045684069 45.189240117324516 0.63558772578835387 0.31159570813179038 0.86826714128255833 0.98672686330974102 1.3702346142381419 4.8342904825694841 1.6830637953244139 0.50659370142966542 13.344584288075575 1.09687513206154 2.6061323767062259 5.494239104911685 2.8471124023199073 1.0842864052392531 3.3291710698977113 0.67201146483421226 1.4820743384771038 4.8305223607458174 14.773935071192684 1.4211953235790122
leaf_count=337 15 221 6 1 56 54 3 31 91 345 7 1 2 19 8 245 96 33 94 35 72 54 9 45 12 23 58 37 148 41
internal_value=-2.43486e-10 -0.00354462 -0.0296046 0.00120483 -0.0279522 -0.00202091 0.00734151 0.00514317 -0.0287517 0.00767849 0.00864127 0.0267598 -0.000778305 -0.0370508 -0.00161731 -0.00211807 -0.00773568 -0.0305647 -0.00210325 0.00112792 0.00335292 -0.0168108 0.0100854 0.00476548 0.00654919 0.00852386 0.000769314 0.0294186 0.00179797 -0.00973824
internal_weight=170.808 115.191 6.36313 2.88785 1.55022 108.828 55.6166 49.9605 3.47695 46.4836 45.8248 5.65602 2.16659 1.29832 108.029 106.658 43.811 8.67006 35.1409 33.4578 32.361 8.10037 24.2606 21.4135 3.83576 20.3292 14.8267 5.50253 62.8475 16.1951
internal_count=2199 1685 284 63 57 1401 514 477 94 383 352 37 22 20 1347 1339 813 290 523 427 392 126 266 257 45 212 152 60 526 189
is_linear=0
shrinkage=0.05


Tree=26
num_leaves=31
num_cat=0
split_feature=6 0 14 12 0 6 6 11 9 11 9 0 4 3 8 9 11 9 12 12 12 11 4 0 10 1 12 12 12 5
split_gain=1.62267 1.69404 1.85051 1.04971 0.959978 0.895771 1.5194 3.19323 1.07249 0.933796 1.49215 1.25372 0.892762 0.864018 1.34216 1.89187 1.90991 1.13947 1.04829 1.30221 1.00594 0.84834 1.6885 1.50897 0.809182 0.792574 1.93427 1.21016 2.10419 0.76365
threshold=0.9077114760875703 3.0259009599685673 42.500000000000007 1.335600018501282 3.8030340671539311 0.92766672372818004 0.97534465789794933 30.339999198913578 0.14642857760190967 76.029998779296889 0.97413793206214916 0.30634753406047827 0.8361022174358369 10.750000000000002 0.45312342047691351 0.24499999731779101 96.330001831054702 0.45643940567970281 0.93129998445510875 0.86899998784065258 1.2117999792099001 121.3249969482422 0.95061039924621593 4.5745000839233407 7.5000000000000009 0.99537536501884472 3.9721499681472783 4.0917198657989511 5.1877598762512216 0.50620689988136303
decision_type=2 2 2 2 2 2 2 2 2 2 2 2 2 2 2 2 2 2 2 2 2 2 2 2 2 2 2 2 2 2
left_child=1 12 -3 -4 -5 9 7 -7 -8 -2 11 -11 29 18 15 16 -15 -16 19 21 -20 23 24 -10 -23 -17 -27 -28 -29 -1
right_child=5 2 3 4 -6 6 8 -9 13 10 -12 -13 -14 14 17 25 -18 -19 20 -21 -22 22 -24 -25 -26 26 27 28 -30 -31
leaf_value=-0.0025430215936514638 0.042713084848629998 -0.054822998792824221 0.033789632170662026 0.05765555165849106 -0.047514331415764277 0.046093223548611721 -0.058656689216652583 -0.060618740916401764 -0.061270305672467357 0.05605931247171192 0.051797856741513097 -0.064694708125510453 -0.056159218798421687 -0.058409294092181867 -0.061522645144204059 0.045518421487076216 0.014345851202833413 0.0037866500968469878 -0.065789376541367281 0.057768644612367553 -0.0044143304206607044 0.069481417321797953 -0.0085701249449145721 0.0064650723753578556 0.020188206877366444 -0.062114569247904795 0.052454969281652032 -0.068300633270514707 0.051235531572361298 0.017167918721843329
leaf_weight=101.46361188776791 3.3375384155660859 3.2484624895732841 1.2895431108772757 0.26570388674736012 1.1832288831938056 1.0118011608719819 0.60816527553833921 2.2825199996586889 1.0855153682641683 0.28155815601348899 0.81154187023639668 0.90861351788043976 0.75477698165923257 1.1889154082164193 0.83701780065894027 6.3678348688408715 3.7383449710905552 3.3048915443941951 0.70519762649200757 1.4121731622144587 12.529399051563813 1.5438337028026583 3.0383857563138008 3.3899446190334857 1.8070548698306081 0.64337379112839688 2.5096157751977448 0.6904329080134628 0.7886967696249485 5.163909420836716
leaf_count=1279 15 221 6 1 56 3 31 91 19 1 2 19 54 57 34 27 6 10 28 6 94 2 7 12 9 19 6 14 2 68
internal_value=1.1466e-09 -0.00341518 -0.0293002 0.000975784 -0.0282284 0.00706239 0.00496296 -0.0278438 0.00730283 0.0265195 -0.000480788 -0.036128 -0.001972 0.0081829 0.0159444 0.0225382 -0.00320949 -0.00941138 0.00207718 0.0126005 -0.00768466 0.00672966 0.018423 -0.00996403 0.0428988 0.0340715 0.0183353 0.0313116 -0.00456194 -0.00158843
internal_weight=168.192 113.369 5.98694 2.73848 1.44893 54.8224 49.4831 3.29432 46.1888 5.33925 2.00171 1.19017 107.382 45.5806 20.0691 15.9272 4.92726 4.14191 25.5115 12.2769 13.2346 10.8647 6.38927 4.47546 3.35089 11 4.63212 3.98875 1.47913 106.628
internal_count=2199 1685 284 63 57 514 477 94 383 37 22 20 1401 352 175 131 63 44 177 55 122 49 18 31 11 68 41 22 16 1347
is_linear=0
shrinkage=0.05


Tree=27
num_leaves=31
num_cat=0
split_feature=6 0 14 8 0 12 4 5 15 15 4 5 4 3 5 0 1 2 8 8 15 4 5 12 2 3 9 9 4 5
split_gain=1.49593 1.52852 1.72321 0.953004 0.878401 0.872234 0.841116 0.896218 1.31682 1.17193 1.42953 0.902328 2.97653 1.79177 1.75534 2.50935 1.70366 3.67483 2.27645 2.63969 1.76464 1.68287 1.23876 1.01771 2.24156 0.998611 0.944449 2.53948 2.34322 1.95283
threshold=0.9077114760875703 3.0259009599685673 42.500000000000007 0.75472995638847362 3.8030340671539311 -2.6956999301910396 0.8361022174358369 0.50620689988136303 4.5000000000000009 5.5000000000000009 0.66892284154891979 0.36410985887050634 0.41892929375171667 10.750000000000002 0.34342093765735632 0.97700014710426342 0.91975310444831859 0.97973355650901806 0.28063718974590307 0.29040592908859258 6.5000000000000009 0.32262305915355688 0.39231500029563909 0.14350000023841861 0.9778730869293214 15.500000000000002 0.095454547554254546 0.13484849035739901 0.37911714613437658 0.10233045369386674
decision_type=2 2 2 2 2 2 2 2 2 2 2 2 2 2 2 2 2 2 2 2 2 2 2 2 2 2 2 2 2 2
left_child=1 5 -3 4 -4 -1 7 11 -9 -10 -11 14 -13 22 16 -16 17 18 -7 -20 -21 -17 -14 -24 -25 26 28 29 -18 -28
right_child=-2 2 3 -5 -6 6 -8 8 9 10 -12 12 13 -15 15 21 25 -19 19 20 -22 -23 23 24 -26 -27 27 -29 -30 -31
leaf_value=-0.061546795812554282 0.0068953020521458526 -0.05445624627215967 0.057207267651385112 0.032824066169471471 -0.046383998695230709 -0.068672106935454988 -0.055644234400973006 -0.058933805765471886 0.057234812199605883 -0.060219729315353181 0.027219229187249075 -0.067535329986722861 -0.071683995539841297 -0.061774308566735159 -0.064477832284459038 0.0016580293678519849 -0.080707576609126919 -0.061217113537175662 0.059597143273014547 -0.063924504244021754 -0.0018711828314775161 0.048827439361137745 0.048317719642609808 0.0076175367152361622 -0.069745577875494541 -0.061643322360751374 -0.035867406111611141 0.0010879514119353062 0.007845402309115913 0.056717542571141769
leaf_weight=0.61004169657826324 53.381773721426725 3.0111013427376738 0.24997015297412906 1.2393930945545433 1.128417247906327 1.3187199076637686 0.71481309365481038 0.48162555694579978 1.9434517025947569 0.62208763207308981 1.8802792211063204 2.1775272948434568 0.5534390015527596 1.237825410440563 0.77798087242990543 3.1840695384889841 1.1518514547497027 3.5268680835142723 1.6503822952508951 1.2489703013561655 13.854094007750971 4.655810909345746 1.208000324666499 9.2819815431721491 1.0413615452125657 0.60888852109201153 0.67978603579103847 47.060865249019116 2.1256752610206604 3.5118172410875559
leaf_count=16 514 221 1 5 57 39 54 20 4 27 13 109 30 54 27 14 25 126 2 61 149 17 4 45 31 35 11 474 4 10
internal_value=-2.10799e-10 -0.00326497 -0.0286614 0.00100907 -0.0275978 -0.00193031 -0.00158881 -0.00122354 0.0195978 0.0281053 0.00548193 -0.00224079 -0.0133389 -0.00448075 -0.000225433 0.0211709 -0.0026283 -0.0145316 -0.00542074 -0.000442015 -0.00700277 0.0296702 0.00138774 0.00489477 -0.000186425 0.00203448 0.00274552 0.00440953 -0.0232756 0.0417023
internal_weight=166.119 112.737 5.62888 2.61778 1.37839 107.108 106.498 105.783 4.92744 4.44582 2.50237 100.856 15.5001 13.3226 85.3558 8.61786 76.7379 21.599 18.0722 16.7534 15.1031 7.83988 12.0848 11.5313 10.3233 55.1389 54.53 51.2525 3.27753 4.1916
internal_count=2199 1685 284 63 58 1401 1385 1331 64 44 40 1267 273 164 994 58 936 377 251 212 210 31 110 80 76 559 524 495 29 21
is_linear=0
shrinkage=0.05


Tree=28
num_leaves=31
num_cat=0
split_feature=6 0 14 9 11 11 4 4 4 4 12 4 5 4 11 11 1 11 4 6 5 6 14 5 5 3 12 9 10 12
split_gain=1.34305 1.42259 1.61392 0.883963 0.79678 0.790711 0.917042 2.98365 2.08809 2.03188 2.26961 2.02308 3.1205 2.00495 1.78263 5.89983 3.62092 2.31937 1.6952 1.75028 1.82381 1.7414 1.54254 1.55273 4.13388 1.25152 1.17742 1.58098 1.19162 1.1501
threshold=0.9077114760875703 3.0259009599685673 42.500000000000007 0.43167701363563543 17.764999389648441 19.344999313354496 0.073419854044914259 0.11179734393954278 0.11493944376707078 0.070160306990146651 3.8476999998092656 0.15794007480144504 0.24371287971735003 0.16060141474008563 49.729999542236335 36.109998703002937 0.86034229397773754 50.424999237060554 0.19953110069036487 0.057098144665360458 0.12391271442174913 0.16023974120616916 12.500000000000002 0.32781545817852026 0.14526636898517611 13.500000000000002 4.1575000286102304 0.83045977354049694 14.500000000000002 3.3418999910354619
decision_type=2 2 2 2 2 2 2 2 2 2 2 2 2 2 2 2 2 2 2 2 2 2 2 2 2 2 2 2 2 2
left_child=1 4 -3 -4 -1 -6 9 -8 -9 10 -7 12 -10 -13 15 16 -15 29 19 -19 -21 -20 -23 24 -24 26 27 -25 -28 -16
right_child=-2 2 3 -5 5 6 7 8 11 -11 -12 13 -14 14 17 -17 -18 18 21 20 -22 22 23 25 -26 -27 28 -29 -30 -31
leaf_value=-0.078876320112550372 0.006534722146278313 -0.054198657021369057 -0.053926456359636638 0.017041524859230384 0.026002991525398714 0.0051156128611970202 -0.066476542098132863 0.048379394805407171 -0.063663372762320508 0.05185445982987899 -0.070677353316072167 0.051422167254765311 0.0084098006879294914 -0.077474540015456048 0.0068272756179838748 -0.06605394087523811 0.019628941128494577 -0.064041567572585889 -0.065451992685561886 -0.044054020029672306 0.046134887522541586 -0.06503176009750164 -0.0018007568058070898 0.0061803868210673395 -0.061616565658635637 -0.061275639730466375 -0.0084876127106599166 -0.078049477911385404 0.07403992357622545 0.061517009890226487
leaf_weight=0.33474611677229305 53.169091474730521 2.8293688478879622 0.5676237880252305 1.9331030480097977 2.5296824148390433 21.364606896881021 1.9214787259697903 1.8992068339139212 3.4489441397599867 2.2108979523181906 1.0355960784945626 1.6969292983412732 2.6601679208688438 1.1215877295471708 1.71801533922553 4.5435540170874447 6.6653441139496863 0.50631511211395164 1.1879865103401233 0.64965354930609454 4.086860871873796 1.0148216476663936 14.258976918412374 21.877501606824818 3.6222075105179092 0.68513294938020308 0.67633895156904933 0.57165972515940566 1.2381245326250792 2.1825531534850597
leaf_count=10 514 221 42 21 6 165 86 8 128 8 47 7 5 59 19 200 17 15 38 19 21 44 110 160 172 29 11 11 2 4
internal_value=-1.77698e-10 -0.00312904 -0.0283325 0.000932962 -0.00185822 -0.00161355 -0.00229284 -0.004941 -0.00339158 0.00612507 0.00161159 -0.00471291 -0.0322796 -0.00224732 -0.00361465 -0.0207762 0.00564268 0.000284112 -0.00259199 0.0243193 0.0337647 -0.00571813 -0.0041033 -0.00266301 -0.0139177 0.0053712 0.00724538 0.0040355 0.0448847 0.0374288
internal_weight=164.208 111.039 5.3301 2.50073 105.709 105.374 102.844 78.2334 76.3119 24.6111 22.4002 74.4127 6.10911 68.3036 66.6066 12.3305 7.78693 54.2761 50.3756 5.24283 4.73651 45.1328 43.9448 42.9299 17.8812 25.0488 24.3636 22.4492 1.91446 3.90057
internal_count=2199 1685 284 63 1401 1391 1385 1165 1079 220 212 1071 133 938 931 276 76 655 632 55 40 577 539 495 282 213 184 171 13 23
is_linear=0
shrinkage=0.05


Tree=29
num_leaves=31
num_cat=0
split_feature=6 1 8 4 8 4 13 12 8 5 9 9 8 7 9 8 12 8 15 5 5 4 11 8 9 11 8 5 4 9
split_gain=1.2291 1.58263 1.58338 1.3594 1.19322 0.902393 0.692956 0.698541 1.26388 0.701964 0.9225 2.10679 1.99257 1.92581 1.26295 0.845292 1.14587 0.774771 1.38827 0.752061 1.21763 0.757161 0.670676 0.655434 2.78707 3.21885 2.77583 2.02417 3.50544 2.4394
threshold=0.9942665994167329 0.57202434539794933 0.73439970612525951 0.9480816423892976 0.2275044843554497 0.35536065697669988 4.5000000000000009 -3.4264999628067012 0.82301497459411632 0.060068728402256973 0.36602871119976049 0.29520697891712194 0.49464695155620581 7.5000000000000009 0.2709790319204331 0.64677500724792492 1.8931600451469424 0.41461125016212469 4.5000000000000009 0.2940285205841065 0.55381944775581371 0.82209679484367382 17.764999389648441 0.41461125016212469 0.47213622927665716 29.279999732971195 0.50218883156776439 0.34514106810092932 0.20791459828615191 0.97413793206214916
decision_type=2 2 2 2 2 2 2 2 2 2 2 2 2 2 2 2 2 2 2 2 2 2 2 2 2 2 2 2 2 2
left_child=1 2 -1 22 -2 -4 7 -6 9 -9 11 14 17 15 19 16 -12 18 -13 -11 -21 -22 -3 -24 25 -25 -26 28 -28 -30
right_child=4 3 5 -5 6 -7 -8 8 -10 10 13 12 -14 -15 -16 -17 -18 -19 -20 20 21 -23 23 24 26 -27 27 -29 29 -31
leaf_value=-0.048417759074232403 -0.056117581494494521 -0.076500372373404193 -0.066314647877965802 -0.05916355510036158 0.043482322736261514 0.02799118946196899 0.054193525377853526 0.057171165511874511 -0.07189150605923593 0.031526695432955235 -0.056636927810869188 -0.036623105610401989 -0.0055687021536302622 -0.070445441167141826 -0.064432037246871687 0.044533631107038105 0.0022930289685809783 0.057215783546459204 0.041075197741939767 -0.059211766540586068 0.048654786770714345 -0.0012321995079805038 0.0025493927748848929 0.014316051409774594 -0.063323089804476707 -0.051543384900025885 0.0044375255773323663 0.021606137888112217 -0.061462166637121167 0.028796274428577476
leaf_weight=3.5409474296029648 0.72321549151092668 0.29186880448833008 0.31134946551173914 1.0065454943105567 1.3201197534799565 1.3691106834448872 0.8193390853703012 0.69929778575897117 0.5075110774487247 1.9593011746183044 0.91107620415277679 0.72114218585193013 3.0198013593908399 1.0251051946543146 0.73457172513008195 1.0224442677572358 8.721155312843619 4.09710059966892 2.8348643686622381 0.860042629763483 0.82471499964594741 9.7828399625141156 67.511286097578704 2.7051414833404106 1.6261859172955144 5.9052402104716748 21.448799409903589 10.823139082174746 3.7337065469473592 0.93632534146308888
leaf_count=269 43 10 13 42 3 13 2 1 8 11 24 14 18 32 20 6 20 14 12 38 3 67 594 9 99 322 258 81 148 5
internal_value=4.98635e-11 -0.00252168 -0.0294497 -0.00130947 0.00753142 0.0105186 0.00868624 0.0077312 0.00648002 0.00754884 0.0065985 0.0120487 0.0288239 -0.00499012 -0.000594033 0.00130745 -0.00328093 0.0423947 0.0253183 0.00289848 -0.00199281 0.00264641 -0.000803021 -0.000610382 -0.00513194 -0.0308522 0.000610133 0.00342447 -0.00410966 -0.0433657
internal_weight=161.793 121.21 5.22141 115.988 40.5836 1.68046 39.8604 39.0411 37.721 37.2135 36.5142 24.8344 10.6729 11.6798 14.1615 10.6547 9.63223 7.65311 3.55601 13.4269 11.4676 10.6076 114.982 114.69 47.1785 8.61038 38.5682 36.942 26.1188 4.67003
internal_count=2199 1863 295 1568 336 26 293 291 288 280 279 197 58 82 139 50 44 40 26 119 108 70 1526 1516 922 331 591 492 411 153
is_linear=0
shrinkage=0.05


Tree=30
num_leaves=31
num_cat=0
split_feature=6 1 8 4 8 6 13 7 2 12 9 8 9 9 3 12 5 11 5 11 11 8 8 10 11 5 8 11 9 10
split_gain=1.11685 1.53934 1.39868 1.23484 1.09604 0.873705 0.653783 1.90209 1.45396 2.34227 1.31918 0.92541 0.905961 2.10744 0.709545 0.736215 0.618544 0.74593 3.41233 2.52523 1.32372 1.00676 2.22698 4.25838 2.90026 2.25901 1.61159 1.36521 0.953735 3.06836
threshold=0.9942665994167329 0.57202434539794933 0.73439970612525951 0.9480816423892976 0.2275044843554497 0.70008426904678356 2.5000000000000004 9.5000000000000018 1.0607467293739321 3.9721499681472783 0.24499999731779101 0.33540739119052893 0.31698563694953924 0.22474747896194461 12.250000000000002 -3.4264999628067012 0.69095608592033397 98.61999893188478 0.16845811158418658 109.98999786376955 98.069999694824233 0.66341876983642589 0.41461125016212469 11.500000000000002 29.279999732971195 0.5981651544570924 0.74761870503425609 56.319999694824226 0.94281044602394115 8.5000000000000018
decision_type=2 2 2 2 2 2 2 2 2 2 2 2 2 2 2 2 2 2 2 2 2 2 2 2 2 2 2 2 2 2
left_child=1 2 -1 16 -2 -4 7 11 9 -8 -11 -6 13 -10 15 -13 17 20 19 -19 21 22 28 24 -24 -26 27 -23 29 -3
right_child=4 3 5 -5 6 -7 8 -9 12 10 -12 14 -14 -15 -16 -17 -18 18 -20 -21 -22 26 23 -25 25 -27 -28 -29 -30 -31
leaf_value=-0.047897296355106249 -0.055712508169082291 0.0042810685608164504 0.028000724905117236 -0.058154515446710991 0.048604374396605719 -0.062925303869260665 -0.061536562552612611 -0.060251493128953851 0.057854728980938276 -0.0042310831056351292 0.04550803740837378 0.039755486288974344 0.05634560120619922 -0.069056647214752798 0.042138864569662801 0.00098742012864117576 0.033603513319655609 -0.062653221489715902 -0.050722310654262186 0.0035629364762070773 0.048210209099318821 0.045266489079716393 0.009833825816805088 0.015269039254755866 -0.055072332815536133 0.042607858101510548 -0.058281441880142094 0.00042888563611091313 0.044032373447250923 -0.069652996229929487
leaf_weight=3.3729981344658873 0.67880892287939687 55.410076090833172 1.2599996300414202 0.94477334525436063 1.2707999642007113 0.33429189026355732 1.1332156625576297 1.0956158130429674 0.82021439075469948 3.049996430054307 2.3680500090122223 1.2929868772625983 3.0152003802359104 0.54410635307431221 1.2180212996900071 23.155747290467843 1.2949802405200888 1.5443098284304202 4.0489535403903565 21.283871825435199 1.4671886283904303 3.7352569457143536 2.8207372939214137 6.7537729213945559 8.4335789504693786 0.63657178170979101 0.63661775924265374 3.1121497962158173 1.410352200269698 1.4397831978276361
leaf_count=269 43 459 17 42 6 9 52 46 1 13 9 3 5 10 4 144 9 82 144 206 8 21 22 24 438 3 37 28 6 39
internal_value=1.12707e-10 -0.00240477 -0.0296564 -0.00122739 0.00727569 0.00893531 0.00837303 0.00432872 0.0187451 0.00383534 0.0175083 0.00695535 0.0410484 0.00724105 0.00489325 0.00303769 -0.000755721 -0.00115041 -0.00841962 -0.000916538 0.00112521 0.000306585 -0.00139707 -0.0164375 -0.0344461 -0.0482168 0.0178131 0.0248878 0.00341623 0.00240861
internal_weight=159.583 119.94 4.96729 114.973 39.6428 1.59429 38.964 28.0332 10.9308 6.55126 5.41805 26.9376 4.37952 1.36432 25.6668 24.4487 114.028 112.733 26.8771 22.8282 85.8561 84.3889 76.9049 18.6447 11.8909 9.07015 7.48402 6.84741 58.2602 56.8499
internal_count=2199 1863 295 1568 336 26 293 203 90 74 22 157 16 11 151 147 1526 1517 432 288 1085 1077 991 487 463 441 86 49 504 498
is_linear=0
shrinkage=0.05


Tree=31
num_leaves=31
num_cat=0
split_feature=0 10 6 9 7 12 4 6 9 9 9 8 10 4 8 5 8 10 9 10 4 12 12 1 14 0 3 8 8 4
split_gain=1.01769 2.03899 1.00748 1.33919 0.983029 1.04657 1.55373 0.906512 2.72 1.25146 1.53684 3.41492 1.24336 0.953281 0.900887 3.05257 1.00595 3.27232 1.06866 0.926316 2.39649 2.33261 0.881729 1.89174 0.863436 0.84599 0.930638 3.49173 1.39152 1.35243
threshold=3.0259009599685673 3.5000000000000004 0.55936846137046825 0.14642857760190967 22.500000000000004 4.3221499919891366 0.72439774870872509 0.40317223966121679 0.22792208194732669 0.057565789669752128 0.13484849035739901 0.21940750628709796 1.0000000180025095e-35 0.13610300421714785 0.36891880631446844 0.05542405508458615 0.37135727703571325 2.5000000000000004 0.32738095521926885 2.5000000000000004 0.073419854044914259 0.24430000036954883 2.7043000459671025 0.99984753131866466 59.500000000000007 2.9746147394180302 7.2500000000000009 0.65224838256835949 0.55091944336891185 0.19953110069036487
decision_type=2 2 2 2 2 2 2 2 2 2 2 2 2 2 2 2 2 2 2 2 2 2 2 2 2 2 2 2 2 2
left_child=2 -2 7 -4 -5 -6 -7 9 -9 -1 11 13 -12 -11 15 -14 17 -16 -18 20 22 -22 23 -20 -3 26 28 -28 -21 -29
right_child=1 24 3 4 5 6 -8 8 -10 10 12 -13 14 -15 16 -17 18 -19 19 25 21 -23 -24 -25 -26 -27 27 29 -30 -31
leaf_value=-0.07026893147452376 0.0016249016333659959 -0.056117793383546083 -0.05497715171405311 0.0046505076657157298 0.050764184751793222 -0.064233335877362172 0.04541632617980676 0.0019878459096497256 -0.060870767489227318 0.057076917027472189 -0.068226647666313117 0.039496547157268573 0.00056557350711801456 -0.067218750222128795 -0.065376216349315369 -0.06617908778408757 -0.061232901379845654 0.042194787565398156 -0.063757067568491185 0.0030994358412383596 0.014888505350920825 -0.064464258236931485 0.055794600217379059 0.059118871798189677 -0.0027060124727986972 0.037926160608654405 -0.059999444620412679 0.0053492553710428542 -0.064644186373937651 -0.064150027623787922
leaf_weight=0.64821427315473457 7.0744311746675503 3.0465009033214301 0.91176410997286339 68.787479900987819 2.3916399758309121 0.59766507335007168 0.70318935625255108 5.0803612070158115 2.60265334288124 0.17853647284209628 0.72361992718651791 5.4589554518461227 6.5411351658403856 1.1343909818679092 0.86650412902235885 2.3208695123903453 0.74708520132116873 3.8400663053616881 0.5520375887863318 19.875493515282873 2.604588370770216 1.4370726638007907 2.9169329404830933 0.72409647703170776 1.0066777626052497 1.1343823187053192 3.3983371914364389 8.2630908195860648 0.78809874947182734 0.76477833744138557
leaf_count=19 151 223 42 716 12 12 3 10 131 3 37 26 30 33 24 85 43 15 22 127 6 98 11 1 14 12 157 72 38 26
internal_value=4.06733e-10 -0.0145756 0.00111096 0.00524209 0.00599962 0.0311323 -0.00496116 -0.00306516 -0.0193058 -0.0011431 -0.000445911 0.0220836 -0.00309934 -0.0503166 -0.00226926 -0.0169142 0.00043949 0.0223904 -0.0019517 -0.000908614 0.0141473 -0.0133265 0.0406291 0.00596447 -0.042852 -0.00453124 -0.00598676 -0.0167998 0.000515729 -0.000538241
internal_weight=157.121 11.1276 145.993 73.3917 72.48 3.69249 1.30085 72.6013 7.68301 64.9183 64.2701 6.77188 57.4982 1.31293 56.7746 8.862 47.9126 4.70657 43.206 42.4589 8.23473 4.04166 4.19307 1.27613 4.05318 34.2242 33.0898 12.4262 20.6636 9.02787
internal_count=2199 388 1811 785 743 27 15 1026 141 885 866 62 804 36 767 115 652 39 613 570 138 104 34 23 237 432 420 255 165 98
is_linear=0
shrinkage=0.05


Tree=32
num_leaves=31
num_cat=0
split_feature=0 10 6 6 6 0 4 8 12 6 8 4 13 7 8 4 4 3 4 12 5 15 15 4 4 5 8 8 8 2
split_gain=0.949468 1.90489 0.92221 1.26929 1.17537 2.13508 1.87397 0.93789 1.2148 0.826088 0.816584 0.806702 0.781715 1.72485 1.09855 1.06064 0.776095 0.725496 0.691452 0.755132 0.758037 1.12028 0.997618 1.19597 1.9079 0.838344 1.08729 0.685149 2.17168 1.44777
threshold=3.0259009599685673 3.5000000000000004 0.9077114760875703 0.92766672372818004 0.98214435577392589 1.1817178726196291 0.90281239151954662 0.30608972907066351 1.6757499575614931 0.12562046945095065 0.21940750628709796 0.35536065697669988 2.5000000000000004 8.5000000000000018 0.33540739119052893 0.90281239151954662 0.97669050097465526 17.500000000000004 0.8361022174358369 -2.6956999301910396 0.50620689988136303 4.5000000000000009 5.5000000000000009 0.68619549274444591 0.66892284154891979 0.46359138190746313 0.18279636651277545 0.43802200257778173 0.4557908326387406 1.1986964941024782
decision_type=2 2 2 2 2 2 2 2 2 2 2 2 2 2 2 2 2 2 2 2 2 2 2 2 2 2 2 2 2 2
left_child=2 10 18 -4 5 -5 -7 8 -6 11 -2 17 13 14 -9 -14 -17 -3 19 -1 25 -22 -23 24 -24 -21 -27 29 -29 -16
right_child=1 9 3 4 7 6 -8 12 -10 -11 -12 -13 15 -15 27 16 -18 -19 -20 20 21 22 23 -25 -26 26 -28 28 -30 -31
leaf_value=-0.059966379278272169 -0.055835675674918664 -0.059562025067559844 0.036069191742798108 -0.057814582957456687 0.0020849893803413073 -0.060437758576947567 0.051646150687738805 0.057083188857955006 -0.059818420186402613 -0.057058079350642867 0.0063656704235623687 0.066163256792042033 0.039173153393473263 -0.059044890269820176 -0.068383046363653499 -0.0073217477770800886 0.0445989592796288 0.04450507489735997 -0.0546184517193836 -0.0013112460082668512 -0.057255874279743574 0.056055993019823794 -0.058618992993166141 -0.073313470779929529 0.053653269189927688 0.055080140134405868 -0.062716224067874068 0.056096769176616705 0.0036169877028085239 0.0012937909287844031
leaf_weight=0.5445106253027906 0.57449508132412841 0.60938469285611085 3.4856437742710105 1.9741092668846243 2.6970846056938167 0.53413745434954751 1.2355516478419302 1.0944421738386214 1.1223251232877371 2.7576424762955867 6.4701043083914556 0.28674355149269104 4.663084172178058 0.9949684776365747 0.85054161399603145 3.1966269141994417 0.92887885496020306 0.23094351380132139 0.61056196549907227 93.182983745704405 0.43190086679533024 1.7351387850940225 0.52474131598137352 0.39543971326202143 1.3568334877490995 0.23915542662143607 1.0829428082797674 2.331215498968958 12.768068772274999 6.0380021466407925
leaf_count=16 25 41 18 89 3 18 3 2 59 190 126 1 33 39 19 22 3 5 54 1214 20 4 27 10 3 1 52 5 53 44
internal_value=-5.21715e-10 -0.0142079 0.00107821 0.00711904 0.00462306 -0.0220639 0.0178164 0.00734652 -0.0161052 -0.0423176 0.00129308 -0.00625172 0.0100719 0.00541305 0.00819153 0.0228353 0.00436847 -0.0309617 -0.00157184 -0.00124631 -0.000923176 0.019258 0.0274946 0.00573017 0.0223423 -0.00187219 -0.0414079 0.00575795 0.0117195 -0.00730934
internal_weight=154.948 10.9293 144.019 43.9147 40.429 3.7438 1.76969 36.6852 3.81941 3.88471 7.0446 1.12707 32.8658 24.0772 23.0823 8.78859 4.12551 0.840328 100.104 99.4936 98.9491 4.44405 4.01215 2.27701 1.88157 94.5051 1.3221 21.9878 15.0993 6.88854
internal_count=2199 388 1811 410 392 110 21 282 62 237 151 47 220 162 123 58 25 46 1401 1347 1331 64 44 40 30 1267 53 121 58 63
is_linear=0
shrinkage=0.05


Tree=33
num_leaves=31
num_cat=0
split_feature=6 0 14 15 12 0 6 6 11 5 12 4 12 5 15 15 4 5 8 13 4 6 12 8 5 10 10 9 3 5
split_gain=0.877771 1.12203 1.20455 0.736837 0.658961 0.670104 0.630749 0.983648 2.73356 0.757505 1.15051 0.630262 0.684958 0.732875 1.0323 0.915607 1.02554 0.77796 0.961323 0.60242 0.563717 0.783877 0.593666 0.902327 0.588405 0.544239 1.56992 1.2457 1.42675 1.09052
threshold=0.9077114760875703 3.0259009599685673 42.500000000000007 2.5000000000000004 1.335600018501282 3.8030340671539311 0.92766672372818004 0.97534465789794933 30.339999198913578 0.101379182189703 3.2982000112533574 0.8361022174358369 -2.6956999301910396 0.50620689988136303 4.5000000000000009 5.5000000000000009 0.66892284154891979 0.46359138190746313 0.18279636651277545 4.5000000000000009 0.56067425012588512 1.000000059604645 -3.4264999628067012 0.83901542425155651 0.067777503281831755 11.500000000000002 9.5000000000000018 0.57417583465576183 6.7500000000000009 0.1036842204630375
decision_type=2 2 2 2 2 2 2 2 2 2 2 2 2 2 2 2 2 2 2 2 2 2 2 2 2 2 2 2 2 2
left_child=1 11 -3 -2 -4 -6 9 8 -8 10 -5 12 -1 17 -15 -16 -17 25 -19 20 -9 22 -22 24 -24 26 29 -27 -29 -14
right_child=3 2 4 6 5 -7 7 19 -10 -11 -12 -13 13 14 15 16 -18 18 -20 -21 21 -23 23 -25 -26 27 -28 28 -30 -31
leaf_value=-0.059333090482226583 -0.062810911856047744 -0.053302006494979563 0.030582675617069247 -0.061606039351806891 0.055908682059591125 -0.046369155295973234 0.057351679878820984 -0.066721331978201362 -0.057869476292192273 0.035884585924119257 0.037723486530385604 -0.054227170073098879 0.0034261360695379871 -0.056721866579237237 0.055487352709142249 -0.05772734119120311 0.024896327877085293 0.054684275473330726 -0.061886380887225478 0.052156563112223886 0.037807807529263653 0.036339149293609617 0.055315446316870021 -0.069359745676314075 0.0031183620108384655 -0.06114016814443899 -0.066559328433839743 0.0036639841609717987 0.047302032177984961 -0.0087142843902110381
leaf_weight=0.50484087970107694 0.39168670237995584 2.2127064062515265 0.94445082917809475 0.57088971883058437 0.19745756685733773 0.84754404006525874 0.71301877498626653 0.26998347789049049 1.8512706652982158 3.357816319912672 0.59573190659284592 0.5644352154340585 38.713346086908132 0.40105541190132399 1.6573730520904066 0.48786327661946449 1.6315904897637663 0.2144378125667562 1.009265810716897 0.69729999639093776 1.270743742585174 1.9941891878843296 0.54799878597260132 0.42525933682918449 36.592274541733786 0.65584691613912838 0.96509431535377999 15.133679010439666 2.1376636382192364 35.421546641970053
leaf_count=16 32 221 6 13 1 56 1 7 91 21 3 54 385 20 4 27 13 1 52 2 3 12 1 7 321 26 49 75 18 661
internal_value=2.59118e-10 -0.00261086 -0.0279185 0.00549425 0.000313415 -0.0270433 0.00604152 0.00422776 -0.0258314 0.0238254 -0.0108837 -0.00154202 -0.00124144 -0.000943492 0.0195487 0.0276478 0.00587772 -0.00185185 -0.0414589 0.00607189 0.00529002 0.00576619 0.00419631 0.00305932 0.00388852 -0.00133085 -0.00319936 0.00649666 0.00906504 -0.00237454
internal_weight=152.978 103.7 4.20216 49.2782 1.98945 1.045 48.8865 44.362 2.56429 4.52444 1.16662 99.498 98.9336 98.4288 4.17788 3.77683 2.11945 94.2509 1.2237 41.7977 41.1004 40.8305 38.8363 37.5655 37.1403 93.0272 75.1 17.9272 17.2713 74.1349
internal_count=2199 1685 284 514 63 57 482 445 92 37 16 1401 1347 1331 64 44 40 1267 53 353 351 344 332 329 322 1214 1095 119 93 1046
is_linear=0
shrinkage=0.05


Tree=34
num_leaves=31
num_cat=0
split_feature=6 1 8 4 8 6 4 13 5 5 5 5 5 10 6 2 2 5 8 13 5 9 8 11 12 14 10 4 10 12
split_gain=0.806193 1.19607 1.09698 1.05989 0.874856 0.632059 1.03181 0.519741 0.510657 0.600693 0.69804 0.908971 1.08419 0.84059 0.696331 1.41904 1.49462 0.699288 0.851105 0.653986 2.33705 1.77403 1.59406 2.0389 1.80713 2.51694 1.84978 1.69735 1.40744 1.20827
threshold=0.9942665994167329 0.57202434539794933 0.73439970612525951 0.9480816423892976 0.2275044843554497 0.70008426904678356 0.35536065697669988 4.5000000000000009 0.69095608592033397 0.60107529163360607 0.58414822816848766 0.51058468222618114 0.50620689988136303 8.5000000000000018 0.9077114760875703 1.1397808194160464 0.97973355650901806 0.46359138190746313 0.18279636651277545 1.5000000000000002 0.33994607627391821 0.064583335071802153 0.39986886084079748 163.50000000000003 2.7391500473022465 23.500000000000004 2.5000000000000004 0.19397783279418948 1.0000000180025095e-35 -0.93249997496604908
decision_type=2 2 2 2 2 2 2 2 2 2 2 2 2 2 2 2 2 2 2 2 2 2 2 2 2 2 2 2 2 2
left_child=1 2 -1 8 -2 6 -4 -6 9 10 11 12 14 -13 17 16 -16 19 -19 21 22 -3 24 -24 26 -26 -21 -25 -23 -30
right_child=4 3 5 -5 7 -7 -8 -9 -10 -11 -12 13 -14 -15 15 -17 -18 18 -20 20 -22 28 23 27 25 -27 -28 -29 29 -31
leaf_value=-0.04681877824446818 -0.054719352408065747 0.055227548039674071 -0.062894380758008225 -0.056861846219448536 0.0064916067093032815 -0.060038778319937203 0.053440977641139642 0.051133367841155922 0.032680657675726026 -0.063513908840653263 0.041427022884735952 -0.055215685507085603 0.047290406981348211 0.034588367996233299 0.0027449509481366399 -0.056820013133525166 0.04848936997528222 0.054316159423044991 -0.061115827671339308 0.051961926909230731 -0.05896646994337898 -0.062228051979132726 -0.056798738227336588 0.029149468483300568 -0.063720142776570593 0.0012515236678718631 -0.065512375698254827 -0.063335590581852258 -0.068061311655781914 0.0013854284341170168
leaf_weight=2.7373826524126335 0.57764894794672628 1.4744328334927548 0.24947293847799279 0.8460051603615274 36.420882341917604 0.26758059207350005 0.80759629979729652 0.66387976706027885 1.1351307118311513 0.38329394138418038 0.96943858824670215 1.3447301294654597 1.1681337514892209 0.32320328895002592 5.2145886258222145 0.680647394619882 2.7155237444676459 0.19243572652339824 0.93835636763833463 2.6822645077481968 2.0852104363730168 0.90320263663306732 2.9403704125434151 1.8547110885847362 1.6182910930365348 18.892938560107723 0.38294153730384994 0.67724974872544397 0.63299122313035994 59.500188085599817
leaf_count=269 43 3 13 42 291 9 4 2 9 13 10 67 6 3 39 32 10 1 52 14 114 55 170 14 50 113 27 22 35 667
internal_value=-4.5437e-10 -0.00210149 -0.0287437 -0.00111368 0.00633969 0.00860837 0.0259853 0.00729077 -0.000679832 -0.00103185 -0.000808429 -0.00119389 -0.0006097 -0.0378139 -0.00115091 0.0124627 0.0184093 -0.00238776 -0.0414719 -0.00191581 -0.0078365 0.00103303 -0.00416624 -0.0284777 0.00147671 -0.0038746 0.0372857 0.00441153 -0.000276122 0.000654398
internal_weight=151.281 113.618 4.06203 109.556 37.6624 1.32465 1.05707 37.0848 108.71 107.575 107.192 106.222 104.554 1.66793 103.386 8.61076 7.93011 94.7756 1.13079 93.6448 31.134 62.5108 29.0488 5.47233 23.5764 20.5112 3.06521 2.53196 61.0364 60.1332
internal_count=2199 1863 295 1568 336 26 17 293 1526 1517 1504 1494 1424 70 1418 81 49 1337 53 1284 524 760 410 206 204 163 41 36 757 702
is_linear=0
shrinkage=0.05


Tree=35
num_leaves=31
num_cat=0
split_feature=0 10 6 9 7 12 4 6 9 9 9 8 10 12 12 12 9 8 10 14 11 14 12 12 9 10 4 8 14 8
split_gain=0.71099 1.60995 0.759789 1.02647 0.867931 0.83794 1.3113 0.706025 2.34553 1.05592 1.18806 2.7586 0.979955 0.721119 2.19056 1.89211 1.71844 1.35034 0.971751 0.953352 0.871377 2.32521 1.32173 1.30885 0.776235 0.724032 0.693497 0.675966 0.656895 0.639133
threshold=3.0259009599685673 3.5000000000000004 0.55936846137046825 0.14642857760190967 22.500000000000004 4.3221499919891366 0.72439774870872509 0.40317223966121679 0.22792208194732669 0.057565789669752128 0.13484849035739901 0.21940750628709796 1.0000000180025095e-35 4.6064500808715829 4.2739000320434579 3.8476999998092656 0.75431033968925487 0.40881729125976568 20.500000000000004 31.500000000000004 37.855001449584968 13.500000000000002 3.4763000011444096 1.5315999984741213 0.20942982286214831 2.5000000000000004 0.13610300421714785 0.21940750628709796 59.500000000000007 0.2832485586404801
decision_type=2 2 2 2 2 2 2 2 2 2 2 2 2 2 2 2 2 2 2 2 2 2 2 2 2 2 2 2 2 2
left_child=2 27 7 -4 -5 -6 -7 9 -9 -1 11 26 -12 14 15 18 -16 -15 20 -19 23 -22 24 -14 -23 -21 -11 -2 -3 -13
right_child=1 28 3 4 5 6 -8 8 -10 10 12 29 13 17 16 -17 -18 19 -20 25 21 22 -24 -25 -26 -27 -28 -29 -30 -31
leaf_value=-0.067944507464435186 -0.054984273503618425 -0.055114512890265921 -0.052943383222937436 0.0039940868141761779 0.049046978891067211 -0.062078848435366457 0.044328965663798174 0.0015396687372898829 -0.059402749833771529 0.050811312325067928 -0.064842011168048552 0.050978464646827315 0.054598214624486455 -0.065203648917907406 -0.064732212323706753 -0.06564513864356028 0.047416388578244921 -0.057468150969254651 0.059179690612423813 0.059350684513081731 -0.0633843864288339 -0.065682173174605604 -0.06223679988075316 0.0031386580259451925 -0.00047052005607106922 -0.0046914931435358981 -0.064084251127320829 0.0056249480913995601 -0.0026481513281038814 0.016071540306544358
leaf_weight=0.58427290059626003 0.49739337665960004 2.4079637826653202 0.76616605976596375 65.584793908521533 2.1208462510257955 0.52747783996164777 0.64183187112212181 5.0785318054258815 2.2911334363743663 0.15060541778802772 0.62883143057115276 2.9090167824178934 1.4247517446055997 1.2271686042658974 0.37920523667707984 1.1791706755757321 3.4422171646729112 0.76687990128993977 0.65081965923309226 0.5050145387649535 1.7003051694482554 0.46355704311282053 0.92312170984223385 9.3103183999191952 29.285555176087655 3.499841220676899 1.0263843070715664 6.1243159366422333 0.79307652148418117 2.3875873722136021
leaf_count=19 25 223 42 716 12 12 3 10 131 3 37 7 10 50 26 55 14 40 2 1 90 25 43 22 367 22 33 126 14 19
internal_value=2.1719e-11 -0.0130018 0.000915804 0.00461101 0.00525124 0.0303109 -0.0036718 -0.00277023 -0.0174065 -0.00104287 -0.000410978 0.0198571 -0.00277991 -0.0020672 -5.45912e-05 -0.00314508 0.0362877 -0.0184256 -0.00146088 -0.00639551 -0.0023764 -0.00647005 -0.00331502 0.00996834 -0.00148666 0.00338426 -0.0493824 0.00107225 -0.0421157 0.0352432
internal_weight=149.278 9.82275 139.455 69.6411 68.8749 3.29016 1.16931 69.8143 7.36967 62.4446 61.8604 6.47359 55.3868 54.7579 48.759 44.9376 3.82142 5.9989 43.7584 4.77174 43.1076 32.3725 30.6722 10.7351 29.7491 4.00486 1.17699 6.62171 3.20104 5.2966
internal_count=2199 388 1811 785 743 27 15 1026 141 885 866 62 804 767 654 614 40 113 559 63 557 525 435 32 392 23 36 151 237 26
is_linear=0
shrinkage=0.05


Tree=36
num_leaves=31
num_cat=0
split_feature=6 1 4 14 9 9 12 4 5 5 11 2 10 11 8 15 14 2 10 0 1 5 12 8 5 15 11 11 5 5
split_gain=0.680792 1.07167 0.990885 0.966242 0.809339 0.70124 0.588116 0.537775 0.497199 1.03038 0.743631 1.05711 0.733606 1.74173 0.67595 0.694319 0.606972 1.34355 0.66416 0.751905 0.595355 0.571163 0.878999 0.463353 0.428566 0.535708 2.19256 2.36435 1.71044 1.04759
threshold=0.9942665994167329 0.57202434539794933 0.9480816423892976 42.500000000000007 0.78940886259078991 0.14642857760190967 1.335600018501282 0.38195702433586126 0.73233830928802501 0.5981651544570924 40.23500061035157 1.19985967874527 3.5000000000000004 29.500000000000004 0.30608972907066351 3.5000000000000004 28.500000000000004 1.1778867244720461 7.5000000000000009 2.2422755956649785 0.017740322044119242 0.17876511067152026 4.6878302097320566 0.33540739119052893 0.69095608592033397 10.500000000000002 128.70999908447268 111.79000091552736 0.16845811158418658 0.16336256265640262
decision_type=2 2 2 2 2 2 2 2 2 2 2 2 2 2 2 2 2 2 2 2 2 2 2 2 2 2 2 2 2 2
left_child=1 3 24 -1 5 -2 -5 -8 9 10 -7 14 13 -11 20 -16 17 -17 19 21 -12 -18 -23 -10 25 26 27 -3 29 -27
right_child=4 2 -4 6 -6 8 7 -9 23 12 11 -13 -14 -15 15 16 18 -19 -20 -21 -22 22 -24 -25 -26 28 -28 -29 -30 -31
leaf_value=-0.053285001321857588 -0.055635702195346928 4.9463454537706611e-05 -0.056455473400863959 0.029700165790571512 -0.056114391841845204 0.044023012597561972 0.022557950921649722 -0.056488211455405682 -0.061026640543178891 0.057507648361596081 0.057175290283206441 -0.061237272173547012 0.041795418100565258 -0.061507290528930593 0.047400540043396687 -0.060871102996847164 0.052411310121682146 0.0044551513199926757 -0.001847753228616647 0.0028548394955978575 -0.057612508816396846 -0.033825689731755523 0.038028253670298939 -0.00012656527830745638 0.030499311870272133 -0.0089816078903762475 0.042842097900542872 -0.061027384816133401 -0.059275796816952102 0.041455126280163873
leaf_weight=1.9014343414455646 0.44541489938273926 87.775215625297278 0.80127735808491607 0.8023923849686978 0.51973635703325172 1.2258648509159744 0.33275295910425484 0.6089079559314996 0.3229655958712091 0.60971468687057384 0.13539768755436554 0.60396384540945192 3.8979976694099605 0.6200093999505043 1.0485780518502021 1.0177660575136567 2.1967221498489362 3.4725257223471999 5.737044544890523 3.2717995257116854 0.6816420266404748 0.62216167524456967 1.3473718985915182 9.4861413121689093 1.0932883843779553 9.7047020181780645 2.9383562917355439 1.6136493107769627 1.5822914848104108 1.1517104394733912
leaf_count=231 31 1219 42 6 7 8 8 50 9 1 1 23 19 20 5 45 4 8 14 6 38 10 8 79 9 122 29 79 63 5
internal_value=6.79549e-10 -0.00197387 -0.00106274 -0.0286317 0.00584308 0.00671948 -0.00175379 -0.0285558 0.00748465 0.0110457 0.00621412 0.00391222 0.031173 -0.00249799 0.00592686 0.00787045 0.00552403 -0.0103516 0.0109347 0.020794 -0.0385902 0.0348817 0.0153301 -0.0021317 -0.000643462 -0.000968453 0.000343888 -0.0010531 -0.0107094 -0.00363099
internal_weight=147.569 110.306 106.66 3.64549 37.2628 36.7431 1.74405 0.941661 36.2977 26.4886 21.3608 20.135 5.12772 1.22972 19.531 18.714 17.6654 4.49029 13.1751 7.43806 0.81704 4.16626 1.96953 9.80911 105.859 104.766 92.3272 89.3889 12.4387 10.8564
internal_count=2199 1863 1568 295 336 329 64 58 298 210 170 162 40 21 139 100 95 53 42 28 39 22 18 88 1526 1517 1327 1298 190 127
is_linear=0
shrinkage=0.05


Tree=37
num_leaves=31
num_cat=0
split_feature=6 0 14 15 4 12 5 15 15 4 4 5 8 6 9 6 5 12 4 6 8 8 10 8 5 9 4 0 11 11
split_gain=0.649487 0.862966 0.940753 0.62561 0.567281 0.570769 0.612716 0.873521 0.808658 0.939307 1.41611 0.654011 0.68008 0.532202 0.877573 0.733433 0.704119 0.934651 0.602615 0.804864 0.639372 0.992199 0.689062 2.36402 0.861442 1.26853 0.680835 0.745231 0.665489 1.42853
threshold=0.9077114760875703 3.0259009599685673 42.500000000000007 2.5000000000000004 0.8361022174358369 -2.6956999301910396 0.50620689988136303 4.5000000000000009 5.5000000000000009 0.68619549274444591 0.66892284154891979 0.46359138190746313 0.18279636651277545 0.92766672372818004 0.78940886259078991 0.9412936568260194 0.101379182189703 3.2982000112533574 0.56067425012588512 1.000000059604645 0.35763992369174963 0.45312342047691351 3.5000000000000004 0.44690352678298956 0.44923661649227148 0.51925924420356762 0.72439774870872509 0.00050237510004080843 31.289999961853031 83.540000915527358
decision_type=2 2 2 2 2 2 2 2 2 2 2 2 2 2 2 2 2 2 2 2 2 2 2 2 2 2 2 2 2 2
left_child=1 4 -3 -2 5 -1 11 -8 -9 10 -10 -7 -13 16 15 -15 17 -5 -17 20 26 22 23 -22 25 -24 -20 -28 -23 -30
right_child=3 2 -4 13 -6 6 7 8 9 -11 -12 12 -14 14 -16 18 -18 -19 19 -21 21 28 24 -25 -26 -27 27 -29 29 -31
leaf_value=-0.058218564228664199 -0.062002646033552926 -0.052612011952259875 0.00057418359352527724 -0.060415621074464104 -0.05374117526964152 -0.0012433156694915449 -0.055765882296035164 0.054351205150350072 -0.056607958108663606 -0.070102367434742768 0.05109218427619814 0.053820945309239303 -0.059782144340618903 -0.055131382405176746 -0.054677080568794327 -0.061088216043695576 0.034991325478949155 0.03393329783001249 -0.055655081327214896 0.039946905056557111 -0.06441133924717718 0.05289481873447488 -0.058912939039288265 0.052287751126568395 0.042879080096870026 0.05433880668194644 0.057177109366297552 -0.0036909069898737922 -0.058746483978154018 0.004545724649378846
leaf_weight=0.43595993146300216 0.34731424099299957 1.7470556031912559 1.5863496561069039 0.51766755431890377 0.51531332661397655 90.134250850183889 0.35348628554493133 1.4906585682183504 0.41991930885706086 0.34057210246101033 1.1173344030976293 0.15623414516448875 0.84031646070070565 0.50791636854410072 0.63416574522852798 0.33880473580211301 3.0023160167038441 0.53250929340720177 0.60447965422645111 1.6624215999618162 0.8178356493590424 0.63892011716962116 0.55429692566394784 0.92456948617473245 4.5169259267859161 0.44637474417686462 0.52171498537063499 13.918805354274808 0.94637113926001148 15.379782001604324
leaf_count=16 32 221 63 13 54 1214 20 4 27 10 3 1 52 32 10 16 21 3 36 11 44 2 21 6 31 1 1 118 58 58
internal_value=1.60841e-09 -0.00229201 -0.027301 0.00485386 -0.00142185 -0.00113891 -0.000876565 0.0190082 0.0268549 0.00502782 0.0216726 -0.0016887 -0.041972 0.00535358 0.00369953 0.00458562 0.022665 -0.0125745 0.00532055 0.00587022 0.00442765 0.00945547 0.0249239 -0.0024875 0.0335802 -0.00839415 -0.00366801 -0.00149183 0.00283593 0.000876892
internal_weight=145.951 99.1375 3.33341 46.8132 95.804 95.2887 94.8528 3.72197 3.36848 1.87783 1.53725 91.1308 0.996551 46.4659 42.4134 41.7792 4.05249 1.05018 41.2713 40.9325 39.2701 24.2251 7.26 1.74241 5.5176 1.00067 15.045 14.4405 16.9651 16.3262
internal_count=2199 1685 284 514 1401 1347 1331 64 44 40 30 1267 53 482 445 435 37 16 403 387 376 221 103 50 53 22 155 119 118 116
is_linear=0
shrinkage=0.05


Tree=38
num_leaves=31
num_cat=0
split_feature=6 1 8 4 8 4 10 13 7 2 12 9 9 9 8 12 8 4 12 12 12 5 11 11 11 14 15 12 11 15
split_gain=0.601083 0.923731 0.869237 0.855699 0.67252 0.55924 0.438145 0.491413 1.26524 1.06676 1.64222 0.926852 0.76639 1.4085 0.732697 0.503744 0.506155 0.602456 0.447914 0.515818 1.04183 1.02869 0.423703 0.385324 3.95805 1.76239 1.49314 1.24292 1.23126 1.60194
threshold=0.9942665994167329 0.57202434539794933 0.75472995638847362 0.9480816423892976 0.2275044843554497 0.35536065697669988 1.0000000180025095e-35 2.5000000000000004 9.5000000000000018 1.0607467293739321 3.9721499681472783 0.24499999731779101 0.31698563694953924 0.22474747896194461 0.33540739119052893 -3.4264999628067012 0.69428491592407238 0.9275556504726411 -0.51157498359680165 0.93129998445510875 1.7039499878883364 0.73233830928802501 17.764999389648441 36.109998703002937 46.454999923706062 12.500000000000002 3.5000000000000004 1.5315999984741213 57.534999847412116 4.5000000000000009
decision_type=2 2 2 2 2 2 2 2 2 2 2 2 2 2 2 2 2 2 2 2 2 2 2 2 2 2 2 2 2 2
left_child=1 2 -1 22 -2 -4 -6 8 14 10 -9 -12 13 -11 -8 -16 18 -18 -17 21 -21 -20 -3 27 -25 -26 -27 -24 29 -28
right_child=4 3 5 -5 6 -7 7 9 -10 12 11 -13 -14 -15 15 16 17 -19 19 20 -22 -23 23 24 25 26 28 -29 -30 -31
leaf_value=-0.044000952029708759 -0.053701522963469632 -0.071279810748297076 -0.062263894679310199 -0.055461959946730269 0.039719578716397849 0.032033488354584416 0.047237704636497513 -0.058561098170248051 -0.057304830986449617 0.054673706614573415 -0.0029188369730296058 0.04289568941733541 0.053805216426961282 -0.064174672603131602 0.033983410557921881 -0.066282719861245856 0.018407367030525829 -0.067356199629679731 0.040598255661868393 -0.067071754150250781 -0.00015054071231415737 0.0015285212012305777 0.052018871701977325 -0.059993663085065332 -0.051753061027921092 -0.062955821897419148 -0.00016610238685100701 0.0023668797564452434 -0.0012197102294844435 0.031654152618533875
leaf_weight=2.3732706745504397 0.4716569441370656 0.21197094907984038 0.19840151839889575 0.71722516324371 0.95987383555620809 0.75770718557760119 0.94332740874961629 0.9266059552319329 0.87070518033578892 0.55824452638626121 2.944866131991148 1.7659255024045704 2.3197823539376259 0.45044953748583794 1.1915814727544809 0.23653502017260564 0.32052149623632331 0.56699494458734989 2.3586543370038253 0.60998409544117649 12.48991303774528 5.8970163869671524 1.3699603020213569 2.8332636409904799 1.6080620810389508 0.89989829319529135 8.7233319613151235 15.761420640628783 65.768885005847551 7.2363565098494282
leaf_count=275 43 10 9 42 12 11 6 52 46 1 13 9 5 10 3 3 2 11 8 44 48 20 11 173 76 33 78 101 971 73
internal_value=1.38266e-09 -0.00185587 -0.0277852 -0.00103471 0.00560961 0.0124659 0.0063996 0.00547124 0.00192928 0.0155392 0.00228686 0.0142556 0.0379844 0.00159994 0.00402461 0.00230251 0.000623194 -0.0363832 0.00214429 0.0029022 -0.00326666 0.0126908 -0.000660847 -0.000517191 -0.00186587 8.92346e-05 0.00109816 0.00633744 0.00180344 0.0142617
internal_weight=144.342 108.46 3.32938 105.13 35.8826 0.956109 35.411 34.4511 25.4852 8.96587 5.6374 4.71079 3.32848 1.00869 24.6145 23.6712 22.4796 0.887516 21.5921 21.3556 13.0999 8.25567 104.413 104.201 87.0698 84.2365 82.6285 17.1314 81.7286 15.9597
internal_count=2199 1863 295 1568 336 20 293 281 191 90 74 22 16 11 145 139 136 13 123 120 92 28 1526 1516 1404 1231 1155 112 1122 151
is_linear=0
shrinkage=0.05


Tree=39
num_leaves=31
num_cat=0
split_feature=6 0 14 12 4 5 10 5 8 6 6 11 11 9 9 9 8 14 10 10 11 11 11 9 3 5 5 5 5 11
split_gain=0.56473 0.723774 0.873315 0.51557 0.511016 0.591434 0.818029 0.595185 0.58727 0.496188 0.787373 1.75497 0.678196 1.24313 0.554704 0.461935 0.455336 0.448462 0.439549 1.23067 1.06007 1.30124 1.12588 1.06002 1.16355 0.945859 2.97323 1.98655 1.17531 2.47844
threshold=0.9077114760875703 3.0259009599685673 42.500000000000007 -2.6956999301910396 0.8361022174358369 0.50620689988136303 4.5000000000000009 0.46359138190746313 0.18279636651277545 0.92766672372818004 0.97534465789794933 30.339999198913578 76.029998779296889 0.97413793206214916 0.14642857760190967 0.43167701363563543 0.36518076062202459 22.500000000000004 11.500000000000002 9.5000000000000018 70.055000305175795 72.815002441406264 83.745002746582045 0.57417583465576183 6.7500000000000009 0.1036842204630375 0.13822205364704135 0.10233045369386674 0.16845811158418658 80.26999664306642
decision_type=2 2 2 2 2 2 2 2 2 2 2 2 2 2 2 2 2 2 2 2 2 2 2 2 2 2 2 2 2 2
left_child=1 3 -3 -1 5 7 -7 18 -9 12 11 -11 17 -14 -12 -4 -8 -2 19 25 -20 -22 -23 -24 -25 27 -27 -5 -28 -30
right_child=9 2 15 4 -6 6 16 8 -10 10 14 -13 13 -15 -16 -17 -18 -19 20 -21 21 22 23 24 -26 26 28 -29 29 -31
leaf_value=-0.057728985703874053 0.0045405462717864982 -0.052379929775733691 -0.052272408590640689 0.00076840167589182899 -0.05335821989925521 -0.047832027056524153 -0.057293695152232274 0.053578883749523049 -0.058937455341117717 0.042420707751912617 -0.054978951858889138 -0.056150546150281339 -0.043531363832281657 0.049424119860025158 0.005267866930698497 0.015541979966273307 0.032492251137751525 0.05300623441639405 -0.071967011528627986 -0.064012882913980051 0.060929423332418901 -0.0685221562839438 -0.059772113872297888 0.0038063577681220874 0.045210232218769353 -0.061193600426117246 0.036224095515705317 0.057358276561047417 -0.0023447381843055234 -0.057079694631323875
leaf_weight=0.40390484035015006 0.67376537807285775 1.552683450339827 0.31895878398790944 35.889493238180876 0.46581205236725409 0.40034914761781637 0.14837391860783133 0.13656572997569938 0.76897978852503002 0.6463197767734522 0.38588359102141012 1.4984643285861237 0.85673434659838654 0.61993193626403809 38.568535645492375 1.1806459112558512 2.9231735038338229 1.6369436085224149 0.42632169509306805 0.81579840695485373 1.0815006196498895 0.51430856622755428 0.57752002379856904 12.84321538126096 1.955164212733506 2.4649303383193901 1.7037306730635489 1.6208609081804741 27.354318122146655 2.2373395806644103
leaf_count=16 10 221 42 381 54 23 6 1 52 3 31 91 20 2 352 21 35 5 10 49 2 15 25 49 18 111 22 4 385 143
internal_value=7.12385e-10 -0.00213131 -0.026096 -0.00135916 -0.00111779 -0.000858535 0.0193929 -0.0016364 -0.0419688 0.004643 0.00304717 -0.0264466 0.0219604 -0.00450693 0.00467106 0.00111818 0.0281551 0.0388744 -0.00122825 -0.00294981 0.00590482 0.00786093 0.00424904 0.00668317 0.00927664 -0.00225085 -0.00832241 0.00321371 -0.0041581 -0.00648309
internal_weight=142.671 97.7839 3.05229 94.7317 94.3278 93.8619 3.4719 90.39 0.905546 44.8866 41.0992 2.14478 3.78738 1.47667 38.9544 1.4996 3.07155 2.31071 89.4845 72.0865 17.398 16.9717 15.8902 15.3759 14.7984 71.2707 33.7603 37.5104 31.2954 29.5917
internal_count=2199 1685 284 1401 1385 1331 64 1267 53 514 477 94 37 22 383 63 41 15 1214 1095 119 109 107 92 67 1046 661 385 550 528
is_linear=0
shrinkage=0.05


Tree=40
num_leaves=31
num_cat=0
split_feature=6 0 14 15 4 5 10 5 8 1 8 6 9 6 11 9 4 6 8 8 8 8 4 0 11 11 11 1 11 14
split_gain=0.511634 0.673893 0.816784 0.516569 0.474664 0.477058 0.815915 0.555773 0.515479 0.487489 0.728924 0.436385 0.747935 0.598484 0.586702 1.07181 0.509391 0.680776 0.550495 0.899176 0.581758 2.52472 0.577484 0.631045 0.564739 1.2425 0.507615 0.669501 0.43781 0.421418
threshold=0.9077114760875703 3.0259009599685673 42.500000000000007 2.5000000000000004 0.8361022174358369 0.50620689988136303 4.5000000000000009 0.46359138190746313 0.18279636651277545 0.99980640411376964 0.62428957223892223 0.92766672372818004 0.78940886259078991 0.9412936568260194 76.029998779296889 0.97413793206214916 0.56067425012588512 1.000000059604645 0.35763992369174963 0.45312342047691351 0.41461125016212469 0.36967040598392492 0.72439774870872509 0.00050237510004080843 31.289999961853031 83.540000915527358 29.279999732971195 0.95275375247001659 49.250000000000007 22.500000000000004
decision_type=2 2 2 2 2 2 2 2 2 2 2 2 2 2 2 2 2 2 2 2 2 2 2 2 2 2 2 2 2 2
left_child=1 4 -3 -2 5 7 -7 -1 -9 10 -8 14 13 -13 29 -16 -15 18 22 20 21 -20 -18 -24 -21 -26 -25 -28 -22 -5
right_child=3 2 -4 11 -6 6 9 8 -10 -11 -12 12 -14 16 15 -17 17 -19 19 24 28 -23 23 26 25 -27 27 -29 -30 -31
leaf_value=-0.0013831691279321422 -0.060859988111892166 -0.052227584967291164 0.00084123911924463687 0.0043111050156947814 -0.053158771113698204 -0.047909923612260916 -0.056398341781686769 0.053199604513524838 -0.058407688693213125 0.056447882962143897 0.025411807084623397 -0.054160518172028729 -0.054327894066548865 -0.059319150355451634 -0.041555125953446903 0.047558203946859855 -0.054896052583696522 0.038847494026556718 0.042714868843318578 0.051779070656057559 -0.059808726377642646 -0.063486898229230884 0.056317319944032197 0.042729938701839554 -0.057797260405192147 0.0042571412221279982 -0.057370648495621304 -0.003060104576196565 0.039070466846078358 0.052115195569653355
leaf_weight=88.94279371900484 0.30078770953696121 1.4548351466073648 1.445397966308519 0.65951231867074955 0.43930445029400189 0.42278047697618548 0.3212587072048344 0.12090887874364753 0.71683374489657581 0.92699754238128651 1.7857134217629207 0.43437396362423797 0.55322539061307807 0.30686099035665293 0.79786088503897168 0.58469538763165474 0.52701075794175167 1.4605571627616871 1.5935936737805634 0.56583032943308609 0.1152238007634877 0.86249223607592274 0.45532193779945274 0.56881785020232101 0.85204747144598414 15.142563243745824 0.59429770708084007 12.557818100787697 3.9375134131405503 1.5318217705935238
leaf_count=1226 32 221 63 10 54 25 20 1 52 1 22 32 10 16 20 2 36 11 9 2 7 49 1 2 58 58 25 91 38 5
internal_value=3.53695e-10 -0.00204239 -0.0257795 0.00444229 -0.00130748 -0.00106318 0.0171639 -0.00176496 -0.0422997 0.0262319 0.0129379 0.00488767 0.00341069 0.00420977 0.0216364 -0.0038683 0.00485101 0.00535291 0.00405777 0.00887668 0.0246223 0.00542049 -0.00350305 -0.00159248 0.0026881 0.000951447 -0.00351419 -0.00551421 0.0362592 0.0377279
internal_weight=140.979 96.5768 2.90023 44.4022 93.6766 93.2373 3.45675 89.7805 0.837743 3.03397 2.10697 44.1014 40.5275 39.9743 3.57389 1.38256 39.5399 39.2331 37.7725 23.0693 6.50882 2.45609 14.7033 14.1763 16.5604 15.9946 13.7209 13.1521 4.05274 2.19133
internal_count=2199 1685 284 514 1401 1347 68 1279 53 43 42 482 445 435 37 22 403 387 376 221 103 58 155 119 118 116 118 116 45 15
is_linear=0
shrinkage=0.05


Tree=41
num_leaves=31
num_cat=0
split_feature=6 4 0 8 8 8 11 12 12 12 13 10 10 11 14 8 8 2 4 10 12 6 4 9 8 8 13 11 11 4
split_gain=0.489045 0.740779 0.743072 0.822393 0.569714 0.527406 0.385849 0.386683 1.08516 0.954225 1.35232 1.06029 0.984714 0.884469 1.60501 0.980168 0.882438 2.27891 1.19617 1.10763 0.835115 0.795851 1.1277 1.05008 0.789806 0.782043 0.775355 1.73564 1.67618 1.59937
threshold=0.9942665994167329 0.9480816423892976 3.8463647365570073 0.73439970612525951 0.2275044843554497 0.75913551449775707 17.764999389648441 2.4276499748229985 2.2303500175476079 2.546819925308228 1.5000000000000002 3.5000000000000004 1.0000000180025095e-35 36.109998703002937 12.500000000000002 0.37135727703571325 0.71998032927513134 0.89563944935798656 0.68035656213760387 11.500000000000002 2.6367999315261845 0.58130112290382396 0.19397783279418948 0.77350428700447094 0.69428491592407238 0.25759340822696691 1.5000000000000002 80.26999664306642 49.995000839233406 0.37911714613437658
decision_type=2 2 2 2 2 2 2 2 2 2 2 2 2 2 2 2 2 2 2 2 2 2 2 2 2 2 2 2 2 2
left_child=1 2 6 -4 -2 -5 -1 8 13 10 11 -9 -11 15 -15 -8 17 -16 19 21 -14 22 -18 -24 26 -10 -22 28 29 -28
right_child=4 -3 3 5 -6 -7 7 9 25 12 -12 -13 20 14 16 -17 18 -19 -20 -21 24 -23 23 -25 -26 -27 27 -29 -30 -31
leaf_value=-0.07038404425391219 -0.053185961964478369 -0.054746445406076684 -0.052813737117623306 0.049801309461581789 0.0058865530661609241 -0.053705897107846338 0.055414063710561748 -0.066576826961789917 0.044811047780000952 -0.060696335554919101 0.051354489966717688 0.012948424102862413 -0.059494364229773847 -0.052158461800665426 -0.0019474593008392983 0.0026460983406073821 0.041054957319315195 -0.052239905569833558 -0.060911647631811908 -0.061301278565850215 0.0065077634531904918 0.040793392071258747 -0.060211786063987374 0.0053050428278390311 -0.05821689290288698 -0.059856628260478772 -0.068354233176415757 -0.041155300313327314 0.0058906132692865109 -0.0061645526438012686
leaf_weight=0.19870650675147672 0.41311933193355699 0.65384338749572535 1.3818178958608758 0.40236278600059439 33.971270383219235 0.17729577457066625 1.2492491528391827 0.4936186540871853 0.20583980809897084 0.66633164451923121 2.2429891591891646 2.7777699194848537 0.57646954245865245 1.7860160078853393 14.032439198694197 2.9776217851322144 1.7267196807078962 2.6831885700812554 0.57071326440200287 0.46460674703121263 34.273598118568771 2.6216523284092546 0.76015458628535304 3.1291786320507526 0.55867893667891522 1.3417619538959114 1.5824409037595675 2.9287660747067994 19.772197786718607 2.9821022050455213
leaf_count=10 43 42 216 6 293 16 2 23 4 34 15 10 36 99 163 33 11 142 32 15 325 10 36 15 27 76 54 176 174 61
internal_value=9.14899e-10 -0.00169174 -0.00135998 -0.0318447 0.00517681 0.0181423 -0.000777203 -0.000642137 -0.00504379 0.00150254 0.0214515 0.000948887 -0.000234201 -0.00306627 -0.006309 0.0182416 -0.00315809 -0.0100204 0.00921194 0.0138108 0.000408613 0.0180471 0.00742881 -0.00749996 0.000964707 -0.0459352 0.00150198 -0.00479044 -0.000414168 -0.0277245
internal_weight=139.603 105.218 104.564 1.96148 34.3844 0.579659 102.603 102.404 33.5491 68.855 5.51438 3.27139 63.3406 32.0015 27.7747 4.22687 25.9887 16.7156 9.27303 8.70231 62.6743 8.23771 5.61605 3.88933 62.0978 1.5476 61.5391 27.2655 24.3367 4.56454
internal_count=2199 1863 1821 238 336 22 1583 1573 638 935 48 33 887 558 523 35 424 305 119 87 853 72 62 51 817 80 790 465 289 115
is_linear=0
shrinkage=0.05


Tree=42
num_leaves=31
num_cat=0
split_feature=6 0 14 12 15 5 10 5 8 1 6 6 9 5 12 6 9 4 8 4 6 8 11 11 13 12 9 8 4 4
split_gain=0.43979 0.584045 0.751538 0.458915 0.44292 0.442018 0.810538 0.497672 0.433183 0.412656 0.684814 0.395249 0.657969 0.53723 0.759559 0.527543 0.445997 0.403936 1.04346 0.403933 0.602042 0.44054 0.890247 0.900889 0.519665 0.543778 0.487339 1.21724 0.477183 0.555951
threshold=0.9077114760875703 3.0259009599685673 42.500000000000007 -2.6956999301910396 2.5000000000000004 0.50620689988136303 4.5000000000000009 0.46359138190746313 0.18279636651277545 0.99980640411376964 0.70437082648277294 0.92766672372818004 0.78940886259078991 0.101379182189703 3.2982000112533574 0.9412936568260194 0.14642857760190967 0.68619549274444591 0.32883180677890783 0.56067425012588512 1.000000059604645 0.35763992369174963 57.534999847412116 63.334999084472663 2.5000000000000004 3.5348600149154668 0.34891304373741155 0.66341876983642589 0.72439774870872509 0.7607693374156953
decision_type=2 2 2 2 2 2 2 2 2 2 2 2 2 2 2 2 2 2 2 2 2 2 2 2 2 2 2 2 2 2
left_child=1 3 -3 -1 -2 7 -7 -5 -9 10 -8 13 15 14 -6 -13 -17 -15 -19 -18 21 28 26 -24 -25 -26 -23 -28 -21 -30
right_child=4 2 -4 5 11 6 9 8 -10 -11 -12 12 -14 17 -16 16 19 18 -20 20 -22 22 23 24 25 -27 27 -29 29 -31
leaf_value=-0.057024929994887265 -0.060043896405670372 -0.05202793460559757 0.0011304585911156558 -0.0013238430464073718 -0.059074059131063519 -0.047817989558209262 0.026334097293667633 0.052870508638787367 -0.057619624478410805 0.055804491086791398 -0.057945893629342542 -0.053709554584377997 -0.053171855860499065 0.055962618713529158 0.034235275679280017 -0.054796067359371717 -0.059263849912091271 0.041705168889807021 -0.058175933230693755 -0.054555088559380793 0.038152774865150625 0.039664678055245824 -0.061476982880545539 0.0023752964894719229 -0.023722360511408774 0.037984115476598995 -0.055207714173436118 0.054877895742729457 0.055704931975937858 -0.0028148214869255696
leaf_weight=0.36709455959498782 0.26671334903221477 1.3073027988721144 1.3530263293068854 88.47839518962428 0.43604390695691053 0.41745395632460658 1.6674276462290438 0.10292515903711219 0.64221609523519874 0.85563063621520985 0.28175330569501955 0.39281276287510891 0.51086157374083896 1.0881252288818362 0.43634728528559208 0.31424762075766821 0.24287002277560432 0.97423455864191033 0.35741733852773905 0.42956591863185067 1.3550795838236798 3.0619456325657692 0.51224022940732794 15.456871734932067 0.43335383990779464 2.0270319571718574 0.50501377740874864 0.49943265318870544 0.41851317882537742 13.419427058659492
leaf_count=16 32 221 63 1257 13 30 24 1 52 1 20 32 10 2 3 27 14 5 14 32 10 31 33 86 20 15 32 1 1 101
internal_value=1.08595e-09 -0.00189314 -0.0249919 -0.00123105 0.0041899 -0.0010095 0.0171836 -0.00166653 -0.0423578 0.0268581 0.0141515 0.00458951 0.0032049 0.0212357 -0.0124032 0.00394209 0.00452763 0.0333633 0.0148969 0.0050136 0.00542314 0.00421674 0.00857564 0.00390344 0.00577262 0.0271156 0.0297508 -0.00047075 -0.00265604 -0.00104496
internal_weight=138.611 95.4732 2.66033 92.8129 43.1381 92.4458 3.22227 89.2235 0.745141 2.80481 1.94918 42.8714 39.5793 3.29217 0.872391 39.0684 38.6756 2.41978 1.33165 38.3613 38.1185 36.7634 22.4959 18.4295 17.9173 2.46039 4.06639 1.00445 14.2675 13.8379
internal_count=2199 1685 284 1401 514 1385 75 1310 53 45 44 482 445 37 16 435 403 21 19 376 362 352 218 154 121 35 64 33 134 102
is_linear=0
shrinkage=0.05


Tree=43
num_leaves=31
num_cat=0
split_feature=6 7 12 12 4 9 1 10 6 8 1 12 4 8 8 5 5 12 5 6 8 6 8 9 6 4 5 4 5 11
split_gain=0.428104 0.663801 1.10308 0.924661 0.87899 0.675842 0.543426 1.62693 0.534251 0.448867 1.73783 2.03594 1.44331 0.706173 1.62669 0.684771 0.770992 0.478608 1.70183 0.472823 0.441828 1.74545 1.51094 1.50212 0.67978 0.426346 0.632993 1.52163 0.915041 0.851793
threshold=0.55274108052253734 22.500000000000004 3.2982000112533574 4.3221499919891366 0.72439774870872509 0.14642857760190967 0.71161705255508434 3.5000000000000004 0.50091430544853222 0.60649949312210094 0.88855493068695079 0.14350000023841861 0.43452532589435583 0.49429558217525488 0.60417789220809948 0.34514106810092932 0.101379182189703 -3.4264999628067012 0.54775193333625805 0.71434536576271068 0.41461125016212469 0.9942665994167329 0.37655055522918707 0.36939570307731634 1.000000059604645 0.51431426405906688 0.36410985887050634 0.41892929375171667 0.34342093765735632 39.314998626708991
decision_type=2 2 2 2 2 2 2 2 2 2 2 2 2 2 2 2 2 2 2 2 2 2 2 2 2 2 2 2 2 2
left_child=8 5 -3 -4 -5 -2 7 -7 25 13 15 12 -12 19 -15 16 -11 -14 -19 -8 22 -22 24 -23 -21 26 28 -28 -1 -30
right_child=1 2 3 4 -6 6 9 -9 -10 10 11 -13 17 14 -16 -17 -18 18 -20 20 21 23 -24 -25 -26 -27 27 -29 29 -31
leaf_value=-0.0033252689069560117 -0.051222517127631623 -0.055938345852179966 0.054409586299584173 -0.05869350463570825 0.042076978830261222 0.0027318052497479106 -0.040227235126512335 -0.05614501216667736 -0.056885956087444595 -0.057681464921401721 0.072524409539190454 -0.064125494500241728 0.029768058151618221 -0.059205708097113209 0.003356923298738255 0.054866531334455952 0.040343521385426621 -0.065227125298710359 0.009319810147370702 0.0024094183822223874 -0.057390245673777429 0.04661101184415152 -0.057574132149033785 -0.0022601967622805992 0.041705735328787942 0.052203207268416707 -0.060816893272188637 -0.00053271348185404959 0.05568052142106087 0.0078563756252421676
leaf_weight=56.753520021215081 0.59814346127677609 0.3726847968064243 1.9778749695979061 0.42636534292250861 0.43943201005458832 4.7643335987813762 0.60776097397319873 1.5567067722149657 0.45385316415922616 0.32271748385391985 0.80704039335250843 1.0812281077960504 1.1754016354680059 1.5296560321003188 3.2391394337173551 2.6057126168161631 0.53007401898503304 0.96191365178674448 3.7511668386869133 33.393462161300704 0.73372155788820137 3.4099706271663308 1.0361188733950246 2.9176002416061237 1.1380434855818737 0.3548871188540933 1.5595102248189494 3.1835951559478417 1.1720395870506752 4.5284511803183705
leaf_count=898 47 19 8 14 3 101 25 153 57 12 2 62 4 96 5 9 4 24 13 262 64 23 66 20 5 3 119 40 2 39
internal_value=3.54958e-10 0.00276342 0.0249453 0.0355457 -0.00754785 0.00168505 0.00216775 -0.011768 -0.00281911 0.0036547 0.0126512 -0.000462588 0.00981803 0.00154916 -0.0167109 0.0421386 0.00324843 0.00122387 -0.00589481 0.00356315 0.00418747 0.0156118 0.00191939 0.0240768 0.00370449 -0.00245586 -0.00274453 -0.0203539 -0.00140718 0.0176892
internal_weight=137.382 69.3763 3.21636 2.84367 0.865797 66.1599 65.5618 6.32104 68.0059 59.2407 11.2353 7.77675 6.69552 48.0055 4.7688 3.4585 0.852792 5.88848 4.71308 43.2367 42.6289 7.06129 35.5676 6.32757 34.5315 67.552 67.1971 4.74311 62.454 5.70049
internal_count=2199 1041 44 25 17 997 950 254 1158 696 130 105 43 566 101 25 16 41 37 465 440 107 333 43 267 1101 1098 159 939 41
is_linear=0
shrinkage=0.05


Tree=44
num_leaves=31
num_cat=0
split_feature=6 7 12 12 4 9 6 5 12 9 5 2 9 5 10 1 10 8 1 12 4 5 4 6 9 14 8 6 6 11
split_gain=0.410015 0.650553 0.982298 0.819007 0.806141 0.636011 0.507022 2.42902 1.99257 1.42616 1.38811 1.62805 1.24796 1.92747 0.793648 0.489408 1.50532 0.418172 1.58036 1.75967 1.19446 0.628801 0.694002 0.60876 0.53452 1.52165 0.730149 1.68678 0.536111 0.39713
threshold=0.55274108052253734 22.500000000000004 3.2982000112533574 4.3221499919891366 0.72439774870872509 0.14642857760190967 0.31082732975482946 0.065432932227849974 3.1617399454116826 0.095454547554254546 0.083202719688415541 0.74650457501411449 0.13484849035739901 0.10233045369386674 1.0000000180025095e-35 0.71161705255508434 3.5000000000000004 0.60649949312210094 0.88855493068695079 0.14350000023841861 0.43452532589435583 0.34514106810092932 0.66892284154891979 0.71434536576271068 0.36038962006568914 24.500000000000004 0.41461125016212469 0.9942665994167329 1.000000059604645 49.250000000000007
decision_type=2 2 2 2 2 2 2 2 2 2 2 2 2 2 2 2 2 2 2 2 2 2 2 2 2 2 2 2 2 2
left_child=6 5 -3 -4 -5 -2 9 -8 -9 -1 -10 -12 13 -11 -14 16 -7 23 21 20 -20 22 -19 -17 26 -26 28 -28 -25 -29
right_child=1 2 3 4 -6 15 7 8 10 12 11 -13 14 -15 -16 17 -18 18 19 -21 -22 -23 -24 24 25 -27 27 29 -30 -31
leaf_value=-0.064545032388976284 -0.050793934136176791 -0.0553037711955425 0.053683063435469053 -0.057773836092432043 0.042880474375376738 0.0024716442701009597 -0.067236639989375499 -0.053161321551870949 0.053955758616979259 -0.049468111859448667 0.008311474611719832 -0.059845057914668154 -0.062075776537546284 0.045652275791674572 -0.00113821491994301 -0.042846465927346582 -0.055640629563283098 0.038771091309076772 0.069304349383455227 -0.062342453683630977 0.0016375464949858398 0.054107057765459148 -0.058036950109711216 0.0016062167952937121 -0.056344666350139544 -0.00050210510646175053 -0.054100165306528329 -0.058484069753761005 0.036825860471658811 0.041763278988993735
leaf_weight=0.86340441924403322 0.57210078742355008 0.33424800960347001 1.8722267532721164 0.3933312976732849 0.40246814675629139 4.7356062578037372 1.7129010851494957 1.637681885738856 1.3319741149898598 0.64892542269080822 5.9301415058434941 1.0280808636453 0.53997619566507538 2.9703181679942645 50.969887949933764 0.75925496115814795 1.4573075651424003 0.49992087553255116 0.73550087213516224 0.98734276846516866 5.7562754587270319 2.4564137775450945 0.2940066996961832 27.304519733646888 1.3480849417392153 12.829259898979215 0.56850096257403393 0.10178159223869476 1.12502060830593 3.3647883338853717
leaf_count=31 47 19 8 14 3 101 63 123 6 13 37 71 38 13 763 33 153 7 2 62 41 9 9 256 110 76 49 8 6 28
internal_value=-3.51528e-10 0.00274475 0.0254992 0.0356221 -0.00686886 0.00169206 -0.00275549 -0.0122501 -0.00276303 -0.000781567 0.00719287 -0.00175869 0.000217064 0.0285973 -0.00177702 0.00215887 -0.0112033 0.0035824 0.0124959 -0.000154269 0.00930401 0.0416044 0.00292121 0.00156478 0.00228772 -0.00581202 0.00582489 0.0257284 0.00299994 0.0388199
internal_weight=135.531 67.898 3.00227 2.66803 0.795799 64.8957 67.6333 11.6408 9.92788 55.9925 8.2902 6.95822 55.1291 3.61924 51.5099 64.3236 6.19291 58.1307 10.7295 7.47912 6.49178 3.25034 0.793928 47.4012 46.642 14.1773 32.4646 4.03507 28.4295 3.46657
internal_count=2199 1041 44 25 17 997 1158 300 237 858 114 108 827 26 801 950 254 696 130 105 43 25 16 566 533 186 347 85 262 36
is_linear=0
shrinkage=0.05


Tree=45
num_leaves=31
num_cat=0
split_feature=11 6 7 12 12 4 9 4 5 5 4 12 2 5 4 4 3 12 3 11 11 10 9 12 9 3 10 3 12 6
split_gain=0.387772 0.342325 0.5981 0.865673 0.720273 0.71258 0.588121 0.501606 2.61609 1.34898 1.3027 1.49902 1.12417 1.08756 0.768932 1.37066 0.727407 0.687355 0.661329 0.628833 2.47525 1.28307 1.58838 0.794979 0.579801 1.06405 0.734478 0.493797 1.04409 0.638345
threshold=17.764999389648441 0.55274108052253734 22.500000000000004 3.2982000112533574 4.3221499919891366 0.72439774870872509 0.14642857760190967 0.073419854044914259 0.080328494310379042 0.081772197037935271 0.070160306990146651 3.8476999998092656 1.1964235901832583 0.092712603509426131 0.11179734393954278 0.11493944376707078 17.500000000000004 -0.93249997496604908 3.2500000000000004 37.855001449584968 51.95000076293946 1.0000000180025095e-35 0.22474747896194461 1.5315999984741213 0.94281044602394115 3.2500000000000004 14.500000000000002 7.2500000000000009 3.7430100440979008 0.057098144665360458
decision_type=2 2 2 2 2 2 2 2 2 2 2 2 2 2 2 2 2 2 2 2 2 2 2 2 2 2 2 2 2 2
left_child=-1 7 6 -4 -5 -6 -3 10 -9 -10 11 17 13 -11 16 -16 -15 -2 -19 23 -21 -22 -23 -17 25 -24 -26 -27 29 -29
right_child=1 2 3 4 5 -7 -8 8 9 12 -12 -13 -14 14 15 19 -18 18 -20 20 21 22 24 -25 26 27 -28 28 -30 -31
leaf_value=-0.070339328518099903 -0.075363725995097719 -0.049816819522502734 -0.054744816914851759 0.052680241657831112 -0.056982514726882962 0.041609418572993245 0.0020966062482757515 -0.055453197295318737 0.047025578096619391 -0.06218233267182504 0.045714833000482985 -0.065637078873029012 -0.05603143349550882 -0.06635769171596427 0.043701653734609762 0.048151832977659043 0.054966926720452759 0.060880704063185111 0.0025606116205658027 -0.060123360320700259 0.047810462117740128 -0.062052756370264167 -0.064560906472969526 0.003197000625875085 -0.021292003256271175 0.0029990698705923621 0.051387520827985068 -0.057577334726558842 -0.057910144845451428 0.0010703536513418652
leaf_weight=0.19565191003493865 0.2763971274253042 0.55030118930153449 0.30053315404802505 1.7362709399312737 0.3572948733344673 0.37627525441348553 63.405973785585957 2.4767130257096133 1.3278707093559194 0.75745152891613443 1.7008643355220545 0.82999857561662693 1.0194114334881295 0.7705454847891805 1.6698532355949272 1.187220106832682 0.14713381230831146 0.49870726466179505 19.221263707848266 1.9599391088995641 1.2369472691789294 1.138796178856867 0.69563493272290244 5.7291281521320343 0.51627196988556434 15.884692788880786 1.0640484280884264 0.51169663667678733 1.0932152373716233 4.9748657146701589
leaf_count=10 26 47 19 8 14 3 950 140 8 45 8 56 63 50 7 11 1 2 165 132 10 52 22 23 11 115 3 25 76 97
internal_value=8.18783e-10 0.000103153 0.00263515 0.0253798 0.0351295 -0.00641107 0.00164993 -0.00243029 -0.0055274 -0.00256105 0.00364117 0.000205069 -0.00419261 -0.00284923 -0.00168432 -0.000582467 -0.0469054 0.00293801 0.00403549 -0.00263701 -0.00586032 -0.00193822 -0.00431605 0.0109137 -0.00165845 -0.00365789 0.027644 -0.00177196 -0.01329 -0.00439934
internal_weight=133.611 133.415 66.7266 2.77037 2.46984 0.73357 63.9563 66.6887 44.1614 41.6847 22.5272 20.8264 40.3569 39.3374 38.58 37.6623 0.917679 19.9964 19.72 35.9925 29.0761 27.1162 25.8792 6.91635 24.7404 23.1601 1.58032 22.4645 6.57978 5.48656
internal_count=2199 2189 1041 44 25 17 997 1148 891 751 257 249 743 680 635 584 51 193 167 577 543 411 401 34 349 335 14 313 198 122
is_linear=0
shrinkage=0.05


Tree=46
num_leaves=31
num_cat=0
split_feature=11 4 11 11 4 0 10 6 4 3 8 12 11 12 12 13 5 8 8 11 9 10 8 2 10 12 12 8 9 9
split_gain=0.337115 0.318641 1.27279 0.908087 0.415467 0.291761 0.890985 0.505502 0.426142 0.427889 0.329733 0.350022 0.393669 0.299253 0.575553 0.937621 0.763859 0.397734 0.702621 3.23788 1.60221 0.710912 0.781457 2.71604 1.82598 1.53437 1.05317 1.02068 0.994719 0.771516
threshold=17.764999389648441 0.97669050097465526 47.739999771118171 29.500000000000004 0.97124338150024425 3.0259009599685673 3.5000000000000004 0.12562046945095065 0.35536065697669988 17.500000000000004 0.21940750628709796 3.9721499681472783 53.049999237060554 -3.4264999628067012 -0.93249997496604908 2.5000000000000004 0.54775193333625805 0.64677500724792492 0.45063807070255285 69.599998474121108 0.80384615063667308 1.0000000180025095e-35 0.28063718974590307 0.83871760964393627 1.5000000000000002 1.5131499767303469 1.5204700231552126 0.17927792668342593 0.073333334177732482 0.17156863212585452
decision_type=2 2 2 2 2 2 2 2 2 2 2 2 2 2 2 2 2 2 2 2 2 2 2 2 2 2 2 2 2 2
left_child=-1 4 3 -3 5 13 10 8 9 -8 -7 12 -12 -2 15 16 -15 18 21 -20 -21 -16 23 -23 -24 -26 -27 29 -28 -25
right_child=1 2 -4 -5 -6 6 7 -9 -10 -11 11 -13 -14 14 17 -17 -18 -19 19 20 -22 22 24 27 25 26 28 -29 -30 -31
leaf_value=-0.068896435309115919 0.020400110166399699 0.0040350503117108499 0.04165551725599681 -0.06474892493670685 -0.053326663174056148 -0.052801022035204738 -0.057628622610823715 -0.054545117026558766 0.061591066241153451 0.044414191438798635 -0.062686532621840999 0.041171328226480106 0.0026499642545907351 -0.060693153729473176 0.030251314362464407 0.012177173854380149 0.0075799658650174077 0.0083854344428735249 -0.056704193240907134 0.0019118453301156938 -0.057804829882258706 0.00067124403082770138 -0.065434363722703226 -0.058467482150741816 -0.060466677464471902 0.057709290130514825 0.051266205287989391 -0.059754888931129527 0.0052070999443443403 0.053166381413165459
leaf_weight=0.17731328424997528 1.8265779446810473 3.2420676390174772 2.1964211259037256 0.56318990746512998 0.3703128919005384 0.27164732245728274 0.33966187914484214 1.4157493770180734 0.18959912657737732 0.14727638359181583 0.243531182873994 0.55635681829880912 4.3242403644835576 1.4711303920485073 2.1586041795089832 1.3387203151360156 0.56781730940565456 14.362144510727374 2.9725349399959695 21.505088676465679 1.1851325663737942 21.398509029531855 0.90202144579961796 0.25363863632082884 0.84142260253429313 1.0279879570007313 1.2060507833957661 2.8481699251569808 41.789988614851609 0.39706340432167053
leaf_count=10 15 16 10 46 34 25 41 190 1 5 24 18 84 77 26 17 14 171 234 297 78 74 41 17 53 1 2 136 441 1
internal_value=2.15376e-10 9.26089e-05 0.0113483 -0.00614519 -0.000443907 -0.000287916 -0.00985863 -0.0375559 -0.00200354 -0.0267654 0.000881365 0.00372725 -0.000833457 0.000319153 3.56595e-06 -0.0203341 -0.0416801 0.000612292 -0.000521258 -0.00763547 -0.00120722 0.00198577 0.00112234 -0.00600656 0.00500044 0.00641653 0.00769486 -0.0468469 0.00649907 0.00965236
internal_weight=132.09 131.913 6.00168 3.80526 125.911 125.541 7.48806 2.09229 0.676537 0.486938 5.39578 5.12413 4.56777 118.053 116.226 3.37767 2.03895 112.848 98.4862 25.6628 22.6902 72.8235 70.6649 24.8974 45.7675 44.8654 44.024 3.49887 42.996 0.650702
internal_count=2199 2189 72 62 2117 2083 388 237 47 46 151 126 108 1695 1680 108 91 1572 1401 609 375 792 766 228 538 497 444 154 443 18
is_linear=0
shrinkage=0.05


Tree=47
num_leaves=31
num_cat=0
split_feature=6 0 11 12 5 10 5 15 1 8 6 6 11 11 9 10 10 5 11 11 5 5 5 5 15 9 12 9 9 10
split_gain=0.318047 0.450283 0.595065 0.402871 0.404035 0.624551 0.405611 0.383325 0.377553 0.546332 0.349722 0.530404 1.12409 0.394106 0.636962 0.334367 0.903782 0.802073 0.7539 0.900611 0.705436 2.33121 1.57901 0.818471 1.93125 0.728185 2.03393 0.645083 1.02298 1.66306
threshold=0.9077114760875703 3.0259009599685673 198.38499450683597 -2.6956999301910396 0.50620689988136303 4.5000000000000009 0.46359138190746313 18.500000000000004 0.99980640411376964 0.62428957223892223 0.92766672372818004 0.97534465789794933 30.339999198913578 76.029998779296889 0.97413793206214916 11.500000000000002 9.5000000000000018 0.10756755620241167 70.055000305175795 72.815002441406264 0.1036842204630375 0.13822205364704135 0.10233045369386674 0.16845811158418658 6.5000000000000009 0.36602871119976049 0.14350000023841861 0.12771739065647128 0.15587044507265094 2.5000000000000004
decision_type=2 2 2 2 2 2 2 2 2 2 2 2 2 2 2 2 2 2 2 2 2 2 2 2 2 2 2 2 2 2
left_child=1 3 -3 -1 6 -6 15 -4 9 -7 13 12 -12 -2 -15 16 20 -17 -19 -20 22 -22 -5 -23 25 27 -27 -25 -29 -30
right_child=10 2 7 4 5 8 -8 -9 -10 -11 11 -13 -14 14 -16 17 -18 18 19 -21 21 23 -24 24 -26 26 -28 28 29 -31
leaf_value=-0.056236288867413609 0.037276461914498397 -0.048414724655844808 0.03784935615109139 0.00040828256676389888 -0.044969859516695715 -0.054597208161385913 -0.042375316330599433 -0.023305288160400773 0.055121465098246392 0.024873606837785493 0.041280799833777471 0.0037016895924230036 -0.054516064423544258 -0.035764042123341555 0.044494895881602568 -0.054492288469146714 -0.061120862343783194 -0.066337950077960839 0.056070417690327903 0.0057463656846595971 -0.058877679612672075 0.031679573292242323 0.053355287836040349 -0.06077042789894286 -0.056146779399406738 0.035000778534889747 -0.058693729036824162 0.049514307915212587 -0.058354078967968563 0.0024523984768833711
leaf_weight=0.32984503358602424 1.5640558479353779 1.1689392936823417 0.45719427382573463 34.735359303187579 0.35034497990272884 0.25317343615461174 0.60251011385116626 0.58298145094886422 0.78229898214340199 1.4833626049803568 0.43112485110759635 35.839196534827352 1.0569871419575063 0.59952482022345044 0.42067178711295128 0.5451213382184531 0.65694989555049588 0.34132194239646452 0.94595703482627769 14.778521917061878 2.0775544913485673 1.5189274635631616 1.467620588839053 0.42434408515692723 1.7962450102204446 0.86758051067590658 1.7427179414080454 1.0555675085634018 1.1899880077689911 20.423824253142811
leaf_count=16 15 232 14 381 30 22 53 38 1 22 3 383 91 20 2 27 49 10 2 80 111 30 4 13 138 7 158 3 66 178
internal_value=5.54209e-10 -0.00163857 -0.0239353 -0.00108118 -0.000874536 0.0175801 -0.00149623 0.00357436 0.0262802 0.0132874 0.00371869 0.00248719 -0.0267625 0.0215067 -0.00266976 -0.00120498 -0.00275938 0.00515417 0.00717801 0.00877377 -0.00218968 -0.00771308 0.00255468 -0.00405008 -0.00602355 -0.00252084 -0.0275526 0.000308518 0.00145184 -0.000895413
internal_weight=130.49 90.5783 2.20912 88.3691 88.0393 2.86918 85.1701 1.04018 2.51884 1.73654 39.9116 37.3273 1.48811 2.58425 1.0202 84.5676 67.9567 16.6109 16.0658 15.7245 67.2997 31.0967 36.203 29.0192 27.5003 25.704 2.6103 23.0937 22.6694 21.6138
internal_count=2199 1685 284 1401 1385 75 1310 52 45 44 514 477 94 37 22 1257 1138 119 92 82 1089 704 385 593 563 425 165 260 247 244
is_linear=0
shrinkage=0.05


Tree=48
num_leaves=31
num_cat=0
split_feature=6 7 12 12 4 9 6 0 10 4 5 8 6 11 2 11 5 12 12 12 15 9 8 12 12 0 15 9 3 3
split_gain=0.294644 0.535964 0.728343 0.613039 0.608893 0.491622 0.419142 0.379088 1.29332 0.333761 0.430354 0.326186 1.69744 0.944917 1.64163 1.12476 0.700459 0.68348 0.65004 0.618955 1.56544 1.18602 0.562056 0.523449 1.48038 1.39392 0.754831 0.560016 0.942925 0.455457
threshold=0.55274108052253734 22.500000000000004 3.2982000112533574 4.3221499919891366 0.72439774870872509 0.14642857760190967 0.50091430544853222 2.4826741218566899 3.5000000000000004 0.51431426405906688 0.46359138190746313 0.40444104373455053 0.29289172589778906 71.370002746582045 0.38898110389709478 63.645000457763679 0.10756755620241167 1.5204700231552126 1.8041999936103823 3.1868100166320805 2.5000000000000004 0.13484849035739901 0.37017148733139044 4.4145500659942636 3.4763000011444096 0.97700014710426342 16.500000000000004 0.75431033968925487 13.500000000000002 21.250000000000004
decision_type=2 2 2 2 2 2 2 2 2 2 2 2 2 2 2 2 2 2 2 2 2 2 2 2 2 2 2 2 2 2
left_child=6 5 -3 -4 -5 -2 9 -7 -9 10 11 13 23 15 16 17 -15 -1 -19 21 -21 -20 -17 24 29 27 -27 28 -25 -13
right_child=1 2 3 4 -6 7 -8 8 -10 -11 -12 12 -14 14 -16 22 -18 18 19 20 -22 -23 -24 25 -26 26 -28 -29 -30 -31
leaf_value=0.039343156626251652 -0.048345481311206764 -0.054217111169329937 0.051757762733111959 -0.056050622842405945 0.040121876522253019 0.0031346011640501132 -0.056126770435095855 0.0020771213172293408 -0.055066557183773013 0.051101254056192251 -0.055346685470782156 -0.0038164112649857404 -0.049729378112613111 -0.065528364814201615 -0.061952168462402368 0.013203207253861463 0.0079263529161356459 -0.058082552109633673 0.037990454724515614 0.0001352407594881637 -0.057967867554989685 -0.00044674137847702453 0.051703588579505549 -0.064966199691374668 -0.059292016502368955 -0.055509380216748241 0.0023024362758644122 0.056846816096096965 0.056353121644500619 0.060058191362210772
leaf_weight=1.1135183116421199 0.49130270152818312 0.25815274240449015 1.5466196252964439 0.3150609154254197 0.34458405524492264 56.017162363044918 0.36100424703908984 4.5964499956462523 1.262036936561344 0.29346157208783452 0.38068562856642429 22.83713671140141 2.033628133358433 0.36128258169628624 1.4977639823046045 2.096384395495988 3.1922412153799087 0.48491153400391596 2.5288078421726849 6.2677669334225348 1.4223137847729956 9.7245089430361968 1.730442728847265 0.29030471714213413 1.2317309253267001 0.68008338939398516 3.3256470006890595 1.647218644618988 0.35726380348205566 0.2825341522693624
leaf_count=11 47 19 8 14 3 696 57 101 153 3 47 399 153 26 88 24 15 19 17 28 65 37 4 21 86 46 8 2 1 1
internal_value=4.34734e-11 0.00237709 0.0252471 0.0345451 -0.00581222 0.00147339 -0.00240269 0.00186896 -0.0102328 -0.0020986 -0.00234451 -0.00202477 -0.00549271 0.00170144 -0.0180471 0.00563368 0.000458298 0.00119627 -0.000883065 0.000507706 -0.0106112 0.00748583 0.0306126 -0.00255779 -0.00588135 0.0102878 -0.00751272 0.0413599 0.00196572 -0.00303583
internal_weight=128.972 64.8314 2.46442 2.20626 0.659645 62.367 64.1406 61.8756 5.85849 63.7796 63.4862 63.1055 32.6855 30.4199 5.05129 25.3687 3.55352 21.5418 20.4283 19.9434 7.69008 12.2533 3.82683 30.6519 24.3514 6.30052 4.00573 2.29479 0.647569 23.1197
internal_count=2199 1041 44 25 17 997 1158 950 254 1101 1098 1051 717 334 129 205 41 177 166 147 93 54 28 564 486 78 54 24 22 400
is_linear=0
shrinkage=0.05


Tree=49
num_leaves=31
num_cat=0
split_feature=4 10 11 4 12 12 12 4 5 8 8 10 12 10 5 10 9 6 5 6 12 0 10 11 10 2 8 4 2 9
split_gain=0.283551 1.14887 0.753167 0.380081 0.232668 0.389772 0.767889 0.87504 0.905544 0.305156 0.586213 1.8257 2.40707 1.31628 0.901203 0.626654 1.23827 1.01005 0.497385 0.898229 0.660345 1.76092 0.386288 1.101 0.451509 1.4209 0.522676 2.21071 1.27753 0.934509
threshold=0.97669050097465526 3.5000000000000004 29.500000000000004 0.97124338150024425 -3.4264999628067012 -0.93249997496604908 -1.6195499897003172 0.19397783279418948 0.2602521032094956 0.64677500724792492 0.50335136055946361 6.5000000000000009 4.5456001758575448 2.5000000000000004 0.5981651544570924 11.500000000000002 0.51925924420356762 0.26442344486713415 0.34514106810092932 0.60058858990669262 0.14350000023841861 1.8649142980575564 1.0000000180025095e-35 56.319999694824226 1.5000000000000002 0.79246056079864513 0.28063718974590307 0.37911714613437658 0.99858576059341442 0.073333334177732482
decision_type=2 2 2 2 2 2 2 2 2 2 2 2 2 2 2 2 2 2 2 2 2 2 2 2 2 2 2 2 2 2
left_child=3 2 -2 4 -1 6 7 -6 -9 10 22 12 14 -14 -12 16 -13 -17 19 -11 -20 -22 23 -7 25 -24 27 -26 -29 -28
right_child=1 -3 -4 -5 5 9 -8 8 -10 18 11 15 13 -15 -16 17 -18 -19 20 -21 21 -23 24 -25 26 -27 29 28 -30 -31
leaf_value=0.01757592693596766 0.0030551286034316187 0.040530813225935269 -0.062630208427940301 -0.053018436650243139 0.03227855691121586 -0.056500846878110023 -0.061461822938444224 -0.060455861546410396 0.014064758150872485 0.0050331934490712551 -0.05754473256542747 0.0011177988362076313 0.054561285659541492 -0.057221715179764945 0.027201467263398449 9.5543593182942615e-05 -0.05835988490486408 0.052134673469351689 0.044078401436440096 -0.055746079543332099 -0.06335513979469358 0.046224471097779773 0.00060571514321443613 0.037704801786900777 -0.055647248732461407 -0.061662492371462964 0.04875126965784949 0.0023211372784828189 -0.058093966876970049 0.0026623043738532898
leaf_weight=1.7799769146367896 3.2582715819589789 2.0845992788672447 0.50390182703267772 0.34375087916850944 1.0023875671904541 0.37492902181111221 0.76369809359311958 0.90717391856014706 0.74035284877754748 10.980835184105668 3.9976716263918233 6.5358892615768109 1.0056753708049653 0.35678014997392882 0.34041879366850469 2.8362814857391641 1.0103536446113137 1.3891324552241711 1.7998534326907241 0.64350063563324589 0.64298942591994979 0.85297864698804915 3.7672375547699621 1.7951492107822558 1.9999390465091007 1.2105524768121538 1.1228468716144551 18.850257682788655 0.9176225895062079 53.678472572442843
leaf_count=19 16 10 46 34 9 32 52 35 19 131 319 62 3 21 11 12 55 8 12 59 31 12 39 18 127 79 2 92 49 785
internal_value=1.11968e-09 0.0107556 -0.0057427 -0.00051695 -0.000368171 -0.0006354 -0.0172878 -0.00455693 -0.0269684 -0.000145821 -0.0011301 -0.00946046 -0.0326863 0.0252892 -0.0508945 0.00178689 -0.00684557 0.0172037 0.00652959 0.00166857 0.0236744 -0.000874483 0.000608495 0.0214287 5.44401e-05 -0.0145373 0.00100306 -0.00555156 -0.000483324 0.00360664
internal_weight=127.493 5.84677 3.76217 121.647 121.303 119.523 3.41361 2.64991 1.64753 116.109 101.189 17.4722 5.70055 1.36246 4.33809 11.7717 7.54624 4.22541 14.9202 11.6243 3.29582 1.49597 83.717 2.17008 81.5469 4.97779 76.5691 21.7678 19.7679 54.8013
internal_count=2199 72 62 2127 2093 2074 115 63 54 1959 1714 491 354 24 330 137 117 20 245 190 55 43 1223 50 1173 118 1055 268 141 787
is_linear=0
shrinkage=0.05


Tree=50
num_leaves=31
num_cat=0
split_feature=6 0 14 6 6 11 5 12 5 12 0 5 5 4 5 8 0 9 8 4 12 10 10 9 3 11 8 0 12 8
split_gain=0.258725 0.403915 0.522101 0.318459 0.494325 0.946847 0.34554 0.409655 0.304536 0.358766 0.31444 0.526192 0.382569 0.600048 0.355434 0.299089 0.335153 0.289802 0.281594 0.268803 0.56008 0.261662 0.746332 0.703368 0.848265 0.51779 2.04415 2.38079 1.41816 1.29498
threshold=0.9077114760875703 3.0259009599685673 42.500000000000007 0.92766672372818004 0.97534465789794933 30.339999198913578 0.101379182189703 3.2982000112533574 0.69095608592033397 -2.6956999301910396 2.9746147394180302 0.55059167742729198 0.50620689988136303 0.6654411554336549 0.46359138190746313 0.75472995638847362 3.8030340671539311 0.14642857760190967 0.18279636651277545 0.68619549274444591 2.6367999315261845 11.500000000000002 9.5000000000000018 0.57417583465576183 6.7500000000000009 71.99499893188478 0.65224838256835949 0.47953957319259649 4.5456001758575448 0.46012924611568456
decision_type=2 2 2 2 2 2 2 2 2 2 2 2 2 2 2 2 2 2 2 2 2 2 2 2 2 2 2 2 2 2
left_child=1 8 -3 6 5 -5 7 -2 9 -1 11 12 14 -14 21 16 -4 -6 -16 -8 -21 22 25 -23 -25 29 27 28 -27 -11
right_child=3 2 15 4 17 -7 19 -9 -10 10 -12 -13 13 -15 18 -17 -18 -19 -20 20 -22 23 -24 24 -26 26 -28 -29 -30 -31
leaf_value=-0.055714015941714871 -0.055968563843747723 -0.051444795419051961 0.053847708620866602 0.039391951186481935 -0.052616814815587179 -0.054152981379338931 0.054137418024651357 0.031551522676760535 0.030600715140412977 0.0033932139237112095 0.033462747961637805 -0.059410045939691819 -0.054043098686292174 0.042003603020668592 0.051960190775796382 0.026540293081653277 -0.045158104590401912 0.0037484908703997277 -0.055621043376998448 -0.056448354003439311 0.034197031718155343 -0.057563429141993173 -0.059920316345228132 0.0025226219385793124 0.042656269337430761 -0.015594930097994585 0.005964109172871942 -0.053159745622591063 0.052464844579242997 -0.027637230544709325
leaf_weight=0.30157876666635175 0.27829081378877107 0.91856813078629684 0.10590462386608102 0.37745544500648864 0.22954074467997898 0.95471277041360736 0.7709352672100066 0.25734229385852814 0.75594636425375838 40.973610865650699 0.65363886440172692 0.388449213700368 0.19332497077993949 1.0236983182840047 0.069791272282599404 0.53200246766209602 0.44321404851507396 34.959131953422911 0.47351885272655636 0.21609719190746524 0.80606146529316902 0.44412317406386392 0.56370486423838784 14.188538870075716 1.4512685490772117 3.8149250465212408 10.679788323235696 4.3245905415387824 0.95749947894364584 3.6627785657765335
leaf_count=16 13 221 1 3 31 91 2 3 9 339 16 31 21 11 1 5 57 352 52 12 7 26 48 75 18 73 72 348 3 242
internal_value=-1.07269e-09 -0.00151612 -0.0237277 0.0033921 0.00224897 -0.027648 0.0213194 -0.01392 -0.000993085 -0.00127685 -0.00108109 -0.00135245 -0.00108014 0.0267465 -0.00149514 -0.000178041 -0.0260636 0.00338081 -0.0418016 0.0318461 0.0150335 -0.00122499 -0.00263834 0.00448477 0.00624675 -0.00213705 -0.00887187 -0.0262891 -0.00193998 0.000846914
internal_weight=125.77 86.9205 1.99969 38.8496 36.5208 1.33217 2.32873 0.535633 84.9208 84.1648 83.8632 83.2096 82.8212 1.21702 81.6041 1.08112 0.549119 35.1887 0.54331 1.79309 1.02216 81.0608 64.9769 16.0839 15.6398 64.4132 19.7768 9.09702 4.77242 44.6364
internal_count=2199 1685 284 514 477 94 37 16 1401 1392 1376 1360 1329 32 1297 63 58 383 53 21 19 1244 1125 119 93 1077 496 424 76 581
is_linear=0
shrinkage=0.05


Tree=51
num_leaves=31
num_cat=0
split_feature=4 10 11 4 11 0 10 14 8 12 11 12 12 13 6 4 3 4 8 8 11 9 9 10 8 2 12 10 12 9
split_gain=0.244496 1.02441 0.667244 0.349237 0.2329 0.195557 0.72603 0.372095 0.261933 0.303466 0.336262 0.209214 0.414957 0.730642 0.667883 0.782896 0.375348 0.362794 0.2627 0.509599 2.59391 1.18897 0.541002 0.522343 0.531243 2.18531 1.30321 1.16748 0.894223 0.781115
threshold=0.97669050097465526 3.5000000000000004 29.500000000000004 0.97124338150024425 17.764999389648441 3.0259009599685673 3.5000000000000004 59.500000000000007 0.21940750628709796 3.9721499681472783 53.049999237060554 -3.4264999628067012 -0.93249997496604908 1.5000000000000002 0.057098144665360458 0.20956192910671237 4.2500000000000009 0.29115641117095953 0.64677500724792492 0.45063807070255285 69.599998474121108 0.80384615063667308 0.3514705896377564 1.0000000180025095e-35 0.28063718974590307 0.83871760964393627 1.5131499767303469 1.5000000000000002 1.5204700231552126 0.073333334177732482
decision_type=2 2 2 2 2 2 2 2 2 2 2 2 2 2 2 2 2 2 2 2 2 2 2 2 2 2 2 2 2 2
left_child=3 2 -2 4 -1 11 8 -8 -7 10 -10 -6 13 16 -15 -16 -13 -17 19 23 -21 22 -22 -14 25 -25 -26 -28 -29 -30
right_child=1 -3 -4 -5 5 6 7 -9 9 -11 -12 12 18 14 15 17 -18 -19 -20 20 21 -23 -24 24 26 -27 27 28 29 -31
leaf_value=-0.0654293618286097 0.0026517629210629969 0.039204680125475379 -0.061459914263709309 -0.052743911302355874 0.017829750067676956 -0.052338542794449029 -0.053155131206829201 -0.0017356823936700893 -0.06222956910373198 0.040563826343840648 0.0022175072845857769 0.01220367307927106 0.027531441449903001 -0.05680337172221122 0.052493151325765923 -0.062419251093483868 -0.059833588217136517 0.026115053677247785 0.0069599286237985213 -0.055533292003051384 -0.055075732719642806 -0.056282715730173176 0.0025360160073000519 0.0004970884010613776 -0.059090870244603633 -0.046141634841078652 -0.062650204446443133 0.056153647279944346 0.047321058531207418 0.0042166188876446818
leaf_weight=0.13729382073506613 3.2621154999360438 1.9769886452704666 0.46349933341843996 0.3188477074727406 1.6632658448070277 0.22147136507555742 1.143834379763575 0.5081335799768566 0.21280799247324456 0.49017442212789308 4.1386527565773576 0.21884162910282534 1.8993600730318565 0.35681515117175888 0.76081074029207207 0.30246897879987955 1.0409358853939918 0.1874044444411993 13.594711564830503 2.4499107366427806 0.41603361978196218 0.93615738954394956 19.843180593452416 21.238942324882377 0.7978892691899081 2.8485078739467999 0.62118326267227431 0.88414669036865134 1.0790662169456471 40.438127850182354
leaf_count=10 16 10 46 34 15 25 223 14 24 18 84 5 26 19 2 9 70 3 171 234 39 78 258 74 60 154 34 1 2 441
internal_value=-8.59751e-10 0.0101131 -0.00532429 -0.000485655 -0.000344961 -0.000269422 -0.0085563 -0.0373389 0.000834745 0.00326706 -0.000934274 0.000229306 -3.70298e-05 -0.0188084 0.00353545 0.0207499 -0.0473197 -0.0285498 0.000465766 -0.000478953 -0.006823 -0.00119272 0.00135293 0.00166992 0.000946582 -0.00501826 0.00422537 0.00539963 0.00639656 0.00533694
internal_weight=124.452 5.7026 3.72561 118.749 118.43 118.293 6.71507 1.65197 5.06311 4.84164 4.35146 111.578 109.914 2.86728 1.6075 1.25068 1.25978 0.489873 107.047 93.4525 23.6453 21.1954 20.2592 69.8072 67.9079 24.0875 43.8204 43.0225 42.4013 41.5172
internal_count=2199 72 62 2127 2093 2083 388 237 151 126 108 1695 1680 108 33 14 75 12 1572 1401 609 375 297 792 766 228 538 478 444 443
is_linear=0
shrinkage=0.05


Tree=52
num_leaves=31
num_cat=0
split_feature=6 12 6 15 5 5 11 4 1 5 13 5 4 10 11 5 11 5 9 3 10 12 12 12 4 4 4 4 4 4
split_gain=0.226115 0.351633 0.351187 0.552881 0.318036 0.61374 0.59261 0.364911 0.480556 0.29558 0.25765 1.38737 0.916059 1.02034 1.26953 0.972684 1.2992 0.953822 0.87604 0.776485 0.735953 0.700375 0.912181 0.431685 0.365748 0.70791 0.458775 0.75743 0.254319 1.38037
threshold=0.90691065788269054 -2.9502000808715816 0.88463783264160167 11.500000000000002 0.50620689988136303 0.70396453142166149 72.674999237060561 0.67546039819717418 0.9834180772304536 0.46359138190746313 1.5000000000000002 0.33994607627391821 0.68992382287979137 2.5000000000000004 79.940002441406264 0.10233045369386674 57.120000839233406 0.094957437366247191 0.064583335071802153 12.250000000000002 1.0000000180025095e-35 2.7043000459671025 2.7391500473022465 3.776250004768372 0.19397783279418948 0.45442758500576025 0.18987040966749194 0.0029657969716936354 0.316429153084755 0.33583873510360723
decision_type=2 2 2 2 2 2 2 2 2 2 2 2 2 2 2 2 2 2 2 2 2 2 2 2 2 2 2 2 2 2
left_child=1 -1 4 -4 9 6 -6 8 -8 10 18 12 13 15 -15 17 -17 21 -3 -16 -20 -12 -23 24 26 -26 27 -21 -22 -30
right_child=-2 2 3 -5 5 -7 7 -9 -10 -11 11 -13 -14 14 19 16 -18 -19 20 23 28 22 -24 -25 25 -27 -28 -29 29 -31
leaf_value=-0.055353704294376929 0.0030296921643485665 0.04601507794057224 -0.05421918829430325 0.051634822831083428 -0.043430366870388974 -0.064260932074488006 0.031233087036094488 0.048748091135147199 -0.060892715969906953 -0.041369843822175172 -0.058514909338538416 -0.056152744537468449 0.058748902572196809 -0.058773233410250897 -0.055091784787837578 -0.055070003014851016 0.043450283178770706 -0.069526222239133378 -0.057696231987199066 0.056890088940331963 -0.0022424049288054114 0.059066805606144482 -0.0010494261774879254 -0.056908420718388586 -0.056730348304933148 0.0037522233849758878 0.052034020432292966 -0.059526462839426225 0.036961706069146859 -0.00084186451768318734
leaf_weight=0.3021655073389401 41.051332348200958 1.0399802327156056 0.6520792820956548 0.1521348413079977 0.28478458122117434 0.21501008421182621 0.47283881349721957 1.338121536071412 0.20203766226768494 0.46329598443116893 0.48529504286126091 1.2880050222738635 0.58904299791902204 1.6010134128737252 0.78079196432372544 0.3882339652627701 2.4235833483398892 0.51497243344783861 0.55308577022515137 0.24938136897981145 34.657971623702906 0.67632836103439231 9.4175219987519068 0.33022495883051295 0.57725370017578859 2.9880414906365331 0.70720167877152562 0.31772861769422889 2.858799810055646 15.545888465712776
leaf_count=19 522 3 107 2 40 23 12 10 18 45 28 109 4 97 116 27 26 12 56 2 491 1 49 37 47 35 4 12 32 213
internal_value=-1.73364e-09 -0.0015154 -0.00131645 -0.0341946 -0.000989884 0.01652 0.0240789 0.0336297 0.0036534 -0.00155071 -0.00131417 -0.00571243 -0.00276562 -0.00445428 -0.0192499 0.00358047 0.0298474 -0.0030769 0.000563622 -0.0086161 -0.000317996 0.000157722 0.0029786 -0.00159695 0.00217716 -0.00604045 0.0251686 -0.00833336 0.000280072 0.00503016
internal_weight=123.124 82.0728 81.7706 0.804214 80.9664 2.51279 2.29778 2.013 0.674876 78.4536 77.9903 23.3346 22.0466 21.4576 7.55164 13.9059 2.81182 11.0941 54.6557 5.95062 53.6157 10.5791 10.0939 5.16983 4.83961 3.5653 1.27431 0.56711 53.0627 18.4047
internal_count=2199 1677 1658 109 1549 103 80 40 30 1446 1401 606 497 493 350 143 53 90 795 253 792 78 50 137 100 82 18 14 736 245
is_linear=0
shrinkage=0.05


Tree=53
num_leaves=31
num_cat=0
split_feature=4 11 10 4 1 12 12 12 12 12 4 5 8 13 9 0 8 11 12 9 15 10 5 8 4 5 12 12 10 11
split_gain=0.213574 0.93122 0.488966 0.321942 0.182526 0.579254 0.263997 0.187936 0.320394 0.586611 0.585215 0.749941 0.236652 0.430397 0.577665 0.671717 0.402906 1.49654 1.04814 1.55836 1.05126 0.548023 0.485269 0.342918 0.315681 0.776988 0.309607 0.470903 0.308493 0.902104
threshold=0.97669050097465526 47.739999771118171 1.5000000000000002 0.97124338150024425 0.31018219888210302 1.0051599740982058 0.64110001921653759 -3.4264999628067012 -0.93249997496604908 -1.6195499897003172 0.19397783279418948 0.2602521032094956 0.64677500724792492 1.5000000000000002 0.58957219123840343 0.30634753406047827 0.50335136055946361 72.674999237060561 3.9452400207519536 0.72111111879348766 7.5000000000000009 4.5000000000000009 0.062958646565675749 0.54872128367424022 0.13800531625747683 0.34514106810092932 0.24430000036954883 0.30359999835491186 1.0000000180025095e-35 59.864999771118171
decision_type=2 2 2 2 2 2 2 2 2 2 2 2 2 2 2 2 2 2 2 2 2 2 2 2 2 2 2 2 2 2
left_child=3 2 -2 4 5 6 -1 -6 9 10 -9 -12 16 14 24 -16 26 -18 19 21 -20 -19 -22 -23 -14 -26 -10 -28 29 -29
right_child=1 -3 -4 -5 7 -7 -8 8 12 -11 11 -13 13 -15 15 -17 17 18 20 -21 22 23 -24 -25 25 -27 27 28 -30 -31
leaf_value=-0.051792734860160172 0.00068980782527155375 0.038213679823244445 -0.063016479568335879 -0.052503592670532777 0.016657415785393859 -0.051884026200692449 0.047372727211464224 0.028474104212143709 -0.061155213198967828 -0.05965251281675317 -0.058306623574520211 0.015692475344735848 0.053977581347593298 -0.046147323578102493 -0.057009825421577523 0.005174797017530746 -0.055411521218011961 -0.058554982811775305 -0.054779800036394148 -0.058146052127357822 -0.058574532804078087 -0.05410128538062569 0.041839063291937727 0.0011770796514017753 -0.057329131566794145 0.031518506181807536 0.06036407567784359 0.034555713916683349 3.1113414185719703e-05 -0.060478686359661173
leaf_weight=0.085785123112144701 3.3657634083647276 1.8795765340328214 0.33080226840684179 0.29638015059754153 1.6414666175842274 0.61380057799397036 0.30837302832514979 0.82474503724370229 0.20238087535835703 0.62722778238821675 0.7550561395473776 0.62645411887206137 0.84082743676844751 0.38182107172906476 0.45349614974111219 10.243773091584442 1.5117343482561434 0.42298830265644838 0.36279506655409877 1.4521144903264929 0.12703480641357634 0.28900217730551858 2.2762252567335963 9.6000259404536319 0.2949078648816793 1.4859723405679686 0.3300764262676229 1.6515029083238904 78.248493760955171 0.2941916727577335
leaf_count=15 31 10 31 34 15 126 6 9 13 51 35 19 8 36 24 79 139 47 29 106 7 29 24 72 30 20 1 33 1105 15
internal_value=-1.25494e-10 0.00955881 -0.00501121 -0.000458511 -0.000325481 -0.0215098 0.0257902 -0.000139713 -0.00038306 -0.0169847 -0.00485451 -0.0247513 4.27644e-05 0.00619309 0.00769356 0.00253856 -0.000828019 -0.00806546 -0.00313953 -0.00965122 0.0245549 -0.00282229 0.0365313 -0.000438404 0.0287273 0.0168056 0.000610198 0.000765432 0.000520126 0.0201864
internal_weight=121.825 5.57614 3.69657 116.249 115.952 1.00796 0.394158 114.944 113.303 2.83348 2.20626 1.38151 110.469 13.7008 13.319 10.6973 96.7686 16.0419 14.5302 11.7641 2.76606 10.312 2.40326 9.88903 2.62171 1.78088 80.7266 80.5243 80.1942 1.94569
internal_count=2199 72 62 2127 2093 147 21 1946 1931 114 63 54 1817 197 161 103 1620 453 314 254 60 148 31 101 58 50 1167 1154 1153 48
is_linear=0
shrinkage=0.05


Tree=54
num_leaves=31
num_cat=0
split_feature=6 0 14 12 5 10 1 4 5 1 5 8 8 0 10 8 11 13 5 9 10 8 11 12 14 5 10 11 5 5
split_gain=0.195676 0.341715 0.429102 0.28392 0.299825 0.429988 0.32464 0.549223 0.371275 0.354004 0.287391 0.237552 0.230941 0.262993 0.206087 0.446555 0.200566 0.195098 1.31246 0.801303 0.641945 0.639204 1.25945 0.820138 1.11789 0.855654 0.48658 0.453336 1.18017 0.60987
threshold=0.90691065788269054 3.0259009599685673 42.500000000000007 -2.6956999301910396 0.50620689988136303 4.5000000000000009 0.99980640411376964 0.69381803274154674 0.69095608592033397 0.97904518246650707 0.46359138190746313 0.18279636651277545 0.75472995638847362 3.8030340671539311 1.0000000180025095e-35 0.44690352678298956 17.764999389648441 1.5000000000000002 0.34342093765735632 0.064583335071802153 1.0000000180025095e-35 0.39986886084079748 163.50000000000003 2.7391500473022465 23.500000000000004 0.074496284127235426 11.500000000000002 71.370002746582045 0.33484849333763128 0.10233045369386674
decision_type=2 2 2 2 2 2 2 2 2 2 2 2 2 2 2 2 2 2 2 2 2 2 2 2 2 2 2 2 2 2
left_child=1 3 -3 -1 10 -6 7 8 9 -7 16 -12 13 -4 15 -2 -5 19 21 -18 -21 23 -23 25 -25 -19 -24 29 -29 -26
right_child=14 2 12 4 5 6 -8 -9 -10 -11 11 -13 -14 -15 -16 -17 17 18 -20 20 -22 22 26 24 27 -27 -28 28 -30 -31
leaf_value=-0.054675082477054097 -0.067239333204946725 -0.051250169006155935 0.053320677916481832 -0.064370808822212036 -0.043071317196721623 0.021668887039623722 0.054025924039523249 -0.06531570810323227 0.056419034433136776 -0.06010124408695755 0.051676344009270639 -0.054945187115006483 0.024683910220521368 -0.044131764640867523 0.002364585767784427 0.04681393886222724 0.044880070796913196 -0.062884655772037154 -0.055424598781130235 -0.057252491972013556 0.0003412209149010811 -0.054006063410157047 0.02577160156116657 -0.056505406201480847 7.6036741205667835e-05 0.044797214424556191 -0.055487703966764036 -0.062977773869345208 0.0026235799544286984 0.028579313954789739
leaf_weight=0.24518792191520233 0.100619689328595 0.76892995725211111 0.085308447480201721 0.12498971214517851 0.26359245763160233 0.49615740682929776 0.64762127399444569 0.20083107182290394 0.50781448278576136 0.18051778204971924 0.060175981372593834 0.39615489926654845 0.45474407263100147 0.36733835563063622 39.821220631652977 0.58356999105308205 1.0048451051115979 0.20747980009765399 1.2163894210825663 0.48838365485425939 51.828735785908066 1.5735297059873112 1.101697292178869 0.89212829619645972 9.1810392457991821 1.6643174001947043 0.22121614986099292 0.92829521663952563 2.6221109628677368 2.3588320035487405
leaf_count=16 12 221 1 10 30 16 1 12 2 14 1 52 5 57 500 10 3 23 109 54 689 164 13 46 20 15 13 56 2 32
internal_value=-7.19452e-10 -0.00143235 -0.0237696 -0.000954813 -0.000786308 0.0170125 0.024803 0.0111417 0.0241051 -0.000145069 -0.00132506 -0.0408851 -0.000482398 -0.0257653 0.00283207 0.0300408 -0.00108569 -0.000980625 -0.00494612 0.00065304 -0.00019642 -0.00198711 -0.0237748 0.00154746 -0.00211988 0.0328612 0.0121835 0.00109536 -0.0145287 0.00590231
internal_weight=120.594 80.0884 1.67632 78.412 78.1669 2.29653 2.03294 1.38532 1.18449 0.676675 75.8703 0.456331 0.907391 0.452647 40.5054 0.68419 75.414 75.289 21.967 53.322 52.3171 20.7506 2.89644 17.8542 15.9824 1.8718 1.32291 15.0903 3.55041 11.5399
internal_count=2199 1677 284 1393 1377 75 45 44 32 30 1302 53 63 58 522 22 1249 1239 493 746 743 384 190 194 156 38 26 110 58 52
is_linear=0
shrinkage=0.05


Tree=55
num_leaves=31
num_cat=0
split_feature=4 10 10 4 12 1 12 12 12 12 12 4 5 8 5 4 12 0 9 8 11 12 9 15 10 5 8 10 11 10
split_gain=0.187996 0.840493 0.423835 0.296623 0.174628 0.169369 0.495114 0.229893 0.161056 0.281958 0.504635 0.511291 0.67204 0.221152 0.424222 0.826334 0.534567 1.41846 0.451429 0.354781 1.42029 0.920649 1.43141 0.960462 0.493561 0.437553 0.296036 0.293485 0.830997 0.291663
threshold=0.97669050097465526 3.5000000000000004 1.5000000000000002 0.97124338150024425 0.93129998445510875 0.31018219888210302 1.0051599740982058 0.64110001921653759 -3.4264999628067012 -0.93249997496604908 -1.6195499897003172 0.19397783279418948 0.2602521032094956 0.64677500724792492 0.34514106810092932 0.21134597808122638 0.14350000023841861 1.8649142980575564 0.59729731082916271 0.50335136055946361 72.674999237060561 3.9452400207519536 0.72111111879348766 7.5000000000000009 4.5000000000000009 0.062958646565675749 0.54872128367424022 1.0000000180025095e-35 56.319999694824226 1.5000000000000002
decision_type=2 2 2 2 2 2 2 2 2 2 2 2 2 2 2 2 2 2 2 2 2 2 2 2 2 2 2 2 2 2
left_child=3 2 -2 5 -3 6 7 -1 -7 10 11 -10 -13 19 15 18 -16 -18 -15 27 -21 22 24 -23 -22 -25 -26 28 -11 -29
right_child=1 4 -4 -5 -6 8 -8 -9 9 13 -12 12 -14 14 16 -17 17 -19 -20 20 21 23 -24 25 26 -27 -28 29 -30 -31
leaf_value=-0.051621430102456928 0.00038957690839769342 0.056013017703439097 -0.061687375332976517 -0.052296207853361115 0.024257278057550243 0.015513862017248848 -0.051754658479388455 0.046753745313199577 0.02707288201859287 -0.055069774186938952 -0.058886324006114814 -0.057690530202319769 0.014872814246846262 0.039800321714559377 0.044099103481268158 -0.050921883494874656 -0.061788750379803928 0.047627321186796898 0.00199893199827201 -0.05531291729286715 -0.057691548659704911 -0.054409786271586769 -0.057511352441166001 -0.057929421076086368 -0.05356705429291958 0.04088125668554414 0.0010252086923441086 -0.012174464860734951 0.035858586359574118 0.00083212177546976079
leaf_weight=0.076342031476086869 3.3674295088276263 0.72447586618363846 0.29941236705053587 0.27504125377163191 1.0757589619606731 1.6200174782425154 0.54383410341688432 0.26740841925493442 0.76910283148754466 0.30221753858495404 0.55551464908057724 0.69690082920715191 0.58855437312740833 0.86500478605739495 1.4696830839384341 0.6998940580524512 0.53206879924982764 0.6681974430102855 9.0833923798054439 1.4244293548981648 0.39087018827558395 0.3400567290373141 1.3430447414284561 0.11821664974559132 0.25496309145819296 2.1434265811694786 9.5394281965563987 4.5790536738932124 1.4905213649617506 73.40218428686785
leaf_count=15 31 2 31 34 8 15 126 6 9 31 51 35 19 16 12 74 31 7 57 139 47 29 106 7 29 24 72 114 18 1004
internal_value=2.78736e-10 0.0090573 -0.00467926 -0.000434209 0.0370369 -0.000308826 -0.0220649 0.024906 -0.000137751 -0.000365655 -0.0166055 -0.00517352 -0.0244669 2.44825e-05 0.00605973 0.0015913 0.0238807 -0.000875982 0.00528573 -0.000818696 -0.00772654 -0.00292941 -0.00899247 0.0239364 -0.00259469 0.0357164 -0.000395912 0.000528204 0.02053 6.83758e-05
internal_weight=119.506 5.46708 3.66684 114.039 1.80023 113.764 0.887585 0.34375 112.877 111.257 2.61007 2.05456 1.28546 108.647 13.3182 10.6483 2.66995 1.20027 9.9484 95.3284 15.5544 14.13 11.5283 2.6017 10.1853 2.26164 9.79439 79.774 1.79274 77.9812
internal_count=2199 72 62 2127 10 2093 147 21 1946 1931 114 63 54 1817 197 147 50 38 73 1620 453 314 254 60 148 31 101 1167 49 1118
is_linear=0
shrinkage=0.05


Tree=56
num_leaves=31
num_cat=0
split_feature=4 4 10 4 5 9 9 8 10 5 5 4 8 3 14 4 4 15 4 5 5 3 2 5 12 12 0 13 12 11
split_gain=0.179366 1.11958 1.30204 1.05316 0.619508 0.414105 0.586271 0.947522 0.572906 0.482324 1.78175 0.361975 1.17989 0.971162 1.95752 0.826906 0.675585 0.559511 0.545524 0.417193 0.804644 0.682561 0.283852 0.21919 0.204726 1.55462 0.449689 0.428817 0.384565 0.366857
threshold=0.316429153084755 0.33583873510360723 2.5000000000000004 0.35536065697669988 0.34815546870231634 0.057565789669752128 0.13484849035739901 0.21940750628709796 1.0000000180025095e-35 0.10233045369386674 0.083202719688415541 0.073419854044914259 0.37628637254238134 7.2500000000000009 40.000000000000007 0.070160306990146651 0.040981955826282508 11.500000000000002 0.036007504910230644 0.061844164505600936 0.10756755620241167 3.2500000000000004 0.83871760964393627 0.099679488688707366 3.9452400207519536 4.0298099517822275 1.3394347429275515 3.5000000000000004 4.1889500617980966 49.250000000000007
decision_type=2 2 2 2 2 2 2 2 2 2 2 2 2 2 2 2 2 2 2 2 2 2 2 2 2 2 2 2 2 2
left_child=4 2 -2 -3 5 -1 7 22 -8 10 -9 15 17 23 -15 16 18 -13 19 -10 -21 -22 -7 -14 27 -26 28 29 -27 -5
right_child=1 3 -4 24 -6 6 8 9 11 -11 -12 12 13 14 -16 -17 -18 -19 -20 20 21 -23 -24 -25 25 26 -28 -29 -30 -31
leaf_value=-0.057159837712285326 -0.056972024125392762 -0.059619474655665639 0.045045479520956104 -0.0098115296411527084 -0.058862806364036638 0.043450666430009825 -0.056854636742809744 0.043624038178185887 0.0019971933458580219 0.040839505113287662 -0.070725643290149839 -0.059491010515423687 -0.053937324404851245 -0.054523404868284824 0.0013994580756324945 0.043494651402791407 -0.059848443042783597 0.06190271145509383 0.048131598992864427 -0.058930760192015742 0.058679168415258103 -0.056366408630728684 -0.05549484568099762 0.0037891378802853088 0.04295423493313217 -0.056616486238573405 -0.04081296626051132 -0.053930408603853508 0.0026004290221027654 0.0017323223310591618
leaf_weight=0.33491826197132368 0.35748365218751077 0.72483900317456473 2.5001042687799782 8.4421169336128496 0.47956405658624035 0.084205876948543756 0.48996994103072111 0.98390938155353092 16.744036343123312 2.1785194352269173 0.52106319740414619 1.3251006843638631 0.16627476981375622 2.5190385739842887 4.1310535948723555 1.1537248045206059 0.46157055092044075 0.10224349796771992 0.60393437556922336 0.80263146199285873 0.37183487415313721 0.19735527446027845 0.52067710924893618 14.914241440943441 2.4005789586808559 0.27887193951756373 0.64945326029555772 0.37721660948591207 16.257779624080285 37.249435395104229
leaf_count=22 19 51 23 308 49 6 52 6 136 8 9 85 12 227 46 7 33 1 5 33 1 21 33 107 18 17 67 41 86 670
internal_value=-8.93958e-10 0.00163912 0.0322831 0.000319935 -0.00231206 -0.00175411 -0.00136969 0.0162773 -0.00309029 0.0258014 0.00403301 -0.0024846 -0.00675898 -0.00386651 -0.019784 0.00238312 -8.96601e-05 -0.0507953 0.0013838 -0.000174645 -0.0266834 0.0187894 -0.0417206 0.00315266 0.000981668 0.00526365 -1.02765e-06 -0.000838865 0.0016018 -0.000400557
internal_weight=118.324 69.2379 2.85759 66.3803 49.0859 48.6063 48.2714 4.28838 43.983 3.68349 1.50497 43.493 23.158 21.7306 6.65009 20.3351 19.1814 1.42734 18.7198 18.1159 1.37182 0.56919 0.604883 15.0805 65.6555 19.5867 17.1861 46.0688 16.5367 45.6916
internal_count=2199 1300 42 1258 899 850 828 62 766 23 15 714 478 392 273 236 229 86 196 191 55 22 39 119 1207 188 170 1019 103 978
is_linear=0
shrinkage=0.05


Tree=57
num_leaves=31
num_cat=0
split_feature=11 1 12 12 4 11 10 4 0 4 5 5 5 5 5 5 10 5 8 13 3 4 4 1 12 10 11 5 3 4
split_gain=0.165109 0.163493 0.441688 0.202569 0.156958 0.761986 0.372548 0.165638 1.24776 0.885558 0.457988 0.408837 0.421131 0.316253 0.724717 0.413157 1.09772 0.674722 0.374922 0.636045 0.328953 0.287807 1.08448 0.211204 0.243452 0.297778 0.249452 0.214759 1.11583 1.11359
threshold=17.764999389648441 0.31018219888210302 1.0051599740982058 0.64110001921653759 0.97669050097465526 47.739999771118171 1.5000000000000002 0.95061039924621593 0.47953957319259649 0.9480816423892976 0.73666667938232433 0.69095608592033397 0.60888889431953441 0.58414822816848766 0.51557970046997081 0.49187669157981878 5.5000000000000009 0.46359138190746313 0.62428957223892223 2.5000000000000004 4.2500000000000009 0.88768076896667492 0.91897132992744457 0.61076521873474132 3.2982000112533574 5.5000000000000009 335.76499938964849 0.36410985887050634 10.750000000000002 0.41892929375171667
decision_type=2 2 2 2 2 2 2 2 2 2 2 2 2 2 2 2 2 2 2 2 2 2 2 2 2 2 2 2 2 2
left_child=-1 2 3 -2 7 6 -6 9 -9 10 11 12 13 14 15 17 -17 21 19 -15 -16 23 -23 24 26 -26 -3 -25 29 -29
right_child=1 4 -4 -5 5 -7 -8 8 -10 -11 -12 -13 -14 18 20 16 -18 -19 -20 -21 -22 22 -24 27 25 -27 -28 28 -30 -31
leaf_value=-0.062523198785590067 -0.051483938741004057 -0.053329427079609415 -0.051649445141937755 0.045660961066101777 0.00020741392726221345 0.036205905401298637 -0.060741976150952906 -0.0680373940671819 -0.0011979027253384488 0.052195981736581701 -0.059927364065857705 0.032531101156039764 -0.058184774291300992 -0.059364447134294923 0.023396047492679563 -0.057664958438991221 0.043031905776728746 -0.055920856097667088 0.056284989196675406 0.059136458939832215 -0.053758175669575685 0.048425417067475975 -0.0043145476965333026 0.00084512278360326953 0.031258828539330874 -0.053695484639093786 0.0080270094944704766 -0.058513465136809543 -0.055462388127274977 0.0017411924705055676
leaf_weight=0.10549580550286819 0.06883753085276012 0.61215302601340116 0.49650389589078259 0.24343061452964321 3.3679715844336893 1.7014219146221874 0.27088148082839314 0.75785006769001384 8.8770864557009173 0.81871379213407536 0.31798822060227294 0.96675630501704191 0.31152998341713001 0.2481175868306299 0.16383928339928278 0.33326068567111988 1.4404358081519602 0.54104981030104582 0.53961121290922165 0.20830021798610687 0.88112178159644827 1.4274961790069927 3.073063182644546 73.951749013911467 0.3633971699164249 0.14403037553711329 0.22711648419499397 0.81656110158655693 1.0497112150187593 12.583435157663187
leaf_count=10 15 100 126 6 31 10 31 32 67 6 16 32 49 15 5 27 17 50 3 1 86 10 22 1117 22 25 3 86 92 87
internal_value=7.66973e-10 5.64712e-05 -0.0223461 0.024246 0.000212673 0.00858499 -0.00432975 -0.000191382 -0.00645526 0.000406048 -1.71139e-05 0.000173617 -0.000142629 4.0749e-05 -0.000245294 0.000202888 0.0241119 -0.000244496 0.0280723 -0.00528294 -0.0416612 7.51234e-05 0.0124136 -0.000543609 -0.0201954 0.00714504 -0.0367256 -0.000244236 -0.00581943 -0.00193057
internal_weight=116.909 116.803 0.808772 0.312268 115.995 5.34027 3.63885 110.654 9.63494 101.019 100.201 99.8827 98.916 98.6044 97.6084 96.5635 1.7737 94.7898 0.996029 0.456418 1.04496 94.2487 4.50056 89.7482 1.3467 0.507428 0.83927 88.4015 14.4497 13.4
internal_count=2199 2189 147 21 2042 72 62 1970 99 1871 1865 1849 1817 1768 1749 1658 44 1614 19 16 91 1564 32 1532 150 47 103 1382 265 173
is_linear=0
shrinkage=0.05


Tree=58
num_leaves=31
num_cat=0
split_feature=6 4 0 8 8 10 8 5 6 5 5 8 8 4 10 10 1 12 5 10 14 4 5 10 5 4 2 12 10 13
split_gain=0.159274 0.379392 0.375439 0.333833 0.28115 0.249305 0.247678 0.216512 0.175604 0.174505 0.825694 0.583489 0.691065 1.60434 0.835267 0.510494 0.456042 0.890127 0.431078 1.05299 0.532271 0.471078 0.440024 0.603636 0.332193 0.428321 0.314145 0.897018 0.265292 0.741037
threshold=0.9942665994167329 0.9480816423892976 3.8463647365570073 0.73439970612525951 0.2275044843554497 1.0000000180025095e-35 0.75913551449775707 0.060068728402256973 0.99999994039535534 0.29587541520595556 0.26196843385696417 0.60649949312210094 0.37289677560329443 0.25069238245487219 14.500000000000002 1.0000000180025095e-35 0.91975310444831859 0.14350000023841861 0.3126917183399201 2.5000000000000004 12.500000000000002 0.41892929375171667 0.49870465695858007 5.5000000000000009 0.4244868159294129 0.66892284154891979 1.1984537243843081 2.6773000955581669 2.5000000000000004 1.5000000000000002
decision_type=2 2 2 2 2 2 2 2 2 2 2 2 2 2 2 2 2 2 2 2 2 2 2 2 2 2 2 2 2 2
left_child=1 2 9 -4 -2 -6 -5 -7 -9 10 15 12 14 -14 18 -1 -13 24 26 -20 -21 -22 -23 -24 -18 -26 27 -11 -17 -30
right_child=4 -3 3 6 5 7 -8 8 -10 11 -12 16 13 -15 -16 28 17 -19 19 20 21 22 23 -25 25 -27 -28 -29 29 -31
leaf_value=-0.056861442873408809 -0.05157247362345331 -0.052390295286530664 -0.051723883651340542 0.046993440536527986 0.036371487454144806 0.052276656801722443 -0.052144731191382243 0.024605945200106585 0.0018691274693164927 0.043808661700611935 -0.056709487670138774 0.043727438410412184 0.0055960315266120773 -0.055864911861910393 0.055230439910419364 0.0033202039684182383 0.054205884257916538 -0.060335888242830982 -0.056369538030595238 0.040954436473499417 -0.063221173624706348 -0.00067898174144332226 -0.044473249595931429 0.043783793989313924 -0.059372440878730871 0.023380453691526741 0.059735659037709304 -0.054622525207897982 -0.0011309767781791675 -0.024443996759156324
leaf_weight=0.41391762450802971 0.232848334126177 0.35890604252926905 0.65981876845762499 0.18565272446721792 0.56865413836203771 0.22069151699543255 0.095361207553651184 0.87591942399740474 27.8486068546772 0.70938554964960931 0.68733033887110551 1.4187949426705011 2.7829034210008095 1.7168284389190374 0.75628926977515121 20.514928001794033 0.56343801179900743 0.39684422698337574 0.79870198282879101 0.84721899405122059 0.28605106346367648 17.822557555278767 0.23357578995637496 1.135948078241199 0.19953090976923704 0.72281340090557933 0.50270068645477284 0.3435561740770936 28.001086710486565 3.8811129275418343
leaf_count=51 43 42 216 6 12 1 16 7 273 3 80 17 13 239 2 233 5 31 58 7 33 93 15 15 16 11 1 22 381 257
internal_value=4.65828e-10 -0.00109044 -0.000875544 -0.0322868 0.00315385 0.00358561 0.0133512 0.0029415 0.00256246 -0.000526779 -0.00226061 0.00244267 9.3461e-05 -0.0178538 0.00353935 -0.00155196 0.022321 0.00618857 0.00181563 -5.50329e-05 0.00215789 0.000470403 0.0014197 0.0287313 0.0239569 0.00547851 0.0272174 0.0116923 -0.00111504 -0.00396894
internal_weight=115.782 86.0353 85.6763 0.940833 29.7467 29.5139 0.281014 28.9452 28.7245 84.7355 53.4984 31.2371 27.9357 4.49973 23.436 52.811 3.30142 1.88263 22.6797 21.1241 20.3254 19.4781 19.1921 1.36952 1.48578 0.922344 1.55564 1.05294 52.3971 31.8822
internal_count=2199 1863 1821 238 336 293 22 281 280 1583 1002 581 501 252 249 922 80 63 247 221 163 156 123 30 32 27 26 25 871 638
is_linear=0
shrinkage=0.05


Tree=59
num_leaves=31
num_cat=0
split_feature=1 12 12 6 7 15 5 4 9 6 2 4 4 9 3 9 5 12 4 4 4 4 10 10 8 12 10 9 12 9
split_gain=0.150683 0.363891 0.170162 0.151913 0.344644 0.450556 0.425059 0.438704 0.253247 0.192182 1.2425 0.599419 0.738742 0.590243 0.568978 0.39878 1.24868 0.189467 0.175426 0.871044 0.550096 0.380161 0.370348 0.252548 1.19553 0.890444 0.294916 1.2553 0.606142 0.42209
threshold=0.31018219888210302 1.0051599740982058 0.64110001921653759 0.55936846137046825 22.500000000000004 4.5000000000000009 0.072633065283298506 0.72439774870872509 0.14642857760190967 0.31082732975482946 0.8598749339580537 0.15794007480144504 0.16060141474008563 0.095454547554254546 10.750000000000002 0.13484849035739901 0.10233045369386674 -2.9502000808715816 0.32262305915355688 0.33583873510360723 0.35536065697669988 0.29692099988460546 1.0000000180025095e-35 2.5000000000000004 0.36891880631446844 4.5456001758575448 7.5000000000000009 0.67261904478073131 2.9190900325775151 0.48492678999900823
decision_type=2 2 2 2 2 2 2 2 2 2 2 2 2 2 2 2 2 2 2 2 2 2 2 2 2 2 2 2 2 2
left_child=1 2 -1 9 8 -6 -7 -8 -5 13 11 -11 -13 -2 -14 16 -15 -17 21 -20 -21 22 -19 25 -25 -24 27 28 -26 -28
right_child=3 -3 -4 4 5 6 7 -9 -10 10 -12 12 14 15 -16 17 -18 18 19 20 -22 -23 23 24 26 -27 29 -29 -30 -31
leaf_value=-0.051286108232486319 -0.055991579585065711 -0.051513058225740697 0.044393724411339819 -0.044533921897495367 -0.054790048408404117 0.048485389363797565 -0.053561783439002177 0.035076068739089895 0.0014967211190772072 -0.054432821798935577 -0.054220083042813665 0.045205336066692942 -0.058588370493288557 -0.051719782941528049 0.00075750268234265369 -0.055171520950315224 0.036026052412060729 -0.057351548612326976 0.0379038190607607 -0.057821834779200311 0.001380480155728736 -0.05925051214846349 0.00083768316851941097 -0.059212430456743993 0.0039251156552655491 0.050235424623505089 -0.055392687505336706 -0.055946129300702897 -0.049830739617946901 0.0027125133277297445
leaf_weight=0.059993990929796293 0.47311077165068027 0.4316856614605058 0.20612270786659792 0.30043721437686954 0.16892047319561143 1.1337253628298638 0.2527938273269682 0.31174675934016705 55.055787526682252 0.48999149468727221 1.2702504312037488 0.89655244164168824 0.4331230139650869 0.50209280988201443 5.9824164492310956 0.16069015394895458 2.1064552544557955 0.29469736356987297 1.6499695926904667 0.44717803248204324 3.2016480633756146 0.2872073370963325 10.973456423729655 0.93908315524459141 5.717225564876574 0.99501043045893389 0.31814309785841288 1.2453876030631361 0.57735686074011017 17.769022472435609
leaf_count=15 31 126 6 42 12 7 21 4 844 35 164 4 37 13 50 10 13 32 18 36 48 18 124 92 63 8 38 109 56 123
internal_value=1.95977e-09 -0.0231638 0.0228234 0.000141847 0.00195955 0.0230875 0.0308337 -0.00461479 0.0012469 -0.00169166 -0.00836169 -0.000895522 0.00269207 -0.00042193 -0.00324903 0.000135256 0.0191368 -0.000976693 -0.000780622 0.0077571 -0.005875 -0.00193716 -0.00151323 -0.0010862 -0.00380308 0.00494441 -0.00177265 -0.0100801 -0.00100552 0.00169048
internal_weight=114.651 0.697802 0.266117 113.953 57.2234 1.86719 1.69827 0.564541 55.3562 56.7301 9.07233 7.80208 7.31209 47.6577 6.41554 47.1846 2.60855 44.5761 44.4154 5.2988 3.64883 39.1166 38.8294 38.5347 26.5662 11.9685 25.6271 7.53997 6.29458 18.0872
internal_count=2199 147 21 2052 930 44 32 25 886 1122 290 126 91 832 87 801 26 775 765 102 84 663 645 613 481 132 389 228 119 161
is_linear=0
shrinkage=0.05


Tree=60
num_leaves=31
num_cat=0
split_feature=1 12 12 12 12 12 4 5 6 6 4 0 4 5 14 15 5 5 9 5 10 8 12 12 12 12 12 8 8 8
split_gain=0.145969 0.328837 0.157124 0.143787 0.267703 0.424628 0.469265 0.571709 0.129494 0.422858 0.332412 0.311894 0.284511 0.239562 0.423016 0.330953 0.465382 0.221705 0.210228 0.189241 0.186679 0.390746 0.209005 1.27268 0.944866 0.335448 0.174075 0.214278 0.169266 0.15367
threshold=0.31018219888210302 1.0051599740982058 0.64110001921653759 -3.4264999628067012 -0.93249997496604908 -1.6195499897003172 0.19397783279418948 0.2602521032094956 0.91021579504013073 0.92766672372818004 0.56067425012588512 3.0259009599685673 0.57362473011016857 0.50620689988136303 23.500000000000004 5.5000000000000009 0.69095608592033397 0.46359138190746313 0.17156863212585452 0.067777503281831755 1.0000000180025095e-35 0.44690352678298956 3.8135598897933964 2.7875500917434697 4.0298099517822275 4.1889500617980966 5.2520000934600839 0.65081954002380382 0.18279636651277545 0.35763992369174963
decision_type=2 2 2 2 2 2 2 2 2 2 2 2 2 2 2 2 2 2 2 2 2 2 2 2 2 2 2 2 2 2
left_child=1 2 -1 -2 5 6 -5 -8 11 18 -11 13 -12 17 -15 -16 -17 -6 -10 -14 21 -21 23 -22 29 -26 -13 -28 -19 -24
right_child=3 -3 -4 4 8 -7 7 -9 9 10 12 26 19 14 15 16 -18 28 -20 20 22 -23 24 -25 25 -27 27 -29 -30 -31
leaf_value=-0.051214267176557832 0.015595380894356857 -0.051437590874550625 0.044050787148516325 0.025401197008737567 -0.00079029342599482456 -0.058199723588014368 -0.056899447348923375 0.013879046056803452 -0.0034447766281760894 -0.056556489502268673 0.050542620454276682 -0.052220631225990591 0.051968196546590822 -0.052669873247492643 0.050218721490657883 -0.057386395918981474 0.029793633874410638 0.051241573400503365 0.045637641066579755 -0.066260148285269063 0.00090909644143732427 0.04624527784866482 0.014190069096183268 -0.055338562934620555 -0.055034618478065227 0.001619221640958617 -0.054093111155452192 0.053402513014776304 -0.054292961559145696 0.047498811867930042
leaf_weight=0.056237856129881858 1.4842579280957569 0.40276358563278336 0.18789161840686575 0.73245850089006159 73.093349350499921 0.48885401591542077 0.64798767352476694 0.50974710646551102 0.29470927920192369 0.24192916229367156 0.30239758826792495 0.45542837263201263 0.18695834279060619 0.1867907460546111 0.7583848724607376 0.22162128379568458 0.49495924636721611 0.04347815364599128 0.83992546936497092 0.090998248197140863 18.498943087179221 0.50812670250888914 0.46218370879068871 1.0634685140103091 0.26893531857058306 9.1791851101443154 0.084273995831608772 0.1030433252453804 0.30124761571642011 1.3806645185686646
leaf_count=15 15 126 6 9 1202 51 35 19 9 21 2 139 1 35 5 16 6 1 7 12 207 10 8 95 22 49 13 2 51 10
internal_value=2.33979e-10 -0.0236834 0.0221055 0.000135672 -7.02346e-05 -0.0166626 -0.00592004 -0.0257359 0.00029171 0.0028894 0.00183177 -0.000850989 0.00227401 -0.000554162 0.018219 0.0271964 0.00283093 -0.00097896 0.032889 0.00181267 0.00151454 0.0291574 0.000977761 -0.00214869 0.00639456 6.60264e-06 -0.0355329 0.00504027 -0.0409825 0.039145
internal_weight=113.571 0.646893 0.244129 112.924 111.44 2.37905 1.89019 1.15773 109.061 33.3184 32.1838 75.7426 31.9419 75.0998 1.66176 1.47497 0.716581 73.4381 1.13463 31.6395 31.4525 0.599125 30.8534 19.5624 11.291 9.44812 0.642746 0.187317 0.344726 1.84285
internal_count=2199 147 21 2052 2037 114 63 54 1923 453 437 1470 416 1316 62 27 22 1254 16 414 413 22 391 302 89 71 154 15 52 18
is_linear=0
shrinkage=0.05


Tree=61
num_leaves=31
num_cat=0
split_feature=11 1 12 12 4 10 10 12 12 12 8 10 8 11 11 14 11 8 4 12 9 11 12 8 12 12 8 2 9 9
split_gain=0.144082 0.134174 0.293685 0.140838 0.128163 0.679634 0.335097 0.179058 0.136005 0.790943 0.321651 0.320574 0.295338 0.272171 0.313541 0.941767 0.462622 0.456442 0.291393 0.269556 0.461987 0.473591 0.366688 0.781566 0.424271 0.334796 0.28537 1.6397 0.586162 0.292992
threshold=17.764999389648441 0.31018219888210302 1.0051599740982058 0.64110001921653759 0.97669050097465526 3.5000000000000004 1.5000000000000002 0.93129998445510875 2.4276499748229985 2.2303500175476079 0.25759340822696691 14.500000000000002 0.69296187162399303 26.994999885559086 36.109998703002937 12.500000000000002 49.729999542236335 0.39986886084079748 0.27092634141445165 2.546819925308228 0.19139194488525393 25.045000076293949 2.7043000459671025 0.18279636651277545 2.7290500402450566 2.7733000516891484 0.27163760364055639 0.83871760964393627 0.073333334177732482 0.94281044602394115
decision_type=2 2 2 2 2 2 2 2 2 2 2 2 2 2 2 2 2 2 2 2 2 2 2 2 2 2 2 2 2 2
left_child=-1 2 3 -2 8 6 -6 -7 9 11 -11 13 19 -3 17 18 -17 -15 -16 20 -10 -22 23 -21 -24 -26 27 -27 -28 -30
right_child=1 4 -4 -5 5 7 -8 -9 12 10 -12 -13 -14 14 15 16 -18 -19 -20 22 21 -23 24 -25 25 26 28 -29 29 -31
leaf_value=-0.061537555977953767 -0.051115483975127253 -0.072488730168041429 -0.051317271594354688 0.043017564130178577 5.5873548225753733e-05 0.055617589306726604 -0.059865801405820609 0.021314272999580754 0.039447617679993136 0.033076401594158797 -0.057506537438481137 -0.055872156463650458 -0.038714247645612293 0.049514639130360596 0.06201649293329612 -0.055209928377611017 -0.00012349637586282558 0.0044006281941029561 -0.056090187774279002 0.051973547814820678 0.011526093674678745 -0.042961807046173507 0.044096714552986215 -0.056787192280369908 -0.055880810085625544 0.00014789285364422757 0.044553318301423027 -0.054842840145520814 0.0016666385447580254 0.031920723459427473
leaf_weight=0.095039048115721836 0.051619844452942654 0.13277192402165283 0.36616392800351605 0.17258849181234837 3.3679250548593695 0.64002565108239629 0.25068078382173542 0.93787160143256187 1.228321399539708 0.11062834830954571 0.85861621971707791 0.26836997549980779 0.46163304499350388 0.70286636799573843 0.055227488279341541 0.3856887566507784 32.267057951510651 2.7711967934155837 0.96029872610233724 0.21677398681640525 2.5981953893788163 0.471095798711758 0.56730078905820747 0.69403571175644174 0.26071910338941862 15.979110813714216 0.83386663347482581 1.481242770794778 42.743748226814205 0.81552091223420475
leaf_count=10 15 14 126 6 31 2 31 8 10 5 101 14 42 2 2 62 491 23 97 1 3 37 8 71 24 110 2 123 715 13
internal_value=7.30202e-11 5.19167e-05 -0.0237219 0.0213452 0.000177165 0.00784522 -0.00409523 0.0352284 -0.00019571 -0.00257202 -0.0471675 -0.00142072 0.00114322 -0.00102868 -0.000773238 -0.00224891 -0.000774168 0.013528 -0.0496672 0.00141424 0.0135336 0.00316292 0.000595208 -0.030902 0.00105289 0.000659758 0.000898083 -0.00451723 0.00302799 0.00223306
internal_weight=112.746 112.651 0.590372 0.224208 112.061 5.1965 3.61861 1.5779 106.864 38.5127 0.969245 37.5435 68.3516 37.2751 37.1423 33.6683 32.6527 3.47406 1.01553 67.8899 4.29761 3.06929 63.5923 0.91081 62.6815 62.1142 61.8535 17.4604 44.3931 43.5593
internal_count=2199 2189 147 21 2042 72 62 10 1970 811 106 705 1159 691 677 652 553 25 99 1117 50 40 1067 72 995 987 963 233 730 728
is_linear=0
shrinkage=0.05


Tree=62
num_leaves=31
num_cat=0
split_feature=6 4 0 10 8 8 3 4 4 5 12 12 12 8 7 4 2 4 12 9 1 5 11 11 5 11 7 0 5 15
split_gain=0.129707 0.330266 0.31947 0.222018 0.216911 0.215864 0.187463 0.177858 0.271187 0.172139 0.168384 1.28088 1.02317 0.42599 0.316884 0.159741 0.156483 0.32282 0.149705 0.293436 0.532116 0.1437 0.169779 1.1891 0.575045 0.574673 0.340693 0.304375 0.242289 0.31261
threshold=0.9942665994167329 0.9480816423892976 3.8463647365570073 1.0000000180025095e-35 0.73439970612525951 0.2275044843554497 16.750000000000004 0.56067425012588512 0.57362473011016857 0.067777503281831755 3.9721499681472783 2.1604099273681645 4.0298099517822275 0.33540739119052893 1.0000000180025095e-35 0.79611951112747203 0.9828476905822755 0.72439774870872509 -3.4264999628067012 0.47213622927665716 0.85584115982055675 0.69095608592033397 98.61999893188478 109.98999786376955 0.16845811158418658 98.069999694824233 11.500000000000002 1.1265459656715395 0.16336256265640262 10.500000000000002
decision_type=2 2 2 2 2 2 2 2 2 2 2 2 2 2 2 2 2 2 2 2 2 2 2 2 2 2 2 2 2 2
left_child=1 2 21 -2 -4 -5 -6 -7 -9 -10 11 13 -12 -11 -13 16 -14 -18 -15 -20 -21 22 25 -24 26 -1 28 -26 29 -25
right_child=3 -3 4 5 6 7 -8 8 9 10 12 14 15 18 -16 -17 17 -19 19 20 -22 -23 23 24 27 -27 -28 -29 -30 -31
leaf_value=5.5845371246779105e-05 0.035608057893709293 -0.052078134767420396 -0.051462389445353855 -0.051318829887401309 -0.051871344300999322 -0.059544773211505975 0.046935284935832905 0.053144825229282558 0.05184326297808544 0.054670629184025592 0.046938896479906664 0.038143409672064886 0.053375534262149561 0.0211589192033531 -0.056608673127812953 -0.00095383688655684997 -0.053403928605920054 0.037265834600929255 0.0022592267948921738 0.014706596237329986 -0.05972650822773018 0.026401605106544126 -0.055273473601269309 0.0081337736843408951 -0.054633982809028536 0.044344865110596383 -0.042645824937593585 -0.0085938099541998589 0.032334518417906515 -0.0060419898615560411
leaf_weight=61.361650198610732 0.50893100840039807 0.31537166214547951 0.51154006019350973 0.18654810357839124 0.077269618224818259 0.11450982652604835 0.12674964591860771 0.26597231626510875 0.17506164312362926 0.38762554927962867 1.3976008445024479 0.095465932041405632 0.2740858793258657 0.92204116284849114 1.1657066623447461 8.3478981489315611 0.1524220909923315 0.2758030453696847 13.81809912290189 0.43700130539946336 0.53293674648739398 0.49260470794979383 1.0998641566839094 7.5518934412102761 0.73276484681991749 0.74128312524408002 0.43750203319359471 0.70375699026044458 0.63532112492248494 8.0184976534219441
leaf_count=1104 12 42 216 43 19 5 3 1 1 4 6 2 1 3 89 30 11 3 95 11 19 10 129 55 76 8 33 43 5 120
internal_value=-7.3228e-10 -0.00100857 -0.000813328 0.00287414 -0.034077 0.0022906 0.00951357 0.00264321 0.0028953 0.00241767 0.0021065 -0.000912041 0.00712177 0.00288959 -0.0494363 0.00097291 0.0238749 0.00499292 0.00161196 0.000393194 -0.026191 -0.000522259 -0.000685429 -0.0047974 -0.00172674 0.000584495 0.000893029 -0.0320787 0.00206844 0.000833486
internal_weight=111.864 82.8061 82.4907 29.0577 0.715559 28.5488 0.204019 28.3622 28.2477 27.9817 27.8067 17.3589 10.4478 16.0977 1.26117 9.05021 0.702311 0.428225 15.7101 14.788 0.969938 81.7751 81.2825 19.1796 18.0797 62.1029 16.6432 1.43652 16.2057 15.5704
internal_count=2199 1863 1821 336 238 324 22 281 276 275 274 223 51 132 91 45 15 14 128 125 30 1583 1573 461 332 1112 213 119 180 175
is_linear=0
shrinkage=0.05


Tree=63
num_leaves=31
num_cat=0
split_feature=6 4 0 8 8 10 3 5 5 5 8 14 12 2 1 12 10 10 14 5 10 5 4 10 10 0 6 5 2 5
split_gain=0.118348 0.306142 0.30162 0.202966 0.191291 0.187569 0.170207 0.160512 0.14055 0.714875 0.521921 0.534898 0.577329 0.646567 0.387791 0.751482 0.346755 1.16416 0.346702 0.34318 0.609763 0.291966 0.354213 0.27564 1.02551 0.215394 0.249721 0.196092 0.725851 0.674675
threshold=0.9942665994167329 0.9480816423892976 3.8463647365570073 0.2275044843554497 0.73439970612525951 1.0000000180025095e-35 16.750000000000004 0.060068728402256973 0.29587541520595556 0.26196843385696417 0.60649949312210094 29.500000000000004 4.2739000320434579 1.1397808194160464 0.91975310444831859 0.14350000023841861 2.5000000000000004 1.0000000180025095e-35 12.500000000000002 0.49870465695858007 5.5000000000000009 0.4244868159294129 0.66892284154891979 14.500000000000002 3.5000000000000004 0.40817670524120336 0.91021579504013073 0.081772197037935271 1.1937444210052492 0.092712603509426131
decision_type=2 2 2 2 2 2 2 2 2 2 2 2 2 2 2 2 2 2 2 2 2 2 2 2 2 2 2 2 2 2
left_child=1 2 8 -2 -4 -5 -6 -7 9 27 11 12 13 16 -12 21 17 -10 -18 25 -21 -16 -23 24 -14 26 -20 -1 29 -29
right_child=3 -3 4 5 6 7 -8 -9 10 -11 14 -13 23 -15 15 -17 18 -19 19 20 -22 22 -24 -25 -26 -27 -28 28 -30 -31
leaf_value=0.0017775141043198271 -0.051222281209503395 -0.051920374613203507 -0.051381819879726356 0.033950537735033169 -0.051773910126807647 0.051747221261138399 0.046325632952707058 0.0022721312155876568 0.028737106689940367 -0.055858135758987605 0.043244277051455435 -0.052472373396741157 0.057662735596643228 -0.055597162881008869 0.053070626398591336 -0.059407832821241069 0.035530753485253953 -0.055415081916639346 -0.053608904350486646 -0.054843427962989633 0.044200207957924419 -0.058716650558016829 0.021886267289683611 0.056785867097028313 -0.059799551437792725 0.00016801122683001029 0.052558841943179294 -0.057151813589405714 -0.054378181427486953 -0.0018432684179292939
leaf_weight=24.617613851791248 0.17300919524859892 0.29368980508297582 0.47273110848618571 0.48424883757252501 0.072063115774653852 0.16490818560123699 0.11442544450983405 27.798167683708016 0.69078021892348118 0.61064439135952753 1.2571589844301336 0.47633969168236845 0.48141514696180709 0.52648735587717865 0.51350971171632387 0.34374204918276507 0.74771492928266781 1.014656448503956 0.34314510057448089 0.18623268703231477 0.93859065807191655 0.17230719374492764 0.65229084633756429 0.62767547462135553 0.30262010893784463 20.289174466743134 0.066048279404640198 0.56367152347230032 0.70761465805116941 25.282723506490584
leaf_count=354 43 42 216 12 19 1 3 280 19 80 17 78 3 62 5 31 12 107 27 22 19 16 11 2 19 130 1 49 65 454
internal_value=1.34721e-10 -0.000962461 -0.00078011 0.00276982 -0.0344649 0.00309819 0.0084179 0.0025639 -0.000507354 -0.00207885 0.00223906 3.70118e-05 0.00099115 -0.000779093 0.0222371 0.0065346 0.000409761 -0.0213296 0.00205236 0.000905315 0.0278019 0.0234743 0.00504356 0.0320932 0.0123249 -0.000556344 -0.0364723 -0.00143709 -0.00441728 -0.00304947
internal_weight=110.985 82.3651 82.0714 28.6203 0.65922 28.4473 0.186489 27.9631 81.4122 51.7823 29.6299 26.6909 26.2145 24.8028 2.93901 1.68185 24.2763 1.70544 22.5709 21.8232 1.12482 1.33811 0.824598 1.41171 0.784035 20.6984 0.409193 51.1716 26.554 25.8464
internal_count=2199 1863 1821 336 238 293 22 281 1583 1002 581 501 423 399 80 63 337 126 211 199 41 32 27 24 22 158 28 922 568 503
is_linear=0
shrinkage=0.05


Tree=64
num_leaves=31
num_cat=0
split_feature=6 7 15 5 12 9 12 6 2 4 4 9 3 9 5 12 12 12 9 8 10 10 14 8 4 10 0 11 14 1
split_gain=0.11021 0.311162 0.392546 0.371509 0.355887 0.202305 0.170623 0.159344 1.08966 0.506863 0.596909 0.482216 0.470579 0.290267 1.08744 0.145316 0.816336 0.809289 0.719682 0.574666 0.423632 0.354511 0.349029 0.177572 0.436274 0.335549 0.254722 0.204697 0.819817 0.779914
threshold=0.55274108052253734 22.500000000000004 4.5000000000000009 0.072633065283298506 5.1877598762512216 0.14642857760190967 -2.9502000808715816 0.31082732975482946 0.8598749339580537 0.15794007480144504 0.16060141474008563 0.095454547554254546 10.750000000000002 0.13484849035739901 0.10233045369386674 4.6064500808715829 4.2739000320434579 3.8476999998092656 0.75431033968925487 0.40881729125976568 20.500000000000004 13.500000000000002 31.500000000000004 0.79553571343421947 0.19397783279418948 1.0000000180025095e-35 3.8306154012680058 37.855001449584968 13.500000000000002 0.99478703737258922
decision_type=2 2 2 2 2 2 2 2 2 2 2 2 2 2 2 2 2 2 2 2 2 2 2 2 2 2 2 2 2 2
left_child=6 5 -3 -4 -5 -2 -1 11 9 -9 -11 -8 -12 14 -13 16 17 20 -18 -17 21 23 -21 25 -25 -15 -26 -27 -29 -30
right_child=1 2 3 4 -6 -7 7 8 -10 10 12 13 -14 15 -16 19 18 -19 -20 22 -22 -23 -24 24 26 27 -28 28 29 -31
leaf_value=-0.054235441942683198 -0.044511453518172976 -0.054371901432270435 0.048467360506410789 -0.052791857949968747 0.033451424694944366 0.0011297492067236336 -0.055044046518716583 -0.053718215926160232 -0.053776102245139283 0.043041596338332169 -0.057196820365155422 -0.051855657429258697 0.0006141208627419121 -0.056737299679177615 0.033219927955420801 -0.058405308977645592 -0.058890585473937884 -0.059297924249333403 0.041811722341330348 -0.053363752773611307 0.05807321099001677 -0.059748802308290327 0.0016603135564893031 0.035464174271466385 -0.057054217377376176 0.0053197635582674955 0.023431473456479682 -0.056005030301367678 -9.708669981528989e-05 -0.054171882045215614
leaf_weight=0.1534769122954448 0.24389945459552009 0.14842394273728032 0.99136669607833006 0.21569464146159589 0.26855203695595264 53.392840101470938 0.39833351798006233 0.42742652888409605 1.1160346610122358 0.79957939742598672 0.37421340876608145 0.46405452722683493 5.9320448350918014 0.27050891247927111 1.9707503832178188 0.52533517335541446 0.19726705673383449 0.59447341476334159 1.7634028540924189 0.31315710977651212 0.30627629160880943 0.25480157119454716 3.6165500057395548 0.96451037167571374 0.25383357889950275 9.6731449362123367 0.16043717786669731 0.71561297890730458 22.794153109891344 0.68689624860416998
leaf_count=14 47 12 7 22 3 950 31 35 164 5 40 13 56 34 13 47 29 56 15 35 1 17 27 10 12 26 2 74 352 50
internal_value=1.19657e-10 0.00157507 0.023137 0.0309332 -0.00496332 0.000922207 -0.00159045 -0.0014424 -0.00766793 -0.000837119 0.00234376 -0.000269871 -0.00281638 0.000209389 0.0170052 -0.000739652 0.000246332 -0.00143414 0.0316799 -0.00929037 -0.000480751 -0.000982057 -0.00272454 -0.000560485 0.0170314 -0.00127095 -0.025884 -0.000827951 -0.00328563 -0.00167895
internal_weight=109.987 55.2608 1.62404 1.47561 0.484247 53.6367 54.7263 54.5728 8.6493 7.53326 7.10584 45.9235 6.30626 45.5252 2.4348 43.0904 38.6353 36.6746 1.96067 4.45504 36.0802 35.7739 3.92971 35.5191 1.37878 34.1403 0.414271 33.8698 24.1967 23.481
internal_count=2199 1041 44 32 25 997 1158 1144 300 136 101 844 96 813 26 787 678 634 44 109 578 577 62 560 24 536 14 502 476 402
is_linear=0
shrinkage=0.05


Tree=65
num_leaves=31
num_cat=0
split_feature=1 12 11 12 12 12 4 5 8 5 15 3 12 0 8 10 12 0 0 8 12 10 4 8 12 12 9 9 4 0
split_gain=0.107268 0.220406 0.1246 0.109116 0.229461 0.3545 0.393575 0.485404 0.109962 0.308865 0.408515 0.772293 0.339788 0.933959 0.254244 1.09052 1.27958 0.681178 0.386273 0.26555 0.240746 0.811334 0.24788 0.204533 0.189455 0.321746 0.168246 0.155891 0.886285 0.188327
threshold=0.31018219888210302 1.0051599740982058 17.764999389648441 -3.4264999628067012 -0.93249997496604908 -1.6195499897003172 0.19397783279418948 0.2602521032094956 0.64677500724792492 0.34514106810092932 8.5000000000000018 13.500000000000002 0.14350000023841861 1.8649142980575564 0.50335136055946361 6.5000000000000009 4.5456001758575448 0.12203127890825273 2.9746147394180302 0.62428957223892223 3.9452400207519536 11.500000000000002 0.0025636489735916261 0.73869341611862194 0.24430000036954883 0.30359999835491186 0.59729731082916271 0.94281044602394115 0.33035208284854894 1.3956049084663393
decision_type=2 2 2 2 2 2 2 2 2 2 2 2 2 2 2 2 2 2 2 2 2 2 2 2 2 2 2 2 2 2
left_child=1 -1 -2 -4 5 6 -5 -8 14 10 11 -10 23 -14 24 16 18 -18 -16 -20 22 -22 -17 -11 -6 -26 -12 29 -29 -27
right_child=2 -3 3 4 8 -7 7 -9 9 12 26 -13 13 -15 15 20 17 -19 19 -21 21 -23 -24 -25 25 27 -28 28 -30 -31
leaf_value=0.020203264883554287 -0.060547031675111586 -0.051087978705960525 0.013865987828969271 0.02542066634433305 -0.051602936775350355 -0.057529283789501812 -0.05603168443556894 0.013041624617317086 -0.058124428802054151 0.059707807036783182 0.034459822209614931 0.053497806540084264 -0.058718527098549238 0.046036356575381583 -0.055160380706358675 0.056488168390845417 0.051127327619243379 -0.054498519148371241 -0.056018593047069569 0.051915579847490102 -0.053904052723344975 0.046972873846091452 -0.0023859848089577301 0.016853593667468265 0.057867318289273662 0.0020042574951390111 0.0027842800807418538 -0.059143023826742747 0.057572189769557858 -0.0035471563677417061
leaf_weight=0.17455259151756664 0.084619082976131632 0.28613383437914308 1.430785628966986 0.61913500470109317 0.172094447305425 0.42009451289777544 0.56685372628271558 0.46135049033910036 0.6560027995146801 0.6314348280429829 0.440049814642406 0.20288597233593464 0.3854667498380876 0.47493423917330801 2.2946562328143045 0.18232296407222648 0.59058961085975159 0.20583473518490791 0.091517742286668979 0.15102675557136536 0.26023402146529295 0.85157077549956739 9.2139675217913446 0.49804149381816387 0.24721592664718528 56.887507783481851 8.854456734377889 0.23116756664239702 0.5487748384475708 20.886393429522286
leaf_count=21 10 126 15 9 15 51 35 19 88 2 13 2 33 7 283 1 2 21 26 1 26 8 90 10 1 649 44 25 1 565
internal_value=-3.88357e-10 -0.024076 0.000102187 0.000149506 -3.38648e-05 -0.0165296 -0.00607415 -0.0250388 0.000291064 0.00476536 0.0012352 -0.0317571 0.0227781 -0.000894697 -0.000294323 -0.00654506 -0.031462 0.0238285 -0.0488176 0.0111895 0.00135969 0.0233612 -0.00124361 0.0408113 0.00080125 0.000915696 0.00428396 0.000736465 0.0229789 0.00051341
internal_weight=109.002 0.460686 108.541 108.456 107.026 2.06743 1.64734 1.0282 104.958 12.1433 10.1534 0.858889 1.98988 0.860401 92.8149 13.8417 3.33363 0.796424 2.5372 0.242544 10.5081 1.1118 9.39629 1.12948 78.9732 78.8011 9.29451 78.5538 0.779942 77.7739
internal_count=2199 147 2052 2042 2027 114 63 54 1913 199 147 90 52 40 1714 458 333 23 310 27 125 34 91 12 1256 1241 57 1240 26 1214
is_linear=0
shrinkage=0.05


Tree=66
num_leaves=31
num_cat=0
split_feature=11 1 12 5 12 12 12 4 5 8 5 15 3 12 0 8 11 9 12 10 12 4 4 8 12 12 12 9 4 0
split_gain=0.112515 0.103026 0.199637 0.106401 0.0944232 0.200677 0.319491 0.343667 0.447387 0.0955241 0.284608 0.358319 0.700497 0.280861 0.840723 0.224111 0.999577 0.556615 0.504579 0.66931 0.635473 0.234702 0.280816 0.19069 0.164975 0.280173 0.161785 0.155265 0.788083 0.174044
threshold=17.764999389648441 0.31018219888210302 1.0051599740982058 0.20593944191932681 -3.4264999628067012 -0.93249997496604908 -1.6195499897003172 0.19397783279418948 0.2602521032094956 0.64677500724792492 0.34514106810092932 8.5000000000000018 13.500000000000002 0.14350000023841861 1.8649142980575564 0.50335136055946361 72.674999237060561 0.78940886259078991 3.9452400207519536 4.5000000000000009 4.642359972000123 0.0025636489735916261 0.11493944376707078 0.73869341611862194 0.24430000036954883 0.30359999835491186 -0.34154999256134028 0.94281044602394115 0.33035208284854894 1.3956049084663393
decision_type=2 2 2 2 2 2 2 2 2 2 2 2 2 2 2 2 2 2 2 2 2 2 2 2 2 2 2 2 2 2
left_child=-1 2 3 -2 -3 6 7 -6 -9 15 11 12 -11 23 -15 24 -17 18 19 -18 -20 -21 -23 -12 -7 -26 -24 29 -29 -27
right_child=1 4 -4 -5 5 9 -8 8 -10 10 13 -13 -14 14 -16 16 17 -19 20 21 -22 22 26 -25 25 27 -28 28 -30 -31
leaf_value=-0.059907545852017532 -0.051254831379926695 0.012972088054341774 -0.051032416892264523 0.041309828494356229 0.02389301250754991 -0.049917900412515898 -0.056955184372364846 -0.055584951762298565 0.01216217984658439 -0.057448978998095847 0.058769088017750992 0.0039049744060527716 0.053277982224405135 -0.057790461855194701 0.045426934778579051 -0.053794413945624543 -0.056489416278003482 -0.053385722976037178 0.036463235030296887 0.056253668970545179 -0.054760389401291257 -0.055749305098174939 -0.06050871655513438 0.016372482537524397 0.056977405324288591 0.00190692346234824 -0.00016157383230574714 -0.058143273205321457 0.056890954882022907 -0.0034359687580267982
leaf_weight=0.078320198226719095 0.041156762134049951 1.4150984920561303 0.26761186914518476 0.12636379461036995 0.59856530243996509 0.16036567662376811 0.38131241122027759 0.52587859355844557 0.45414213871117681 0.6021978174103414 0.57453688979148754 9.2710448988946137 0.18725103326141834 0.35223564429907117 0.44845467898994684 1.0210397928021837 0.58088340616086043 0.51199298485880795 1.5041487030684955 0.1743864119052877 0.21865946520119894 0.23938342358451237 0.11243197863222398 0.49263046495616436 0.22169117629527946 56.810483076667879 9.1143508531968145 0.2092351877654427 0.51621627807617188 20.831121282200911
leaf_count=10 12 15 126 9 9 15 51 35 19 88 2 57 2 33 7 143 87 66 29 1 23 24 5 10 1 649 80 25 1 565
internal_value=-5.22979e-10 4.34578e-05 -0.024237 0.0185684 0.000141712 -2.93887e-05 -0.0158803 -0.00595853 -0.0241909 0.000268881 0.00447929 0.00115142 -0.0311854 0.0224036 2.00588e-05 -0.000275684 -0.00623362 -0.00233505 -0.000146753 -0.00436584 0.0248851 -0.00122517 -0.00228405 0.0391978 0.000743968 0.000847347 -0.000896928 0.000688562 0.0237127 0.000473434
internal_weight=108.043 107.965 0.435132 0.167521 107.53 106.115 1.9599 1.57859 0.980021 104.155 11.9284 10.0605 0.789449 1.86786 0.80069 92.2264 13.4773 12.4562 11.9442 10.2214 1.72281 9.64055 9.46617 1.06717 78.7491 78.5887 9.22678 78.3671 0.725451 77.6416
internal_count=2199 2189 147 21 2042 2027 114 63 54 1913 199 147 90 52 40 1714 458 315 249 197 52 110 109 12 1256 1241 85 1240 26 1214
is_linear=0
shrinkage=0.05


Tree=67
num_leaves=31
num_cat=0
split_feature=11 1 12 12 4 8 5 12 12 8 10 11 12 13 0 12 0 11 14 8 11 4 9 9 9 8 14 4 12 4
split_gain=0.102123 0.0992273 0.178383 0.0963343 0.0897907 0.602026 0.597753 0.103353 0.605682 0.28866 0.249719 0.228898 0.226159 0.371141 0.389419 0.337132 0.228534 0.211757 0.75745 0.387312 0.381523 0.217609 0.195032 0.184805 0.242253 0.185777 1.23222 0.198105 0.71598 0.315995
threshold=17.764999389648441 0.31018219888210302 1.0051599740982058 0.64110001921653759 0.97669050097465526 0.41461125016212469 0.71679481863975536 2.4276499748229985 2.2303500175476079 0.25759340822696691 14.500000000000002 26.994999885559086 2.546819925308228 1.5000000000000002 0.32784758508205419 2.6367999315261845 0.40817670524120336 36.109998703002937 12.500000000000002 0.39986886084079748 49.729999542236335 0.27092634141445165 0.94281044602394115 0.18898809701204303 0.19139194488525393 0.59672760963439953 21.500000000000004 0.95061039924621593 -3.4264999628067012 0.68035656213760387
decision_type=2 2 2 2 2 2 2 2 2 2 2 2 2 2 2 2 2 2 2 2 2 2 2 2 2 2 2 2 2 2
left_child=-1 2 3 -2 7 6 -6 8 10 -10 11 -3 13 -9 -15 -14 -16 19 21 -13 -20 -19 -17 -22 -25 26 -26 28 -27 -30
right_child=1 4 -4 -5 5 -7 -8 12 9 -11 -12 17 15 14 16 22 -18 18 20 -21 23 -23 -24 24 25 27 -28 -29 29 -31
leaf_value=-0.059312975013640995 -0.050868734088572433 -0.070591747869831342 -0.050980150042368347 0.039973847737455347 -0.058685630430533521 0.042270642030281164 0.0047272842478408086 0.0029215017304472742 0.032801486406982681 -0.057026795303851109 -0.054931348200083829 0.047922130184633364 -0.054154434691068079 0.050358101994914709 0.051858256841589991 0.00019974786910333908 -0.056529746444697632 0.05989392573489332 -0.054914091465356363 0.0032968610258502402 -0.057540828543271139 -0.055048220450232055 0.027791801618355112 0.050237787268497272 -0.0001565858012291575 0.0462855218908289 -0.054661786244917382 -0.0086268563888969984 0.0044455434033576499 -0.027501198067759247
leaf_weight=0.072521752445026233 0.038904738234122216 0.11786562099587072 0.24849038738466334 0.11679835722316056 0.41425816621631284 0.95973611745284859 3.6111350826686248 2.9647968513891092 0.10267169121652742 0.69362615107093006 0.21617794083431263 0.59045077487826292 0.28353831477579561 0.94148642430081941 0.070723220705986023 60.124753302137833 0.15569847330334596 0.04343913495540519 0.32224281254457565 2.7545814372133464 0.14000841384404594 0.79086920619010925 0.64733343638363194 0.23843232356012123 12.217796416429339 1.0021042823791511 1.1331072195607692 2.9863859852775922 12.376087456534149 0.82568946003448296
leaf_count=10 15 14 126 6 16 20 36 33 5 101 14 2 43 5 1 1043 20 2 62 23 20 97 14 2 80 8 163 8 162 48
internal_value=-3.11735e-11 4.01522e-05 -0.0246868 0.0172755 0.000133799 0.00668559 -0.00179862 -0.000187231 -0.00231545 -0.0454447 -0.00135493 -0.00102904 0.00100608 0.0123259 0.0361993 0.000239871 -0.0226746 -0.000797563 -0.002046 0.0111739 -0.0007904 -0.0490636 0.000493654 -0.000226326 3.4383e-05 -0.000357551 -0.00478251 0.00307911 0.00554031 0.00244747
internal_weight=107.202 107.129 0.404193 0.155703 106.725 4.98513 4.02539 101.74 36.5515 0.796298 35.7552 35.5391 65.1883 4.1327 1.16791 61.0556 0.226422 35.4212 32.0762 3.34503 31.2419 0.834308 60.7721 30.9196 30.7796 30.5412 13.3509 17.1903 14.2039 13.2018
internal_count=2199 2189 147 21 2042 72 52 1970 811 106 705 691 1159 59 26 1100 21 677 652 25 553 99 1057 491 471 469 243 226 218 210
is_linear=0
shrinkage=0.05


Tree=68
num_leaves=31
num_cat=0
split_feature=6 4 0 8 10 4 4 5 12 12 12 8 7 4 2 4 8 3 5 15 11 11 4 11 12 10 4 4 12 12
split_gain=0.0966718 0.270946 0.266054 0.171567 0.165528 0.137799 0.214784 0.134164 0.131697 1.08037 0.905161 0.339948 0.243112 0.134284 0.133617 0.262621 0.121296 0.130259 0.114203 0.117574 0.717187 0.874424 0.588516 0.446404 0.325184 0.296931 0.257739 0.298519 0.185954 0.266154
threshold=0.9942665994167329 0.9480816423892976 3.8463647365570073 0.2275044843554497 1.0000000180025095e-35 0.56067425012588512 0.57362473011016857 0.067777503281831755 3.9721499681472783 2.1604099273681645 4.0298099517822275 0.33540739119052893 1.0000000180025095e-35 0.79611951112747203 0.9828476905822755 0.72439774870872509 0.73439970612525951 16.750000000000004 0.69095608592033397 10.500000000000002 128.70999908447268 111.79000091552736 0.66892284154891979 198.38499450683597 -4.1831998825073233 1.5000000000000002 0.18987040966749194 0.66892284154891979 1.0000000180025095e-35 0.14350000023841861
decision_type=2 2 2 2 2 2 2 2 2 2 2 2 2 2 2 2 2 2 2 2 2 2 2 2 2 2 2 2 2 2
left_child=1 2 18 -2 -5 -6 -7 -8 9 11 -10 -9 -11 14 -12 -16 -4 -18 19 20 21 28 23 25 -25 -21 -22 -28 -1 -30
right_child=3 -3 16 4 5 6 7 8 10 12 13 -13 -14 -15 15 -17 17 -19 -20 22 26 -23 -24 24 -26 -27 27 -29 29 -31
leaf_value=-0.055493632038691412 -0.05108139094433032 -0.051702056649535366 -0.051178788596114022 0.032408655545001795 -0.058284588288362464 0.05255684173669381 0.051432099352464594 0.053947768305856098 0.04576252299659448 0.036529303640771706 0.05292524675400976 0.0014291485038905169 -0.055725280434850158 -0.00092830794698602395 -0.052948339359588641 0.035762768016492634 -0.05164083538405121 0.045685207177515404 0.025170496632964712 0.045619471081467737 0.04784057174912143 -0.055826398884686684 -0.058307051437147921 0.055403736093383282 -0.0014165127906580306 -0.053663748851349752 -0.059175841721773807 0.053821581552305708 0.039484741770375288 -0.00015962902327240711
leaf_weight=0.15077856567222525 0.14844396582339214 0.26156293135136266 0.37783112218312354 0.46461834153160708 0.093498767819258144 0.21278858184814708 0.13726066052913921 0.31448699475732311 1.2744839806109656 0.07687169872224231 0.23537111282348533 15.23051603452768 1.0054556276882065 8.3304065074771625 0.12850616639479995 0.23783355113118887 0.060872709058457986 0.078989265486598015 0.43118370918091287 0.085950683802363481 1.043732720077968 0.70973285188665514 0.50660456280456934 0.26014798879623224 7.8508521104813553 0.60821853356901556 0.13391244088415977 0.10371866112109274 0.42611667036544432 65.456941177195404
leaf_count=18 43 42 216 12 5 1 1 4 6 2 1 128 89 30 11 3 19 3 10 2 9 84 37 1 97 70 21 2 4 1228
internal_value=-7.69037e-12 -0.000897916 -0.000728172 0.00252877 0.00281563 0.00231157 0.00251999 0.00212522 0.00187301 -0.000871378 0.00634382 0.00249164 -0.0491729 0.000719347 0.0235304 0.00464432 -0.0364537 0.00332559 -0.000490351 -0.00063342 8.78779e-05 -0.000623473 -0.00590269 -0.00288761 0.00040591 -0.0413707 0.0371407 -0.00985594 -3.01508e-05 9.67818e-05
internal_weight=106.438 78.5471 78.2856 27.8905 27.7421 27.2775 27.184 26.9712 26.8339 16.6273 10.2066 15.545 1.08233 8.93212 0.601711 0.36634 0.517693 0.139862 77.7679 77.3367 68.0249 66.7436 9.31177 8.80517 8.111 0.694169 1.28136 0.237631 66.0338 65.8831
internal_count=2199 1863 1821 336 293 281 276 275 274 223 51 132 91 45 15 14 238 22 1583 1573 1366 1334 207 170 98 72 32 23 1250 1232
is_linear=0
shrinkage=0.05


Tree=69
num_leaves=31
num_cat=0
split_feature=1 12 11 5 6 12 6 15 5 5 11 4 0 11 11 9 8 8 11 8 5 12 3 9 8 9 8 9 8 5
split_gain=0.0923101 0.145273 0.0884006 0.0826741 0.0794736 0.178791 0.17558 0.258151 0.168274 0.355996 0.319055 0.160203 0.220519 0.120246 1.11128 0.607807 0.573962 1.09547 0.41471 0.302627 1.00111 0.24631 0.396536 0.147496 0.713738 0.263264 0.502284 0.391706 0.261141 0.123392
threshold=0.31018219888210302 1.0051599740982058 17.764999389648441 0.20593944191932681 0.90691065788269054 -2.9502000808715816 0.88463783264160167 11.500000000000002 0.50620689988136303 0.70396453142166149 72.674999237060561 0.67546039819717418 1.1265459656715395 71.075000762939467 79.940002441406264 0.22474747896194461 0.46012924611568456 0.67872512340545665 63.645000457763679 0.37017148733139044 0.10233045369386674 0.14350000023841861 13.500000000000002 0.48492678999900823 0.26100675761699682 0.58957219123840343 0.59672760963439953 0.66025641560554515 0.80914941430091869 0.4244868159294129
decision_type=2 2 2 2 2 2 2 2 2 2 2 2 2 2 2 2 2 2 2 2 2 2 2 2 2 2 2 2 2 2
left_child=1 3 -2 -1 5 -4 8 -8 13 10 -10 12 -12 16 29 -16 18 -18 -7 20 -20 -19 -23 24 -17 26 -25 -27 -28 -15
right_child=2 -3 4 -5 -6 6 7 -9 9 -11 11 -13 -14 14 15 23 17 21 19 -21 -22 22 -24 25 -26 27 28 -29 -30 -31
leaf_value=-0.051155561851678938 -0.058436142220078861 -0.05089204049927111 -0.053377019740785195 0.038710262164418481 0.0020371597210239187 0.00081705621165133473 -0.05284628951915063 0.04965182714149155 -0.040215257812039461 -0.061072394659968644 -0.05675998245124924 0.046458823938801214 0.029350023314840254 -0.0592704798809945 -0.05592249185719636 0.0020632266397661051 -0.05375818477192025 0.053399175128626131 -0.064053660661753553 0.040590819956378768 0.026851115544399441 -0.05659893905583771 0.053113567414808049 -0.054958271335133292 -0.052895463628447784 -0.052772944405959282 0.045480723990783595 0.00016246092162242379 0.0055885085204491567 0.0029492740457826498
leaf_weight=0.034539320186012357 0.064491094264666482 0.21676900290913181 0.16171417059376736 0.09880687139229849 35.736572223191615 31.94872936505999 0.32774524745764111 0.075600091833621264 0.16876400652108614 0.13534076476935286 0.10022096111788392 0.77642369823297486 0.288015425670892 0.95178370334906748 0.50327593706606677 2.6242634057998688 1.2357023947406549 0.36069707479327906 0.38346261810511295 1.1390724481607319 1.4409561360662335 0.17962647782405838 0.15209384262561798 0.20519469329156237 0.76237288583070029 0.35475635968032548 0.93347552185878135 23.445364038663683 0.73188954184297472 0.086964522488415241
leaf_count=12 10 126 15 9 502 322 95 2 38 23 18 9 10 86 73 2 188 3 10 21 22 19 1 22 182 39 16 300 17 7
internal_value=-3.36675e-10 -0.0256312 8.5242e-05 0.0154332 0.000121114 -0.000864483 -0.000741964 -0.0336348 -0.000549431 0.0161932 0.0240355 0.0333457 0.00712123 -0.000914067 -0.00323068 -0.00144451 0.0010101 -0.0255464 0.00247675 0.0203695 0.00774444 0.0248008 -0.00629573 -0.000500942 -0.0103086 0.000792951 0.0188543 -0.000626576 0.027949 -0.0540614
internal_weight=105.625 0.350115 105.275 0.133346 105.21 69.4735 69.3118 0.403345 68.9084 1.46876 1.33342 1.16466 0.388236 67.4397 30.5993 29.5606 36.8403 1.92812 34.9122 2.96349 1.82442 0.692417 0.33172 29.0573 3.38664 25.6707 1.87056 23.8001 1.66537 1.03875
internal_count=2199 147 2052 21 2042 1540 1525 97 1428 98 75 37 28 1330 744 651 586 211 375 53 32 23 20 578 184 394 55 339 33 93
is_linear=0
shrinkage=0.05


Tree=70
num_leaves=31
num_cat=0
split_feature=1 12 12 12 12 4 5 8 2 12 12 9 6 12 12 15 8 8 3 12 12 11 8 3 4 11 4 7 4 6
split_gain=0.0885482 0.130751 0.0781099 0.161827 0.277612 0.296634 0.39325 0.077928 0.616837 1.19972 0.582265 0.55386 0.109367 0.0956393 0.702891 0.283764 0.242065 0.180348 0.392767 0.202442 0.55871 0.185805 0.997952 0.516084 0.339142 0.295973 0.172542 0.545156 0.492991 0.387823
threshold=0.31018219888210302 1.0051599740982058 -3.4264999628067012 -0.93249997496604908 -1.6195499897003172 0.19397783279418948 0.2602521032094956 0.28063718974590307 0.83871760964393627 2.6542600393295293 2.5276999473571782 0.073333334177732482 1.000000059604645 2.4276499748229985 2.2303500175476079 2.5000000000000004 0.33540739119052893 0.72042024135589611 10.750000000000002 1.7147700190544131 0.14350000023841861 36.109998703002937 0.37135727703571325 4.2500000000000009 0.99218201637268078 51.95000076293946 0.316429153084755 22.500000000000004 0.33583873510360723 0.72916358709335338
decision_type=2 2 2 2 2 2 2 2 2 2 2 2 2 2 2 2 2 2 2 2 2 2 2 2 2 2 2 2 2 2
left_child=1 -1 -2 4 5 -4 -7 8 -5 10 -10 -9 13 14 15 -13 -17 21 19 20 -19 -18 -23 -24 25 -25 27 -15 -28 -30
right_child=2 -3 3 7 -6 6 -8 11 9 -11 -12 12 -14 26 -16 16 17 18 -20 -21 -22 22 23 24 -26 -27 28 -29 29 -31
leaf_value=0.014282705991928605 0.012397388580957465 -0.050846859187345543 0.022610452628835601 0.0003085424941586441 -0.056579640109225483 -0.055035500746887824 0.012193167467981016 0.044306075002145291 -0.057402317562625753 -0.054415619193305842 0.043553633350309803 -0.06442187165801315 0.021746750263890821 0.0002518294718659084 -0.056480717562162656 -0.050978956584669291 0.0065173237722489013 0.032380061264653336 -0.059677139420809745 0.05190108746102428 -0.05712541020537474 -0.057439082155539126 -0.056845045192603985 -0.054922604986134174 0.036573248063657818 -0.00033164181435324888 0.038422050088163982 -0.052942826625390717 -0.032960951932224369 0.0050492168656728897
leaf_weight=0.12460512161487614 1.271682921797036 0.2019566177696106 0.56548709422349908 21.475976815781909 0.3280158942216066 0.46903320238925517 0.40564276679651812 0.72993674129247565 0.1837206362979481 1.4521644241176543 0.64158259052783251 0.17388221999863773 0.6035420224070539 26.633111285365889 0.57623422896722232 0.23436340503394859 6.5062249162001597 0.75362622772809007 0.15331674407934759 0.45921331760473549 0.22682924568653107 0.81373887090012686 0.40558262472041207 0.25148126349086553 0.61850510351359744 19.534901323262602 1.0744391464395473 0.49051279039122064 0.69909779267618688 16.744626142317429
leaf_count=21 15 126 9 130 51 35 19 2 16 142 7 37 10 386 98 24 32 13 24 3 20 86 73 56 8 240 17 54 103 342
internal_value=-6.41224e-10 -0.0259956 8.12536e-05 -7.0505e-05 -0.0150666 -0.00561151 -0.0238573 0.000190898 -0.00231532 -0.0270578 0.0210798 0.000957234 0.00054605 0.000378459 -0.00177899 -0.000732882 -0.000363216 3.58794e-05 0.0164025 0.0245045 0.0116729 -0.000890937 -0.00311991 -0.000995903 0.000114195 -0.00102548 0.00183 -0.000710161 0.00555058 0.00352587
internal_weight=104.803 0.326562 104.476 103.205 1.76818 1.44016 0.874676 101.437 23.7534 2.27747 0.825303 77.6832 76.9532 76.3497 30.7079 30.1317 29.9578 29.7234 1.59299 1.43967 0.980455 28.1304 21.6242 20.8105 20.4049 19.7864 45.6418 27.1236 18.5182 17.4437
internal_count=2199 147 2052 2037 114 63 54 1923 295 165 23 1628 1626 1616 714 616 579 555 60 36 33 495 463 377 304 296 902 440 462 445
is_linear=0
shrinkage=0.05


Tree=71
num_leaves=31
num_cat=0
split_feature=11 1 12 12 4 10 12 4 0 4 1 4 2 4 11 4 14 9 5 10 4 2 4 5 13 8 11 14 5 3
split_gain=0.0806352 0.0799471 0.120071 0.0736884 0.0694477 0.517994 0.134001 0.0789199 0.879615 0.630408 0.220871 0.121408 0.302197 0.112259 0.708705 0.620643 0.185423 0.37544 0.140627 0.454383 0.433406 0.410229 0.274111 0.248688 0.197447 0.209075 0.128782 0.286438 0.102308 0.77555
threshold=17.764999389648441 0.31018219888210302 1.0051599740982058 0.64110001921653759 0.97669050097465526 3.5000000000000004 0.93129998445510875 0.95061039924621593 0.47953957319259649 0.9480816423892976 0.41999846696853643 0.9275556504726411 0.8598749339580537 0.88768076896667492 41.505001068115241 0.86751881241798412 24.500000000000004 0.27429467439651495 0.49187669157981878 5.5000000000000009 0.66892284154891979 0.8598749339580537 0.8146033287048341 0.46359138190746313 2.5000000000000004 0.6274593472480775 29.500000000000004 24.500000000000004 0.36410985887050634 10.750000000000002
decision_type=2 2 2 2 2 2 2 2 2 2 2 2 2 2 2 2 2 2 2 2 2 2 2 2 2 2 2 2 2 2
left_child=-1 2 3 -2 7 -6 -7 9 -9 10 -3 13 -13 15 -15 18 -16 -18 23 21 -21 22 26 28 25 -22 -20 -28 -12 -30
right_child=1 4 -4 -5 5 6 -8 8 -10 -11 11 12 -14 14 16 -17 17 -19 19 20 24 -23 -24 -25 -26 -27 27 -29 29 -31
leaf_value=-0.057951476831128612 -0.050762253196107436 -0.047618175387640439 -0.050775420322742383 0.036987620837785666 -0.0034854897057482338 0.054334109156843502 0.020273256403706343 -0.066628355117710661 -0.00074694777072937158 0.050761691856501104 0.00060735885794859857 0.056000668467826448 -0.054712651913578304 0.050798252316089892 0.0035438952549214338 -0.066196509906002329 0.026974702345550019 -0.057020032809133127 0.053488101873578955 -0.053713016543890484 -0.038097127911713505 -0.053603335812445731 -0.055108407391649565 -0.053240369635970668 0.052154746558392168 0.02881301662100004 -0.051891330155752563 0.049176951739634808 -0.001272371003237632 -0.054208021438397105
leaf_weight=0.059990809240843102 0.032805425231343999 0.24355522380210359 0.18529309060977539 0.088377740175928921 3.5721409826655863 0.50063813850283601 0.68229509331285954 0.53779840469360252 8.7471791352145356 0.61419090954586764 67.390643300968804 0.079937376081942513 0.26920505764428526 0.79143206914886732 2.9339123510289942 0.35500601067906146 0.20571822766214598 0.37656004261225462 0.23686558008193903 0.15271234067040484 0.14192644925788023 0.41404414543649182 0.12912968033924699 0.22145307256141578 0.79251513257622719 0.65815454046241939 0.12786324598710053 0.15518976678140461 12.513562617939893 0.73241382233391128
leaf_count=10 15 88 126 6 62 2 8 32 67 6 1196 1 28 5 12 34 4 24 1 29 13 64 8 39 5 11 34 3 173 93
internal_value=2.05604e-09 3.34683e-05 -0.025466 0.0132329 0.00010892 0.00601114 0.0346884 -0.000175083 -0.00456289 0.000279937 -6.87455e-05 6.18493e-05 -0.0293645 0.000178164 0.00805051 -0.000225436 -0.00157125 -0.0273448 5.4486e-05 0.0110537 0.0267501 -0.0147156 0.0100919 -0.000327544 0.0344656 0.0169438 0.0262854 0.00352148 -0.000182229 -0.00419936
internal_weight=103.943 103.883 0.306476 0.121183 103.576 4.75507 1.18293 98.821 9.28498 89.536 88.9218 88.6782 0.349142 88.3291 4.30762 84.0215 3.51619 0.582278 83.6665 2.8084 1.74531 1.06309 0.649048 80.8581 1.5926 0.800081 0.519919 0.283053 80.6366 13.246
internal_count=2199 2189 147 21 2042 72 10 1970 99 1871 1865 1777 29 1748 45 1703 40 28 1669 168 58 110 46 1501 29 24 38 37 1462 266
is_linear=0
shrinkage=0.05


Tree=72
num_leaves=31
num_cat=0
split_feature=1 12 0 12 12 5 4 0 0 8 5 15 3 1 12 8 11 9 12 10 12 4 4 10 9 12 12 12 9 4
split_gain=0.0761904 0.108672 0.0745639 0.0704421 0.139765 0.259397 0.48941 0.290339 0.140768 0.0723867 0.201705 0.282333 0.570314 0.218559 0.61901 0.142439 0.790557 0.458962 0.395063 0.571509 0.508154 0.176172 0.225259 0.140958 0.692672 0.121464 0.118301 0.220235 0.118371 0.650232
threshold=0.31018219888210302 1.0051599740982058 0.00050237510004080843 -3.4264999628067012 -0.93249997496604908 0.16336256265640262 0.19397783279418948 1.1265459656715395 0.0051158254500478515 0.64677500724792492 0.34514106810092932 8.5000000000000018 13.500000000000002 0.86034229397773754 0.14350000023841861 0.50335136055946361 72.674999237060561 0.78940886259078991 3.9452400207519536 4.5000000000000009 4.642359972000123 0.0025636489735916261 0.11493944376707078 11.500000000000002 0.78019323945045482 -0.34154999256134028 0.24430000036954883 0.30359999835491186 0.94281044602394115 0.33035208284854894
decision_type=2 2 2 2 2 2 2 2 2 2 2 2 2 2 2 2 2 2 2 2 2 2 2 2 2 2 2 2 2 2
left_child=1 -1 -2 -4 5 -5 -7 -8 -6 15 11 12 -11 -12 -15 26 -17 18 19 -18 23 -21 -23 24 -20 -24 -10 -28 -29 -30
right_child=2 -3 3 4 8 6 7 -9 9 10 13 -13 -14 14 -16 16 17 -19 20 21 -22 22 25 -25 -26 -27 27 28 29 -31
leaf_value=0.012284291343703613 0.027853192377332525 -0.050738095624414961 0.012189991236360859 -0.056442504837603692 -0.054888420759513661 0.037062791670283722 -0.054921615410794815 0.0016896914301534672 -0.048736414219416629 -0.056931733783030805 0.047720970491902936 0.0036117291090589049 0.052884375961862899 0.032542439180436603 -0.055924992425967171 -0.052986973570493201 -0.056072668300629895 -0.052903074153753608 -0.055273118108243084 0.054991112659784805 -0.054228005784510994 -0.055155806141775177 -0.058820365949903447 0.051981575668654703 0.052747945841261336 -5.11597493314986e-05 0.055893802842495288 0.00027820951221158886 -0.057043398964360031 0.05566409068101566
leaf_weight=0.11327135388273646 0.24095549946650763 0.17267833933874499 1.172826126217841 0.30186080583371122 0.11622885521501203 0.45556049176957436 0.4506294124876149 0.45533508009975776 0.12175385444424947 0.4921603990951543 0.50834926089737453 9.1100061903707665 0.1556096263229847 0.69116309622768313 0.27696321508847177 0.8106629250687537 0.49430455331457324 0.42614538728958073 0.21522876271046765 0.13881173729896445 0.18286964984145004 0.19338349311146785 0.08878383942646273 0.62302297353744507 0.47799724340438843 9.0334055596031284 0.17958484590053458 74.890643542952603 0.18173998253769141 0.4325140118598938
leaf_count=21 6 126 15 44 8 5 44 21 15 88 9 56 2 10 33 145 87 66 26 1 23 24 5 2 1 80 1 1209 25 1
internal_value=1.80132e-09 -0.0257735 7.1611e-05 6.4154e-06 -0.000134359 -0.0145086 -0.00521149 -0.0264689 0.00010512 0.000169215 0.00394993 0.00134382 -0.0305513 0.0211733 0.00723353 -0.000310762 -0.00521475 -0.00195323 -5.6619e-05 -0.00366221 0.0238714 -0.000922033 -0.0017552 0.0347219 0.0192102 -0.000623145 0.00050982 0.000589043 0.000457503 0.0223172
internal_weight=103.204 0.28595 102.919 102.678 101.505 1.66339 1.36152 0.905964 99.8413 99.7251 11.2343 9.75778 0.64777 1.47648 0.968126 88.4909 12.6846 11.874 11.4478 9.94869 1.49912 9.45438 9.31557 1.31625 0.693226 9.12219 75.8062 75.6845 75.5049 0.614254
internal_count=2199 147 2052 2046 2031 114 70 65 1917 1909 198 146 90 52 43 1711 460 315 249 197 52 110 109 29 27 85 1251 1236 1235 26
is_linear=0
shrinkage=0.05


Tree=73
num_leaves=31
num_cat=0
split_feature=11 1 12 5 0 4 10 0 12 12 12 3 11 11 14 8 11 4 10 12 9 9 9 0 8 2 9 10 8 8
split_gain=0.0734139 0.0729406 0.0992236 0.0671917 0.0657878 0.062564 0.475774 0.136733 0.135178 0.0661809 0.470477 0.205971 0.178275 0.156319 0.639683 0.336057 0.294609 0.155727 0.154134 0.525077 0.146188 0.145358 0.189401 0.134079 0.124329 1.09331 0.491312 0.396139 0.423581 0.224639
threshold=17.764999389648441 0.31018219888210302 1.0051599740982058 0.20593944191932681 0.00050237510004080843 0.97669050097465526 3.5000000000000004 0.030526527203619484 0.93129998445510875 2.4276499748229985 2.2303500175476079 13.500000000000002 26.994999885559086 36.109998703002937 12.500000000000002 0.39986886084079748 49.729999542236335 0.27092634141445165 1.0000000180025095e-35 2.8445500135421757 0.94281044602394115 0.18898809701204303 0.19139194488525393 0.052137825638055808 0.28063718974590307 0.83871760964393627 0.073333334177732482 1.5000000000000002 0.67872512340545665 0.17927792668342593
decision_type=2 2 2 2 2 2 2 2 2 2 2 2 2 2 2 2 2 2 2 2 2 2 2 2 2 2 2 2 2 2
left_child=-1 2 3 -2 -3 7 -7 -6 -8 10 12 -12 -9 15 17 -14 -16 -15 19 -11 24 -18 -23 -24 25 -20 -26 28 -28 -27
right_child=1 4 -4 -5 5 6 8 9 -10 18 11 -13 13 14 16 -17 21 -19 20 -21 -22 22 23 -25 26 29 27 -29 -30 -31
leaf_value=-0.057477046147187863 -0.051113083964242703 0.026670255442062259 -0.050701196642840576 0.035308308405725332 -0.054208364676882774 -0.0032973722121038018 0.054168100280916877 -0.067935379419715725 0.019167697443375639 0.036499825297929944 -0.056624161652470334 0.028389625822057025 0.046717343725005307 0.057806310316937594 -0.054256374391724475 0.0025439458184711339 -0.056413539860140666 -0.054341055969478559 0.00041987853920015192 -0.048284978216785339 0.026168986955865364 0.04995329839918352 0.036154846952856222 -0.00088896626865022418 0.043271096002696879 -7.9246049745199869e-05 -0.06094390544344528 0.0015723424708825849 0.03291984826633769 -0.054121817319767118
leaf_weight=0.055525720003059997 0.031427330250152319 0.23243864998221297 0.16212050723697757 0.079099458525888622 0.11719078104942937 3.5595791147206901 0.47700628172606208 0.09959318453911592 0.6542219091206789 0.89308018772862741 0.53290699142962594 0.08224264089949429 0.51077665016055052 0.032451257109644582 0.25687268195906909 2.7414549785898998 0.11569347194745461 0.6712233901489526 15.751524286970382 0.22954750573262572 0.54834898083936323 0.18661509174853819 0.24633500725031154 29.126812656933907 0.69784950464963813 0.22933389735408027 0.48813539103139092 42.296722549770493 0.15945615549571812 1.1903946829261256
leaf_count=10 12 6 126 9 9 62 2 14 8 19 101 5 2 2 62 23 20 97 109 30 13 2 3 479 2 17 63 754 12 126
internal_value=1.11935e-09 3.11675e-05 -0.0257959 0.0107351 0.000100117 3.95067e-05 0.00567945 -0.00023266 0.0339264 -0.000167508 -0.00192173 -0.0452582 -0.00113738 -0.000941065 -0.0020475 0.00948156 -0.000939725 -0.0491692 0.000803954 0.0191636 0.00046806 -0.000478213 -0.000259289 -0.000578302 0.000236317 -0.00336788 0.00165441 0.000978135 -0.0378319 -0.0453921
internal_weight=102.456 102.4 0.272647 0.110527 102.128 101.895 4.69081 97.2046 1.13123 97.0874 34.603 0.61515 33.9878 33.8882 30.636 3.25223 29.9323 0.703675 62.4844 1.12263 61.3618 29.6755 29.5598 29.3731 60.8134 17.1713 43.6422 42.9443 0.647592 1.41973
internal_count=2199 2189 147 21 2042 2036 72 1964 10 1955 810 106 704 690 665 25 566 99 1145 49 1096 504 484 482 1083 252 831 829 75 143
is_linear=0
shrinkage=0.05


Tree=74
num_leaves=31
num_cat=0
split_feature=1 12 11 0 6 6 15 5 5 15 12 15 5 10 10 15 1 14 8 7 10 2 5 4 11 11 9 8 8 11
split_gain=0.0722054 0.0902829 0.0642039 0.0639537 0.0615754 0.146458 0.210893 0.122931 0.284795 0.258459 0.127563 0.120359 0.326585 0.158634 0.100536 0.350333 0.0966347 0.161051 0.0856611 0.122226 0.12677 0.272796 0.110851 0.157877 0.0830551 0.89986 0.506446 0.476003 0.809821 0.332661
threshold=0.31018219888210302 1.0051599740982058 17.764999389648441 4.9623188972473153 0.90691065788269054 0.88463783264160167 11.500000000000002 0.50620689988136303 0.70396453142166149 4.5000000000000009 -2.9502000808715816 5.5000000000000009 0.69095608592033397 8.5000000000000018 1.0000000180025095e-35 3.5000000000000004 0.61076521873474132 59.500000000000007 0.16610974073410037 19.500000000000004 3.5000000000000004 1.0607467293739321 0.076598640531301512 0.5796048939228059 71.075000762939467 79.940002441406264 0.22474747896194461 0.46012924611568456 0.67872512340545665 63.645000457763679
decision_type=2 2 2 2 2 2 2 2 2 2 2 2 2 2 2 2 2 2 2 2 2 2 2 2 2 2 2 2 2 2
left_child=1 3 -2 -1 5 7 -7 10 9 -9 -4 -11 13 -13 15 -6 17 -12 -16 22 -21 -22 -20 -24 27 -26 -27 29 -29 -18
right_child=2 -3 4 -5 14 6 -8 8 -10 11 16 12 -14 -15 18 -17 24 -19 19 20 21 -23 23 -25 25 26 -28 28 -30 -31
leaf_value=-0.051268306194034323 -0.056806844866442413 -0.050698877691242372 -0.053351663619350342 0.034843439026915911 0.048549654534059739 -0.052494175054407281 0.048643242023753919 -0.05123251164463271 -0.060379437365876101 0.047443370782216956 -0.045889414790883092 -0.055157217981709764 0.053487277877138854 0.022021022111079452 -0.051572765668337434 -0.06385947872285884 0.00075284610333326213 0.0084790847952823257 -0.061952902436923821 0.037358187200954039 -0.053489884392663861 0.051204074605850095 0.030554169306077586 0.00090980534160283702 -0.052948481953671335 -0.05554866515396404 -0.00027501614816312982 -0.053076382632251319 0.022259151123472397 0.019009777310308024
leaf_weight=0.030511255405143767 0.049597775912842645 0.15414360665454296 0.11580944224260648 0.073507922003045678 0.34304342605173488 0.27553016028832544 0.063405619468539953 0.10835946525912632 0.11458838387625281 0.50485456027672604 0.30579300411045451 0.16666283385711722 0.2622784236446023 0.11087291920557618 0.075843606377019479 0.086865108401980251 31.234821488731541 0.24561401357641444 0.06937612732872267 0.4689954100176682 0.13901924970559776 0.11263076215982437 0.45536195114254852 32.827545759442728 0.8621619666810173 0.42066212795907887 27.912297683476936 0.99637376406462752 0.55565778794698417 2.711708217742852
leaf_count=12 10 126 11 9 7 95 2 34 23 9 126 30 2 4 18 15 303 7 10 9 12 1 12 418 87 62 498 183 19 45
internal_value=6.67866e-10 -0.0264093 6.71088e-05 0.00958485 9.48875e-05 -0.00078985 -0.0335741 -0.000623078 0.0147987 0.02227 -0.00092217 0.0298941 0.0134814 -0.0243252 0.00180833 0.0258368 -0.000829109 -0.021672 0.00150583 0.00162398 0.0219967 -0.00663211 0.00118378 0.00131539 -0.000651457 -0.00262694 -0.00109567 0.000973238 -0.0261048 0.00221124
internal_weight=101.854 0.258163 101.596 0.104019 101.546 66.9675 0.338936 66.6285 1.26762 1.15303 65.3609 1.04467 0.539814 0.277536 34.5787 0.429909 65.2451 0.551407 34.1488 34.0729 0.720645 0.25165 33.3523 33.2829 64.6937 29.1951 28.333 35.4986 1.55203 33.9465
internal_count=2199 147 2052 21 2042 1540 97 1443 102 79 1341 45 36 34 502 22 1330 133 480 462 22 13 440 430 1197 647 560 550 202 348
is_linear=0
shrinkage=0.05


Tree=75
num_leaves=31
num_cat=0
split_feature=1 12 12 12 5 4 0 9 6 8 5 15 3 1 12 8 0 8 8 11 9 1 8 6 7 9 10 12 0 2
split_gain=0.0657486 0.082395 0.0605809 0.12481 0.234056 0.425576 0.266432 0.0640235 0.0786712 0.0587238 0.193493 0.244936 0.491718 0.181836 0.522137 0.136777 0.377651 0.097171 0.0906262 1.31497 0.466129 0.271025 0.201226 0.67644 0.630774 0.163332 0.140887 0.491711 0.297387 0.13207
threshold=0.31018219888210302 1.0051599740982058 -3.4264999628067012 -0.93249997496604908 0.16336256265640262 0.19397783279418948 1.1265459656715395 0.63733074069023143 0.38206331431865698 0.64677500724792492 0.34514106810092932 8.5000000000000018 13.500000000000002 0.86034229397773754 0.14350000023841861 0.61890006065368663 2.9746147394180302 0.73869341611862194 0.45063807070255285 83.540000915527358 0.80384615063667308 0.41999846696853643 0.41405355930328375 0.9942665994167329 23.500000000000004 0.94281044602394115 2.5000000000000004 4.5456001758575448 0.5073007494211198 0.37221863865852362
decision_type=2 2 2 2 2 2 2 2 2 2 2 2 2 2 2 2 2 2 2 2 2 2 2 2 2 2 2 2 2 2
left_child=1 -1 -2 4 -4 -6 -7 -8 -9 15 11 12 -11 -12 17 18 -17 -15 21 29 26 -5 25 24 -24 -23 27 -21 -28 -20
right_child=2 -3 3 9 5 6 7 8 -10 10 13 -13 -14 14 -16 16 -18 -19 19 20 -22 22 23 -25 -26 -27 28 -29 -30 -31
leaf_value=0.0091412063114088699 0.011434337567176406 -0.050643529064461845 -0.056055392642225546 -0.065990716096227142 0.035592870195413379 -0.054541526186225368 0.024151729766281282 0.0058776452823878977 -0.052519273112134106 -0.056449104380024144 0.046962942402933895 0.0031479592733333842 0.052603070753320047 0.055621044217798565 -0.055247276885361685 -0.056172025216575522 0.051485005442648495 0.01531726397368862 -0.00032049654904365952 -0.054263528783170457 -0.053798638427211602 -0.00011864933358349803 -0.053948181248960059 0.039087803867077692 0.0070323156111213357 0.028204548969285412 -0.05333651528973541 0.052482078856135365 0.0014612503035063425 -0.052770803186606312
leaf_weight=0.097434693510875969 1.1576147628948081 0.14107724013592815 0.27428433371824112 0.15159009472699736 0.42650017095729686 0.41083006968256086 0.18262199638411403 0.16362981498241425 0.089065931271761656 0.43602373264729877 0.45977402129210421 9.1092265945626405 0.13548868894577026 0.25771462917327881 0.23617733526043594 0.31713710993062605 0.10961670428514481 0.35631777707021683 0.13158556428971024 0.14376115752384677 0.38890605664346267 59.389741919636435 0.48797860159538631 1.4711595278349703 3.2376975307706743 0.5134110355284055 0.25086857762653636 0.43226823210716248 18.956745275660069 1.3653121300740165
leaf_count=21 15 126 44 45 5 44 9 3 9 88 9 57 2 1 33 44 1 9 13 26 63 825 94 28 26 9 34 1 205 310
internal_value=2.46531e-09 -0.0262208 6.18967e-05 -6.99034e-05 -0.0141618 -0.00513278 -0.0256605 0.00159589 -0.0147051 0.000151772 0.00359629 0.00115585 -0.0305961 0.0216311 0.00793218 -0.000281642 -0.0285191 0.0322331 -0.000143005 -0.00294461 0.000410599 0.00078738 0.000942878 0.0103808 -0.000954739 0.0001241 0.00147624 0.0258413 0.000745543 -0.0481601
internal_weight=101.282 0.238512 101.043 99.8854 1.54693 1.27265 0.846148 0.435318 0.252696 98.3385 10.9907 9.68074 0.571512 1.30998 0.85021 87.3478 0.426754 0.614032 86.921 21.6694 20.1725 65.2516 65.1 5.19684 3.72568 59.9032 19.7836 0.576029 19.2076 1.4969
internal_count=2199 147 2052 2037 114 70 65 21 12 1923 199 147 90 52 43 1724 45 10 1679 652 329 1027 982 148 120 834 266 27 239 323
is_linear=0
shrinkage=0.05


Tree=76
num_leaves=31
num_cat=0
split_feature=1 12 5 0 0 12 12 5 4 0 9 6 8 5 15 3 1 12 8 0 8 11 1 8 6 7 9 4 3 4
split_gain=0.06222 0.0761295 0.0571759 0.0560727 0.108934 0.0530344 0.110266 0.21718 0.369005 0.254245 0.0557195 0.0731614 0.0544178 0.173278 0.221854 0.450808 0.165134 0.459825 0.124897 0.34608 0.0794961 1.20856 0.235446 0.191279 0.623609 0.575457 0.153952 0.13608 0.456756 0.291111
threshold=0.31018219888210302 1.0051599740982058 0.20593944191932681 0.00050237510004080843 0.0051158254500478515 -3.4264999628067012 -0.93249997496604908 0.16336256265640262 0.19397783279418948 1.1265459656715395 0.63733074069023143 0.38206331431865698 0.64677500724792492 0.34514106810092932 8.5000000000000018 13.500000000000002 0.86034229397773754 0.14350000023841861 0.61890006065368663 2.9746147394180302 0.45063807070255285 83.540000915527358 0.41999846696853643 0.41405355930328375 0.9942665994167329 23.500000000000004 0.94281044602394115 0.070160306990146651 21.250000000000004 0.073419854044914259
decision_type=2 2 2 2 2 2 2 2 2 2 2 2 2 2 2 2 2 2 2 2 2 2 2 2 2 2 2 2 2 2
left_child=1 2 -1 -2 -5 -6 7 -7 -9 -10 -11 -12 18 14 15 -14 -15 -18 20 -20 22 -22 -8 26 25 -25 -24 28 -23 -29
right_child=3 -3 -4 4 5 6 12 8 9 10 11 -13 13 16 -16 -17 17 -19 19 -21 21 27 23 24 -26 -27 -28 29 -30 -31
leaf_value=-0.050976545468181603 0.026182733087113459 -0.050611965511172856 0.033509650060887602 -0.053943850329314036 0.010745906270463255 -0.055702340695869705 -0.064788482844968492 0.034122038928973628 -0.054211634741078332 0.023411366949897747 0.0058800329694507023 -0.052286114714890843 -0.055991610826417175 0.04625390780741969 0.0030527066513737454 0.052441895427049745 0.030767833644236305 -0.054755991025196828 -0.055829680480797443 0.051383369927402646 -0.047716760819472188 -0.05713540618015929 -0.00016989281279852092 -0.053760206222070464 0.03847313306369634 0.0067078324826491433 0.027580041486862508 0.041224154785641565 0.054515983262629554 5.3446038238519545e-05
leaf_weight=0.028674326254985227 0.20499370340257783 0.13249567433376797 0.066391775966621935 0.093480239622293904 1.1469777990132559 0.25424691347870876 0.13686958514153857 0.40390939987264551 0.37913260253844783 0.17850771732628345 0.1636375430971384 0.080731889232993126 0.40369780722539772 0.42755872197449096 9.078015511040574 0.12569817621260881 0.58407721063122153 0.21502583171240985 0.29356570186791842 0.10122351348400116 1.3993375273421431 0.33412326639518397 59.039202410436701 0.44816890521906261 1.4072862885659558 3.2232148067560047 0.50407482287846406 0.43921391200274484 0.12619723379611969 19.137945679423865
leaf_count=12 6 126 9 8 15 44 45 5 44 9 3 9 88 9 56 2 10 33 44 1 322 46 814 94 27 26 9 5 1 277
internal_value=2.76978e-09 -0.0261152 0.00802649 5.92354e-05 5.75083e-06 5.61671e-05 -6.78248e-05 -0.0137061 -0.00485193 -0.0244801 0.00217592 -0.0133362 0.000136581 0.00347734 0.00121788 -0.0302455 0.0211738 0.00775474 -0.00028141 -0.0283404 -0.000152896 -0.00279208 0.000720741 0.00085949 0.0101739 -0.000673552 6.50295e-05 0.000345281 -0.0265261 0.000977112
internal_weight=100.558 0.227562 0.0950661 100.33 100.125 100.032 98.8847 1.46017 1.20592 0.80201 0.422877 0.244369 97.4245 10.8341 9.60741 0.529396 1.22666 0.799103 86.5904 0.394789 86.1956 21.4368 64.7588 64.6219 5.07867 3.67138 59.5433 20.0375 0.460321 19.5772
internal_count=2199 147 21 2052 2046 2038 2023 114 70 65 21 12 1909 198 146 90 52 43 1711 45 1666 651 1015 970 147 120 823 329 47 282
is_linear=0
shrinkage=0.05


Tree=77
num_leaves=31
num_cat=0
split_feature=1 14 6 6 15 12 5 5 11 4 0 4 4 4 4 10 8 5 1 14 12 12 12 9 7 8 8 11 11 9
split_gain=0.0593352 0.0713304 0.0521632 0.122638 0.186672 0.137152 0.128623 0.255352 0.220561 0.122717 0.150685 0.09234 0.1112 0.126515 0.151995 0.0898604 0.266399 0.0896092 0.0840874 0.140209 0.0747239 0.637877 0.228111 0.211745 0.20919 0.331894 0.129299 0.0680032 0.776951 0.456911
threshold=0.31018219888210302 17.500000000000004 0.90691065788269054 0.88463783264160167 11.500000000000002 -2.9502000808715816 0.50620689988136303 0.70396453142166149 72.674999237060561 0.67546039819717418 1.1265459656715395 0.51822263002395641 0.53407931327819835 0.56067425012588512 0.57362473011016857 1.0000000180025095e-35 0.44690352678298956 0.067777503281831755 0.61076521873474132 42.500000000000007 3.8135598897933964 4.0298099517822275 4.1889500617980966 0.17156863212585452 8.5000000000000018 0.21777756512165072 0.35763992369174963 71.075000762939467 79.940002441406264 0.22474747896194461
decision_type=2 2 2 2 2 2 2 2 2 2 2 2 2 2 2 2 2 2 2 2 2 2 2 2 2 2 2 2 2 2
left_child=1 -1 3 5 -5 -2 18 8 -8 10 -10 -4 -13 -14 -15 16 -16 -17 19 -7 23 26 -23 -19 -25 -26 -22 -20 -29 -30
right_child=2 -3 11 4 -6 6 7 -9 9 -11 -12 12 13 14 15 17 -18 20 27 -21 21 22 -24 24 25 -27 -28 28 29 -31
leaf_value=0.054515828720872489 -0.052819321516318178 -0.036685085238855414 -0.052326580050795192 -0.052311123777940033 0.048463614223077753 -0.050820276603200668 -0.039954315062129021 -0.05926858243357308 -0.055942722135088677 0.045673592165378321 0.027008282178789762 0.030240969974444212 -0.056485058504929742 0.048617117076330735 -0.063808360872995559 0.050964252876285802 0.045992379934788476 -0.053658402895376892 0.00082748742925804622 0.0021515703391814097 0.010378402327369534 -0.053933387401264736 0.00094102707746228852 0.0005403571840450587 0.051029959775084011 -0.053664838305201037 0.046272435015606329 -0.051704639270011121 -0.055205725767974605 -0.00032275618260803611
leaf_weight=0.024181276559828713 0.12559997523203392 0.1890936065101414 0.079059170559047653 0.23860822065034781 0.056914253160357475 0.22255053681146719 0.11860521111520828 0.10122157222940575 0.073381249472731724 0.59367823915090412 0.21560419641900808 0.33959663659334083 0.093855237588285401 0.17135898768901725 0.067600270034744336 0.089961484074591591 0.30214660643832758 0.18659077899065124 35.049506011593621 0.28474979678867385 0.33759408723562845 0.19357018009759386 8.7594075049273652 21.896911379357338 0.094384096562861397 0.38237430213484913 0.97692532069049776 0.77907650262932548 0.38452946516918274 27.489021929446608
leaf_count=1 15 146 10 95 2 122 38 23 18 9 10 10 10 2 12 1 10 35 560 11 8 22 50 266 1 55 10 87 62 498
internal_value=1.16952e-09 -0.0263447 5.63543e-05 -0.000765811 -0.0329031 -0.000620676 -0.000520294 0.0164131 0.024064 0.0326663 0.00594477 0.00164721 0.00177311 0.00148498 0.00164759 0.0014058 0.0259177 0.00113047 -0.000811045 -0.021087 0.000993906 0.00452996 -0.000245399 -0.000615403 -0.000173038 -0.0329384 0.0370542 -0.000649575 -0.0024564 -0.00107989
internal_weight=99.9177 0.213275 99.7044 65.733 0.295522 65.4375 65.3119 1.10249 1.00127 0.882664 0.288985 33.9713 33.8923 33.5527 33.4588 33.2875 0.369747 32.9177 64.2094 0.5073 32.8278 10.2675 8.95298 22.5603 22.3737 0.476758 1.31452 63.7021 28.6526 27.8736
internal_count=2199 147 2052 1550 97 1453 1438 98 75 37 28 502 492 482 472 470 22 448 1340 133 447 90 72 357 322 56 18 1207 647 560
is_linear=0
shrinkage=0.05


Tree=78
num_leaves=31
num_cat=0
split_feature=1 12 8 2 12 11 9 6 11 7 12 12 8 11 10 10 8 3 1 9 12 12 12 5 4 14 4 6 6 14
split_gain=0.0554559 0.0648019 0.0495561 0.529265 0.910465 0.475099 0.459803 0.0796187 0.0784532 0.0714376 0.0671791 0.501185 0.185866 0.179756 0.201612 0.158881 0.553608 0.54499 0.148235 0.123834 0.0916046 0.540448 0.498996 1.23835 0.403177 0.382277 0.349005 0.427294 0.282441 0.308988
threshold=0.31018219888210302 1.0051599740982058 0.28063718974590307 0.83871760964393627 2.6542600393295293 57.120000839233406 0.073333334177732482 1.000000059604645 29.279999732971195 3.5000000000000004 2.4276499748229985 2.2303500175476079 0.33540739119052893 26.994999885559086 1.0000000180025095e-35 1.5000000000000002 0.44690352678298956 12.250000000000002 0.45275154709815985 0.94281044602394115 4.039759874343873 4.1889500617980966 3.942100048065186 0.10233045369386674 0.070160306990146651 34.500000000000007 0.073419854044914259 0.24056246131658557 0.97965550422668468 30.500000000000004
decision_type=2 2 2 2 2 2 2 2 2 2 2 2 2 2 2 2 2 2 2 2 2 2 2 2 2 2 2 2 2 2
left_child=1 -1 3 8 5 -5 -4 10 -2 -9 11 12 -8 -14 -15 16 -12 -18 -17 20 22 -22 25 -24 -23 28 -26 -28 -20 -30
right_child=2 -3 6 4 -6 -7 7 9 -10 -11 15 -13 13 14 -16 18 17 -19 19 -21 21 24 23 -25 26 -27 27 -29 29 -31
leaf_value=0.0070952026727160167 0.027584481435610958 -0.050535456024783855 0.04213880299705846 -0.056223330767977524 -0.053845356352363399 0.043095641345642977 -0.050187741687618907 0.042070469952634811 -8.2729765493828387e-05 0.0034401102691588845 -0.060135691119232462 -0.055736200297273809 -0.066617747635099089 -0.059035067976453595 -4.713239131344717e-05 -0.053018426940401653 -0.053075848071847093 0.047033625077712693 0.0032745088782157963 0.027593000946392939 -0.057011682537505187 -0.059295487580557138 -0.062654779045205736 0.037478025358665644 0.048270143827942882 -0.042946971460932348 -0.044939378471239938 0.0017494748840726289 -0.052597263833103529 0.026941369472830413
leaf_weight=0.084195680217816427 0.25938105583191529 0.11595383812527871 0.66261392086744209 0.1582450948189934 1.1865654588327741 0.50360146048478782 0.18969119107351318 0.21423281636088987 21.0523340455984 0.27114725671708584 0.44462479912908637 0.42145499278558318 0.10259426286211493 0.14553854078986006 30.804572269393248 0.12236516077245951 0.20513694826513529 0.40308417566120625 20.433585388702351 0.47080336161889036 0.41969755652826535 0.27799883711850526 0.35615708807017599 2.3205169367138296 0.38822959735989826 0.47810048470273514 0.50572149074287231 15.814175182778854 0.45043388428166409 0.16751164756715298
leaf_count=21 4 126 2 12 142 11 24 4 128 6 51 98 19 47 653 34 64 5 320 10 36 27 12 19 2 53 63 138 61 7
internal_value=1.66704e-09 -0.0262923 5.30339e-05 -0.001972 -0.0276373 0.0193488 0.000669573 0.000305178 0.000254003 0.0204904 0.000174408 -0.00157558 -0.000844959 -0.000543539 -0.000324515 0.00145535 -0.0177302 0.0132693 0.00193395 0.00209374 0.00180524 -0.000961296 0.00379454 0.0241544 0.000423611 0.0012633 0.00141725 0.000302679 0.00226736 -0.0310361
internal_weight=99.4303 0.20015 99.2301 23.1601 1.84841 0.661847 76.07 75.4074 21.3117 0.48538 74.922 31.6639 31.2424 31.0527 30.9501 43.2581 1.05285 0.608221 42.2053 42.0829 41.6121 17.4058 24.2063 2.67667 16.9861 21.5296 16.7081 16.3199 21.0515 0.617946
internal_count=2199 147 2052 297 165 23 1755 1753 132 10 1743 841 743 719 700 902 120 69 782 748 738 266 472 31 230 441 203 201 388 68
is_linear=0
shrinkage=0.05


Tree=79
num_leaves=31
num_cat=0
split_feature=6 0 4 4 10 4 2 8 5 6 5 10 9 4 5 8 10 4 6 5 11 13 5 8 5 9 8 8 8 10
split_gain=0.0520733 0.156037 0.116506 0.131467 0.103904 0.0890578 0.223961 0.0885455 0.0784267 0.0793357 0.0757468 0.365226 0.150594 0.302812 0.156889 0.114569 0.18466 0.0757559 0.0743981 0.179128 0.0722624 0.575493 0.287838 0.265339 0.252211 0.238492 0.184084 0.937324 0.208642 0.175877
threshold=0.9942665994167329 3.8463647365570073 0.56067425012588512 0.57362473011016857 1.0000000180025095e-35 0.9275556504726411 0.98629987239837658 0.2275044843554497 0.067777503281831755 0.99999994039535534 0.49870465695858007 4.5000000000000009 0.2709790319204331 0.68035656213760387 0.54775193333625805 0.36518076062202459 6.5000000000000009 0.67546039819717418 0.40317223966121679 0.55059167742729198 71.99499893188478 3.5000000000000004 0.35545034706592565 0.29903492331504827 0.35275900363922125 0.17156863212585452 0.46012924611568456 0.66341876983642589 0.74761870503425609 14.500000000000002
decision_type=2 2 2 2 2 2 2 2 2 2 2 2 2 2 2 2 2 2 2 2 2 2 2 2 2 2 2 2 2 2
left_child=1 5 -2 -4 -5 10 -7 -6 -9 -10 20 -12 15 14 -14 16 -13 18 -16 -20 26 22 24 -24 25 -22 29 -28 -29 -1
right_child=2 -3 3 4 7 6 -8 8 9 -11 11 12 13 -15 17 -17 -18 -19 19 -21 21 -23 23 -25 -26 -27 27 28 -30 -31
leaf_value=0.0010178216995236611 -0.056334211567384107 -0.037733311822529605 0.047935813613097823 0.031164924378905674 -0.050763558980710083 0.054886779320999834 -0.05157625045912443 0.050884656471893858 0.021871545484809855 0.0011183134168971105 -0.046804581970422927 -0.053871240530375945 -0.053175009864259805 -0.056188365497905159 0.051234709683167082 0.052699582051119943 0.041783687545462467 0.05565030369722937 0.053499065842813304 -0.05468777257847323 -0.05452797454033164 -0.058625150650741559 0.025533772191069004 -0.058433601598403662 0.044994834711049793 -0.0010980677230041115 -0.052502675967269666 0.03308008059911545 -0.052175247188625096 0.033496288006114296
leaf_weight=38.971704452058475 0.085529644275086691 0.28310154412611055 0.15562270721420901 0.2985604699933927 0.080797848582735976 0.063256181776522591 0.22549154190346599 0.080666378140452077 0.46924739051610487 24.726821684947936 0.23600023650214907 0.077298021642490999 0.059736437950050458 0.15917850020923652 0.08696630597114563 0.43328107893466949 0.14528629835695028 0.20295596122741699 0.068930201232433319 0.08599207439692691 0.21041524410249124 0.45060291425761434 0.12329947436228295 0.39708428867743351 0.29477572883479197 28.173917779844487 0.83632701443275326 0.68315730401081964 0.080186072853393853 0.42133453459245984
leaf_count=418 8 238 2 12 39 1 49 1 7 267 56 9 15 25 1 2 7 1 1 14 24 69 8 58 4 595 203 25 32 8
internal_value=2.26632e-09 -0.000685234 0.00192549 0.00211854 0.00184062 -0.000540541 -0.0282533 0.00149536 0.00166241 0.00150482 -0.000429707 0.0104839 0.0207293 0.00393934 0.0229076 0.0377214 0.0085651 0.0331245 0.0142242 -0.00655176 -0.000670037 -0.00255036 -0.00168502 -0.0385384 -0.00101631 -0.00149415 0.000690004 -0.0159372 0.0241244 0.0013652
internal_weight=98.6675 72.7703 25.8972 25.8117 25.6561 72.4872 0.288748 25.3575 25.2767 25.1961 72.1984 1.55563 1.31962 0.663759 0.504581 0.655865 0.222584 0.444845 0.241889 0.154922 70.6428 29.6501 29.1995 0.520384 28.6791 28.3843 40.9927 1.59967 0.763343 39.393
internal_count=2199 1863 336 328 326 1625 50 314 275 274 1575 131 75 57 32 18 16 17 16 15 1444 758 689 66 623 619 686 260 57 426
is_linear=0
shrinkage=0.05


Tree=80
num_leaves=31
num_cat=0
split_feature=6 0 4 4 10 8 5 6 8 8 11 8 3 12 12 15 10 3 1 11 14 12 13 5 7 10 1 12 12 5
split_gain=0.0483499 0.146518 0.104358 0.117056 0.0952316 0.0819411 0.0735684 0.0727278 0.0668541 0.177188 0.0611166 0.0590712 0.0661935 0.0568346 0.278977 0.165208 0.16413 0.150194 0.142097 0.153244 0.532403 0.13994 0.373673 0.306744 0.511471 0.25271 0.180166 0.238986 0.14219 0.141034
threshold=0.9942665994167329 3.8463647365570073 0.56067425012588512 0.57362473011016857 1.0000000180025095e-35 0.2275044843554497 0.067777503281831755 0.99999994039535534 0.26100675761699682 0.30608972907066351 29.279999732971195 0.73439970612525951 16.750000000000004 2.4276499748229985 2.2303500175476079 2.5000000000000004 14.500000000000002 13.500000000000002 0.99984753131866466 36.109998703002937 12.500000000000002 2.546819925308228 1.5000000000000002 0.35545034706592565 4.5000000000000009 1.0000000180025095e-35 0.95061996579170238 3.1220499277114873 2.6367999315261845 0.4244868159294129
decision_type=2 2 2 2 2 2 2 2 2 2 2 2 2 2 2 2 2 2 2 2 2 2 2 2 2 2 2 2 2 2
left_child=1 13 -2 -4 -5 -6 -7 -8 -9 -10 -11 -3 -13 14 15 -1 18 -16 19 -17 -21 22 -15 25 26 -23 29 -28 -27 -25
right_child=2 11 3 4 5 6 7 8 9 10 -12 12 -14 21 17 16 -18 -19 -20 20 -22 23 -24 24 -26 28 27 -29 -30 -31
leaf_value=-0.062408597756514229 -0.055889140445647092 -0.050891521083840464 0.047195565383712293 0.030142578782614449 -0.050721659360956128 0.05083362960478708 0.021156178073299954 0.025449414212534702 -0.049036180912356696 -0.070617584990991383 0.0012668461617258914 -0.051613495053999738 0.046060769106619569 0.0021396086985546255 -0.056324127336970523 0.0085727614619062666 -0.053571051776241808 0.025961562958117648 0.040186781248456829 -0.049080241928658501 -0.0017428148978467549 -0.052994613088594766 0.043350692020242075 -0.051673584117830185 -0.054403256847670257 -0.052481759641197036 0.018004026438633365 -0.055533398422661077 0.00088161093154086973 0.030961703071203897
leaf_weight=0.11204642383382335 0.078000257257374694 0.20292525057447974 0.14267794322222727 0.29259352420922624 0.075029752246339565 0.075673975050451925 0.460106017068031 0.27855551984976301 0.17695503192954021 0.029604702256622484 24.203600518987514 0.031405751564307138 0.038745473721064627 2.9106779968133192 0.34882425793330085 3.1714796919841417 0.15051736496388812 0.065938290907070041 0.20564659684896369 0.6146145982202168 17.69132210907992 0.21996862316154775 0.67822107888059679 0.058060896801179096 0.6882389459060505 0.12518535851267998 0.2058833091869019 0.23843388247769326 44.102532259348664 0.46642796971718781
leaf_count=24 8 216 2 12 39 1 7 9 24 7 227 19 3 33 76 20 14 5 2 99 429 35 15 13 102 25 17 52 638 26
internal_value=-7.21591e-10 -0.000662998 0.00185771 0.00203274 0.00178095 0.00145294 0.00160813 0.00146001 0.00109295 0.000815006 0.00117903 -0.0372185 0.00233333 -0.000524457 -0.00261788 -0.0018501 -0.00153932 -0.0432425 -0.00117813 -0.0015742 -0.00333215 0.000417512 0.00992758 -0.000322774 -0.0214451 0.000464685 0.00196827 -0.0214584 0.000730567 0.021814
internal_weight=98.1399 72.3271 25.8128 25.7348 25.5921 25.2995 25.2245 25.1488 24.6887 24.4102 24.2332 0.273076 0.0701512 72.054 22.3604 21.9456 21.8336 0.414763 21.6831 21.4774 18.3059 49.6936 3.5889 46.1047 1.65705 44.4477 0.968806 0.444317 44.2277 0.524489
internal_count=2199 1863 336 328 326 314 275 274 267 258 234 238 22 1625 669 588 564 81 550 548 528 956 48 908 210 698 108 69 663 39
is_linear=0
shrinkage=0.05


Tree=81
num_leaves=31
num_cat=0
split_feature=0 0 6 1 8 4 4 5 8 8 6 11 8 4 11 8 8 4 7 13 9 4 5 6 4 8 4 2 8 4
split_gain=0.0462933 0.0921195 0.0438619 0.138592 0.0943736 0.082968 0.124995 0.0686701 0.0679766 0.143144 0.0658821 0.0528335 0.0527999 0.486429 0.338613 0.310173 0.283329 0.265594 0.213051 0.152556 0.453351 0.241943 0.25603 0.198066 0.255822 0.45211 0.254949 0.190628 0.186373 0.174166
threshold=0.00050237510004080843 0.0051158254500478515 0.9942665994167329 0.43272714316844946 0.2275044843554497 0.56067425012588512 0.57362473011016857 0.067777503281831755 0.26100675761699682 0.30608972907066351 0.99999994039535534 29.279999732971195 0.41461125016212469 0.68035656213760387 30.875000000000004 0.44827644526958471 0.41405355930328375 0.6654411554336549 27.500000000000004 1.5000000000000002 0.48492678999900823 0.19397783279418948 0.5981651544570924 0.73857498168945324 0.27212840318679815 0.72042024135589611 0.35536065697669988 0.98785856366157543 0.46808113157749182 0.18987040966749194
decision_type=2 2 2 2 2 2 2 2 2 2 2 2 2 2 2 2 2 2 2 2 2 2 2 2 2 2 2 2 2 2
left_child=-1 -2 3 -3 -4 -6 -7 -8 -9 -10 -11 -12 16 15 -15 -14 -5 18 19 23 -21 29 -23 24 -17 -26 -27 28 -25 -22
right_child=1 2 4 12 5 6 7 8 9 10 11 -13 13 14 -16 17 -18 -19 -20 20 21 22 -24 27 25 26 -28 -29 -30 -31
leaf_value=0.024458921649686452 -0.053392673248389623 -0.037597702325347482 -0.05075517577484584 9.5276508713323094e-05 -0.056240488941703394 0.051662930119901668 0.050792734558598895 0.026926593491959951 -0.04772241874054213 0.020617555569272503 -0.069103138913984993 0.0014564617117865915 -0.054783578729990727 0.041521654900548349 -0.055013730323965337 0.00070890028793270908 0.041816349211129179 0.032996919168601674 -0.051857240301951983 -0.051901880613644751 -0.0062356062321678564 -0.053263621766550133 0.051120619390973447 0.052703356345637657 -0.054657924006196748 -0.05730688996871397 0.030622539217490048 0.047512218715062324 -0.0580427844102816 0.049750075381519612
leaf_weight=0.1930744145065536 0.08086419152095814 0.2527158304110334 0.085202820977431482 47.428533806007181 0.061097473371776512 0.12655094265938061 0.071456007659437826 0.26439043076243507 0.14719119621441024 0.45332715474069374 0.026559086516502073 24.237877455772832 0.26624686940340936 0.10538320289924641 0.65817488770699129 18.982482583378459 0.41045197076164086 0.57672435735002991 0.20702090114354987 0.55836561077739932 0.24618921166984364 0.24972435453673825 0.076812587678432465 0.060728076845406487 0.57170228220638708 0.10581444355193526 0.37315147486515343 0.40769655490294099 0.10146005195565522 0.31880290806293488
leaf_count=6 8 237 43 636 5 1 1 7 23 7 7 229 52 3 155 322 16 14 29 150 12 40 1 1 139 8 21 7 17 2
internal_value=1.80533e-10 -4.84283e-05 -4.15489e-06 -0.000635357 0.00177887 0.00195517 0.00209556 0.00184665 0.00170747 0.00143931 0.00173206 0.00137923 -0.000505089 -0.002426 -0.0416903 -0.0011283 0.000453238 -0.000502749 -0.00137068 -0.000896739 -0.0165732 0.00555317 -0.0287089 0.00020646 -0.000620393 -0.0246368 0.0111969 0.0292728 -0.0165761 0.0253549
internal_weight=97.7058 97.5127 97.4318 71.9582 25.4737 25.3884 25.3274 25.2008 25.1293 24.865 24.7178 24.2644 71.7055 23.8665 0.763558 23.1029 47.839 22.8367 22.26 22.0529 1.44989 0.891529 0.326537 20.603 20.0332 1.05067 0.478966 0.569885 0.162188 0.564992
internal_count=2199 2193 2185 1862 323 280 275 274 273 266 243 236 1625 973 158 815 652 763 749 720 205 55 41 515 490 168 29 25 18 14
is_linear=0
shrinkage=0.05


Tree=82
num_leaves=31
num_cat=0
split_feature=12 12 6 4 5 11 0 0 8 2 10 9 8 9 8 8 2 4 5 8 4 9 9 9 1 5 8 12 12 4
split_gain=0.0425407 0.103289 0.187072 0.426936 0.227567 0.115971 0.0408663 0.0844317 0.0390551 0.482077 0.749652 0.412458 0.107786 0.175034 0.0663586 0.609098 0.335832 0.128202 0.685355 0.292438 0.32526 0.102171 0.189184 0.193871 0.100101 0.096918 0.221669 0.073245 0.578381 0.283285
threshold=-3.4264999628067012 -0.93249997496604908 0.057098144665360458 0.20956192910671237 0.2602521032094956 158.33000183105472 0.00050237510004080843 0.0051158254500478515 0.28063718974590307 0.83871760964393627 1.0000000180025095e-35 0.073333334177732482 0.17927792668342593 0.17156863212585452 0.31212913990020758 0.32683466374874121 1.1397808194160464 0.11179734393954278 0.11129649728536607 0.30608972907066351 0.8361022174358369 0.15587044507265094 0.19139194488525393 0.22048611193895343 0.99866083264350902 0.50620689988136303 0.33889974653720861 2.7043000459671025 2.2303500175476079 0.88768076896667492
decision_type=2 2 2 2 2 2 2 2 2 2 2 2 2 2 2 2 2 2 2 2 2 2 2 2 2 2 2 2 2 2
left_child=-1 2 -2 -4 -5 -6 -3 -8 9 -9 -11 -10 13 -12 16 -16 17 -13 -19 20 -20 -17 25 -24 -18 26 -23 28 -25 -29
right_child=1 6 3 4 5 -7 7 8 11 10 12 14 -14 -15 15 21 24 18 19 -21 -22 22 23 27 -26 -27 -28 29 -30 -31
leaf_value=0.0097689641819790514 -0.056532775160348318 0.023419976732896215 0.043465524937372338 -0.053664003539597264 -0.053294607462623822 0.016897314888536408 -0.053192578700772812 0.00026106458246545654 0.040938783211743913 0.031943454246163669 -0.054552381725634994 -0.0058395499177748373 -0.053656534951995877 0.050793887586733005 -0.056249775262349803 -0.054539815268006775 0.015738523610873505 0.042955185756932052 -0.058922583482489348 0.0025293446159826054 0.036320299972765029 0.051500893439779108 -0.053184350527150176 -0.0005148143371396267 0.057006217172929974 0.051670667862107056 -0.053291017021318013 0.00079554139807989834 -0.043154686680580118 0.025194180091119428
leaf_weight=1.1017820917768393 0.21735433791763981 0.18712387373670836 0.31153791118413188 0.37427921820199117 0.074432709952816367 0.28101050737313926 0.074456193717195585 21.269276392253236 0.62956960499286552 0.39062255993485351 0.092685785610228666 3.6411929961759562 1.0425887169549239 0.068622618913650513 0.48371184634743158 0.085478261345996454 0.24986396031454283 1.0497789952787568 0.39224200799071685 5.3353475303883897 0.11619533691555262 0.1160484254360189 0.17142062727361818 28.341263614405765 0.35675987601280212 0.26562073826789856 0.089296673948410898 28.318045571333645 0.81824531011807167 1.2418588136788447
leaf_count=19 43 6 3 38 14 17 8 153 2 8 17 24 137 1 50 12 12 8 38 16 5 1 26 659 1 1 12 620 211 37
internal_value=-3.4002e-10 -0.000112017 -0.0143414 -0.00553435 -0.0264537 0.00219855 7.68454e-05 3.0691e-05 7.25963e-05 -0.00172683 -0.0282433 0.000646384 -0.0477718 -0.00973676 0.000289467 -0.000369269 0.0038329 0.00174981 0.00575852 -0.000923499 -0.0371563 8.54204e-05 0.000164078 -8.8345e-05 0.0400084 0.0317278 0.00593093 6.66591e-05 -0.00171133 0.00182057
internal_weight=97.1877 96.0859 1.25861 1.04126 0.729722 0.355443 94.8273 94.6402 94.5657 22.8638 1.59452 71.7019 1.2039 0.161308 71.0724 59.931 11.1414 10.5348 6.89356 5.84378 0.508437 59.4473 59.3618 58.8908 0.606624 0.470966 0.205345 58.7194 29.1595 29.5599
internal_count=2199 2180 115 72 69 31 2065 2059 2051 316 163 1735 155 18 1733 1629 104 91 67 59 43 1579 1567 1553 13 14 13 1527 870 657
is_linear=0
shrinkage=0.05


Tree=83
num_leaves=31
num_cat=0
split_feature=6 1 14 14 8 4 4 4 8 5 6 11 4 12 12 11 4 4 12 14 7 8 9 9 5 15 5 5 2 5
split_gain=0.0408705 0.127348 0.113138 0.0859633 0.0842052 0.0711591 0.107717 0.0649602 0.110302 0.0626379 0.0583265 0.0578025 0.0550813 0.698198 0.614 0.359243 0.613609 0.192024 0.272511 0.144005 0.099669 0.271858 0.0517103 0.211631 0.0709332 0.287012 0.049563 0.0960465 0.257606 0.205974
threshold=0.9942665994167329 0.57202434539794933 42.500000000000007 72.500000000000014 0.2275044843554497 0.56067425012588512 0.57362473011016857 0.35536065697669988 0.73439970612525951 0.067777503281831755 0.99999994039535534 17.764999389648441 0.95061039924621593 -3.4264999628067012 -0.51157498359680165 40.23500061035157 0.86751881241798412 0.88768076896667492 3.9721499681472783 23.500000000000004 7.5000000000000009 0.31894817948341375 0.38675214350223547 0.24499999731779101 0.49187669157981878 3.5000000000000004 0.69095608592033397 0.51058468222618114 0.97973355650901806 0.50620689988136303
decision_type=2 2 2 2 2 2 2 2 2 2 2 2 2 2 2 2 2 2 2 2 2 2 2 2 2 2 2 2 2 2
left_child=1 2 -1 7 -2 -6 -7 -4 -9 -8 -11 -3 13 -12 -14 17 20 18 -15 -18 22 -22 23 -17 25 -25 27 29 -29 -13
right_child=4 11 3 -5 5 6 9 8 -10 10 12 26 14 15 -16 16 19 -19 -20 -21 21 -23 -24 24 -26 -27 -28 28 -30 -31
leaf_value=-0.050804965562519372 -0.050704461990547137 -0.056539867071053879 -0.019432502725851643 -0.05734561302338699 -0.05582526774225828 0.051452839776237005 0.050742790966912567 -0.050909925172885132 0.053365250470870387 0.01974601154124472 0.065996053905020211 -0.00044983368913910891 -0.072288408869544865 -0.054981098073306103 0.00075228542165676235 -0.05138242556702588 0.011340238689242615 0.054146539255771668 0.041061742666137824 -0.060692617390980877 0.022990374044733534 -0.052982208633029743 0.0020674456538938412 0.045984420575621396 0.052159272381309067 -0.053946666489682819 0.022202229958958656 0.025983160227074177 -0.039753095509659442 0.0441475743838666
leaf_weight=0.23447584917084796 0.076378086960178559 0.045863253762944534 0.12564318784279749 0.064574924181215465 0.053323932457717826 0.10961638391018169 0.065152749419214895 0.032799800392240286 0.11181847064290196 0.43774960376322525 0.43492519855500589 69.269375575386221 0.29431302100420076 0.12125335307790663 12.855439952138109 0.096476142061869719 0.080449490342289987 0.47275134921073914 0.188950274605304 0.50442462367936969 0.20673756836913604 0.27357092616148293 8.708148015663026 0.23046087846159935 0.20523958653211594 0.10440214234404266 0.24193697865120967 0.21766737219877441 0.47265820237225853 0.25987258413806458
leaf_count=231 43 10 7 4 5 1 1 49 4 7 1 1416 6 8 113 25 5 1 3 36 8 37 18 4 2 12 11 12 113 6
internal_value=-5.44849e-10 -0.000616268 -0.0241692 -0.00551692 0.0017164 0.00187376 0.00199494 0.00686677 0.0297154 0.00178049 0.00165398 -0.00042609 0.00133435 0.00384134 -0.000882485 0.00142617 -0.00103045 0.0340886 0.00352022 -0.0507845 0.00193136 -0.0202816 0.00307308 0.0168297 0.0290141 0.0148283 -0.000389565 -0.000467404 -0.0190257 -0.000283146
internal_weight=96.5964 71.0767 0.569312 0.334836 25.5198 25.4434 25.3901 0.270261 0.144618 25.2804 25.2153 70.5074 24.7775 11.6278 13.1498 11.1929 10.4099 0.782955 0.310204 0.584874 9.82504 0.480308 9.34473 0.636579 0.540103 0.334863 70.4615 70.2196 0.690326 69.5292
internal_count=2199 1863 295 64 336 293 288 60 53 287 286 1568 279 160 119 159 147 12 11 41 106 45 61 43 18 16 1558 1547 125 1422
is_linear=0
shrinkage=0.05


Tree=84
num_leaves=31
num_cat=0
split_feature=6 1 8 4 8 10 4 4 5 6 11 11 11 10 5 2 12 4 12 9 5 12 12 8 4 4 9 9 4 4
split_gain=0.0393754 0.117022 0.103963 0.137284 0.0774439 0.0689977 0.0630493 0.100093 0.0596613 0.057446 0.0532037 0.0530402 0.486876 0.431056 0.312116 0.28448 0.0981425 0.0619787 0.557197 0.0613294 0.0917582 0.045489 0.239258 0.0565542 0.241317 0.249451 0.143582 0.0991897 0.164155 0.167694
threshold=0.9942665994167329 0.45275154709815985 0.75472995638847362 0.35536065697669988 0.2275044843554497 1.0000000180025095e-35 0.56067425012588512 0.57362473011016857 0.067777503281831755 0.99999994039535534 17.764999389648441 49.729999542236335 76.029998779296889 3.5000000000000004 0.71679481863975536 1.1397808194160464 0.93129998445510875 0.95061039924621593 -3.4264999628067012 0.27429467439651495 0.49187669157981878 -4.1831998825073233 -2.6956999301910396 0.72042024135589611 0.68619549274444591 0.020790425129234794 0.47213622927665716 0.52240803837776195 0.18987040966749194 0.20596593618392947
decision_type=2 2 2 2 2 2 2 2 2 2 2 2 2 2 2 2 2 2 2 2 2 2 2 2 2 2 2 2 2 2
left_child=1 2 -1 -4 -2 -6 -7 -8 -9 -10 -3 13 14 -11 -13 -16 -15 18 -14 20 -20 -12 -23 -24 25 -25 -27 -28 -29 -30
right_child=4 10 3 -5 5 6 7 8 9 11 21 12 17 16 15 -17 -18 -19 19 -21 -22 22 23 24 -26 26 27 28 29 -31
leaf_value=-0.048320497379605296 -0.050654424628062446 -0.056183255687491079 -0.057054252441601921 0.036147541306161581 0.027886102639986261 -0.05547314549763617 0.051316451679635749 0.050705515003752172 0.019400983697377992 -0.00024427292089587043 0.018933207203987393 -0.054392523711556506 0.063453796150340011 0.053926735582682322 -0.06637813676985467 0.052764093491813317 0.022160730434172323 -0.0013420499265656032 0.0018624295035594516 0.00046658303465119957 0.052178134659319635 -0.052972493505440615 -0.00055341895798481904 -0.058438689543917025 -0.054069225249340304 -0.051664728427339025 0.049378204342874162 -0.056910456611573158 0.052895932305628113 0.0075599131758179025
leaf_weight=0.24110966000080125 0.070442470081618747 0.042791143816429122 0.061724955507088453 0.10978348657954484 0.25181373942177998 0.048327745869758298 0.10120116174221294 0.061423476785423925 0.43379941489547746 6.3594334395311334 0.30251613073050876 0.65028054034337657 0.38485395908355613 0.40541388373821952 0.074567457078956068 0.15270963311195374 0.607498450553976 8.7488816804252547 0.23787732748314727 6.4553044043714181 0.14636099338531494 0.21654880186542769 68.346198471277603 0.10767414164729316 0.13901419582543884 0.065449405694380292 0.30141584575176228 0.070477966684847848 0.30155391851440072 0.63032371550798416
leaf_count=227 43 10 9 11 12 5 1 1 7 69 5 80 1 2 21 1 18 18 11 45 1 27 1450 10 46 13 4 4 3 44
internal_value=-1.62231e-10 -0.000603033 -0.027153 0.00260472 0.00169816 0.00184498 0.00158128 0.00169238 0.00148921 0.0013666 -0.000447696 0.00104364 -0.00050393 0.00458088 -0.0367639 0.0136747 0.0348749 0.00148816 0.0049156 0.00162172 0.0210283 -0.000413857 -0.000497256 -0.000334833 0.00891044 0.0148385 0.0206009 0.0242286 0.016666 0.0222306
internal_weight=96.1268 70.9366 0.412618 0.171508 25.1902 25.1197 24.8679 24.8196 24.7184 24.657 70.524 24.2232 16.8508 7.37235 0.877558 0.227277 1.01291 15.9733 7.2244 6.83954 0.384238 70.4812 70.1787 69.9621 1.61591 1.47689 1.36922 1.30377 1.00236 0.931878
internal_count=2199 1863 247 20 336 293 281 276 275 274 1616 267 178 89 102 22 20 76 58 57 12 1606 1601 1574 124 78 68 55 51 47
is_linear=0
shrinkage=0.05


Tree=85
num_leaves=31
num_cat=0
split_feature=6 1 8 4 4 5 6 11 11 8 12 11 12 12 3 2 11 11 14 15 4 12 13 12 12 8 5 7 5 0
split_gain=0.036669 0.111251 0.0724608 0.0573325 0.0912692 0.0550105 0.0533542 0.0495218 0.0815254 0.113278 0.0949527 0.0490813 0.0493125 0.231711 0.143912 0.122259 0.120574 0.136674 0.478054 0.165654 0.116343 0.0974774 0.311507 0.260874 0.280241 0.229959 0.185572 0.39529 0.158272 0.150192
threshold=0.9942665994167329 0.43272714316844946 0.2275044843554497 0.56067425012588512 0.57362473011016857 0.067777503281831755 0.99999994039535534 20.965000152587894 29.279999732971195 0.30608972907066351 1.7300000190734866 17.764999389648441 2.4276499748229985 2.2303500175476079 13.500000000000002 1.1998031139373782 26.994999885559086 36.109998703002937 12.500000000000002 3.5000000000000004 0.27092634141445165 2.546819925308228 1.5000000000000002 2.7043000459671025 2.7290500402450566 0.18279636651277545 0.35545034706592565 4.5000000000000009 0.4244868159294129 1.1817178726196291
decision_type=2 2 2 2 2 2 2 2 2 2 2 2 2 2 2 2 2 2 2 2 2 2 2 2 2 2 2 2 2 2
left_child=1 -1 -2 -4 -5 -6 -7 -8 -9 10 -10 -3 13 15 -15 16 -13 -18 20 -20 -19 22 -14 25 -25 -23 -26 28 -28 -30
right_child=2 11 3 4 5 6 7 8 9 -11 -12 12 21 14 -16 -17 17 18 19 -21 -22 23 -24 24 26 -27 27 -29 29 -31
leaf_value=-0.037269328757331292 -0.050622159730624741 -0.055848349919588237 -0.055184150596945009 0.051196869617107212 0.050660199142353306 0.019049921712903827 -0.068724546368755177 0.034458550977560877 0.052944443128991783 0.0013946685288765289 -0.052938469524524745 -0.064732237270012247 0.001849409569816915 -0.055936983799419263 0.028298681702487206 0.039061594379186618 0.0077430688189880359 0.056347019806941345 -0.055274615735559467 -0.0016361730780097448 -0.053644185063047717 0.050719668108367658 0.042243586352687421 0.046818038886810361 0.00041988443162024804 -0.055151995901753598 -0.055503336049987688 -0.053287259875342323 -0.014767303442654103 0.030879514004097938
leaf_weight=0.20603111383024852 0.066129857354101484 0.039994323276913657 0.044083643238994052 0.093488827347757986 0.057241287082436254 0.42980959359556692 0.025237911031584015 0.1845296416431691 0.024524004664274623 23.891947130032349 0.15498662972822785 0.076562182279313329 2.8840631754137571 0.30447048696805623 0.060835363925434649 0.18195581994950671 3.1451393006718744 0.025159174576404264 0.14515430614119651 17.250489884841954 0.54129204718628898 0.060020104050635292 0.57192263117758546 0.3198908306658258 43.224877138156444 0.35261099110357463 0.10247132201038656 0.50693450821563601 0.32116495771333575 0.41058198231621645
leaf_count=237 43 10 5 1 1 7 7 2 2 239 29 14 33 76 5 2 24 2 35 414 97 1 15 6 641 65 37 83 42 24
internal_value=-4.05979e-10 -0.000581534 0.00164716 0.00178594 0.00188696 0.00170084 0.00158743 0.00127832 0.00135116 0.00109736 -0.0384732 -0.000474356 -0.000442936 -0.00242385 -0.041909 -0.00174874 -0.00209928 -0.00187209 -0.00355569 -0.00208375 -0.0487589 0.000440004 0.00853414 -0.000177527 0.000186279 -0.0397522 -0.00014844 -0.0184653 0.00269514 0.010845
internal_weight=95.7036 70.7316 24.972 24.9058 24.8618 24.7683 24.711 24.2812 24.256 24.0715 0.179511 70.5256 70.4856 21.7311 0.365306 21.3658 21.1838 21.1072 17.9621 17.3956 0.566451 48.7545 3.45599 45.2986 44.8859 0.412631 44.566 1.34115 0.834218 0.731747
internal_count=2199 1863 336 293 288 287 286 279 272 270 31 1626 1616 669 81 588 586 572 548 449 99 947 48 899 833 66 827 186 103 66
is_linear=0
shrinkage=0.05


Tree=86
num_leaves=31
num_cat=0
split_feature=0 12 12 12 0 4 4 4 0 8 4 8 4 10 8 7 2 12 4 12 1 14 12 12 3 11 9 9 11 11
split_gain=0.0386515 0.0334711 0.0847053 0.164055 0.159496 0.166698 0.194869 0.233909 0.0759406 0.0679149 0.0357776 0.0356514 0.240851 0.225748 0.131648 0.0597037 0.0709954 0.0538992 0.098216 0.203846 0.0369735 0.0575176 0.0332098 0.250657 0.137018 0.12532 0.102362 0.0924656 0.082217 0.692787
threshold=0.00050237510004080843 -3.4264999628067012 -0.93249997496604908 -1.6195499897003172 0.40093791484832769 0.18987040966749194 0.19397783279418948 0.35536065697669988 0.0051158254500478515 0.7632485330104829 0.68035656213760387 0.72042024135589611 0.69381803274154674 6.5000000000000009 0.74761870503425609 11.500000000000002 0.34078367054462438 1.7147700190544131 0.67546039819717418 0.14350000023841861 0.31018219888210302 17.500000000000004 2.4276499748229985 2.2303500175476079 13.500000000000002 26.994999885559086 0.18898809701204303 0.19139194488525393 36.109998703002937 47.739999771118171
decision_type=2 2 2 2 2 2 2 2 2 2 2 2 2 2 2 2 2 2 2 2 2 2 2 2 2 2 2 2 2 2
left_child=-1 10 3 4 -3 -6 -7 -8 -4 -9 -2 20 13 15 -15 17 -17 18 19 -13 21 -10 23 25 -25 -22 -27 -28 -29 -30
right_child=1 2 8 -5 5 6 7 9 11 -11 -12 12 -14 14 -16 16 -18 -19 -20 -21 22 -23 -24 24 -26 26 27 28 29 -31
leaf_value=0.024188303480586534 0.024615083116498477 -0.052490191065493623 -0.052868617278627308 -0.055039774139334932 -0.055546904255939306 0.048711070471026061 -0.054476716029980055 -0.0023541937119951118 0.053524239026036091 0.052034015694256613 0.0031412510160690309 0.031494964134308745 -0.054641562981713 0.045692426940700658 -0.057385930593527382 0.047918548960423461 -0.052332710807001727 0.049985732858436382 0.054394679656339873 -0.055208821176941619 -0.063521581841360988 -0.050376758493310525 0.00070505766211070864 -0.055506037855805712 0.027380310418319249 -0.040153669170472514 0.051090249184966186 0.0044967737119295534 -0.055356027491182347 -0.00060560577279461167
leaf_weight=0.16487086238339443 0.27212950540706415 0.14627287047915161 0.067807890474795296 0.19913092964270507 0.099421318038366735 0.24794069211930037 0.15968669857829809 0.11705688550136983 0.016202935948966934 0.11262026918120682 0.67533714324235916 0.23734612553380319 0.13230207480955858 0.039985230891034007 0.13747114164289087 0.028324325277935714 0.046904694638215005 0.27145503862993792 0.16019169986248016 0.094893068831879646 0.07948049670085211 0.074859503751213197 58.437453241640469 0.31056525131862045 0.05939582223072648 0.16326971305534144 0.086740814149378731 6.3664938772562882 0.59105880430434155 25.723544616077561
leaf_count=6 9 25 8 52 7 2 15 11 1 3 10 6 44 3 17 3 12 7 1 18 19 131 1128 92 5 26 1 44 125 368
internal_value=-4.30946e-10 -4.19103e-05 -0.000135953 -0.0140443 -0.00479919 0.0046696 0.0140635 -0.00799945 2.56633e-05 0.0243146 0.00930892 6.42055e-05 0.00881756 0.0170765 -0.0341599 0.027912 -0.0145873 0.0320974 0.0222363 0.00673091 -4.52124e-05 -0.0318894 -1.36303e-05 -0.0012718 -0.042199 -0.000813112 -0.000661763 -0.00046499 -0.000601825 -0.00183537
internal_weight=95.3202 95.1553 94.2079 1.08213 0.882999 0.736726 0.637305 0.389364 93.1257 0.229677 0.947467 93.0579 1.14887 1.01657 0.177456 0.839115 0.075229 0.763886 0.492431 0.332239 91.9091 0.0910624 91.818 33.3805 0.369961 33.0106 32.9311 32.7678 32.6811 26.3146
internal_count=2199 2193 2174 115 63 38 31 29 2059 14 19 2051 111 67 20 47 15 32 25 24 1940 132 1808 680 97 583 564 538 537 493
is_linear=0
shrinkage=0.05


Tree=87
num_leaves=31
num_cat=0
split_feature=6 7 15 5 10 9 12 8 12 4 8 12 10 9 9 6 4 10 12 10 12 9 4 4 10 11 11 12 9 1
split_gain=0.0362466 0.148132 0.310838 0.192298 0.189408 0.0905759 0.0700675 0.0654646 0.0593036 0.516257 0.373439 0.278679 0.216635 0.173391 0.226622 0.165314 0.707963 0.148876 0.100082 0.574762 0.417136 0.128621 0.923633 0.202772 0.534157 0.0622075 0.48809 0.425973 0.110474 0.0953148
threshold=0.55274108052253734 22.500000000000004 4.5000000000000009 0.072633065283298506 3.5000000000000004 0.14642857760190967 -2.9502000808715816 1.0000000180025095e-35 4.6064500808715829 0.29401268064975744 0.65081954002380382 4.5456001758575448 20.500000000000004 0.057565789669752128 0.064583335071802153 0.31082732975482946 0.45442758500576025 18.500000000000004 4.2739000320434579 13.500000000000002 3.9452400207519536 0.13484849035739901 0.11179734393954278 0.12462767213582994 1.0000000180025095e-35 37.855001449584968 51.95000076293946 3.4763000011444096 0.20942982286214831 0.99478703737258922
decision_type=2 2 2 2 2 2 2 2 2 2 2 2 2 2 2 2 2 2 2 2 2 2 2 2 2 2 2 2 2 2
left_child=6 5 -3 -4 -5 -2 -1 -7 11 10 -10 12 13 -8 -15 18 17 -17 20 -20 21 22 -16 -24 -25 -23 -27 28 -28 -30
right_child=1 2 3 4 -6 7 8 -9 9 -11 -12 -13 -14 14 15 16 -18 -19 19 -21 -22 25 23 24 -26 26 27 -29 29 -31
leaf_value=-0.051963112217993358 -0.043039412518889805 -0.054004033984571209 0.047542638149997048 0.034533435587915003 -0.052208926280169488 0.052532833221552472 -0.052769519664373959 0.00062602628804854195 -0.055420889000785192 6.2687430047756579e-05 0.029328912315766859 0.044343857601439697 0.049647845616621049 0.028050957254175238 -0.059580121875230534 -0.053756471598927595 0.001279189925647958 0.057546090305316849 -0.056792261018091011 0.043582290103087583 -0.058275381681094113 0.00276286062060906 0.043166498863083644 0.046979055476359312 -0.059608396179243954 -0.05439114460811674 -0.05518145600060808 -0.055786529504482124 0.0005087327118676858 -0.021802330107391139
leaf_weight=0.0672688742633899 0.11869495570135669 0.12192332372069259 0.57379506342113018 0.13910618610680103 0.11492637707851827 0.060823528212494149 0.15997520205564697 46.000091147983767 0.74042819906753621 6.0957584885763936 0.15765866986475885 0.34862656355835397 0.21377785410731931 0.6779634659178545 0.35455362335778673 0.86362905349233132 2.7670637784904102 0.031126659363508224 0.19141800334909831 0.55944997863844037 0.30917512933956359 9.4488417989923601 0.99693418294191338 0.29033339861780405 0.19750312343239784 0.43698810663773002 0.090991004210087989 0.3499833353998828 22.003683509479746 0.48934185956022602
leaf_count=14 47 12 7 7 18 3 22 947 125 22 7 6 2 14 12 191 49 1 35 5 38 31 4 2 12 92 24 61 341 48
internal_value=-3.95522e-10 0.000984162 0.0205307 0.0315082 -0.00470951 0.00058216 -0.000969494 0.000694569 -0.000897693 -0.00515154 -0.0405431 -0.000168174 -0.000551974 -0.000818804 -0.000611339 -0.00110477 -0.0112225 -0.0498845 -6.75355e-05 0.0179939 -0.000455365 6.0415e-05 0.0129268 0.030241 0.00382658 -0.000660656 -0.00204478 -0.00104736 -0.000199071 2.33495e-05
internal_weight=94.9718 47.1294 0.949751 0.827828 0.254033 46.1796 47.8425 46.0609 47.7752 6.99385 0.898087 40.7814 40.4327 40.219 40.059 39.381 3.66182 0.894756 35.7192 0.750868 34.9683 34.6592 1.83932 1.48477 0.487837 32.8198 23.371 22.934 22.584 22.493
internal_count=2199 1041 44 32 25 997 1158 950 1144 154 132 990 984 982 960 946 241 192 705 40 665 627 30 18 14 597 566 474 413 389
is_linear=0
shrinkage=0.05


Tree=88
num_leaves=31
num_cat=0
split_feature=6 1 14 10 5 8 6 4 4 5 11 8 8 11 8 4 11 12 6 8 4 4 8 12 12 1 15 13 9 9
split_gain=0.0338424 0.0992701 0.0945808 0.0656604 0.0697336 0.0627722 0.0498285 0.0483469 0.0798116 0.0475298 0.0461684 0.0435461 0.11336 0.041618 0.0383152 0.399534 0.277618 0.260986 0.24983 0.229173 0.227564 0.293775 0.20715 0.185385 0.562875 0.333836 0.172636 0.120346 0.100045 0.090734
threshold=0.9942665994167329 0.57202434539794933 42.500000000000007 5.5000000000000009 0.2602521032094956 0.2275044843554497 0.99999994039535534 0.56067425012588512 0.57362473011016857 0.067777503281831755 17.764999389648441 0.26100675761699682 0.30608972907066351 29.279999732971195 0.41461125016212469 0.68035656213760387 30.875000000000004 5.1055002212524423 0.64558148384094249 0.41405355930328375 0.27212840318679815 0.42729951441288 0.60649949312210094 4.4145500659942636 3.4763000011444096 0.9583493471145631 5.5000000000000009 1.0000000180025095e-35 0.32738095521926885 0.94281044602394115
decision_type=2 2 2 2 2 2 2 2 2 2 2 2 2 2 2 2 2 2 2 2 2 2 2 2 2 2 2 2 2 2
left_child=1 2 -1 -4 -5 -2 -7 -8 -9 -10 -3 -11 -13 -14 19 17 -17 18 20 29 23 -22 27 24 28 -25 -23 -20 -16 -12
right_child=5 10 3 4 -6 6 7 8 9 11 14 12 13 -15 15 16 -18 -19 22 -21 21 26 -24 25 -26 -27 -28 -29 -30 -31
leaf_value=-0.050726282973099529 -0.050553293507841962 -0.055664680166901639 0.03457220022071876 -0.054214550485956893 0.0085587276724816957 0.018746672101374397 -0.054975314225436916 0.051038543528058491 0.050587655698024807 0.023243770446249253 -7.6128651949467204e-05 -0.047668779490122971 -0.067340818547913489 0.0013363634249714481 -0.053922507987944249 0.041091529963796135 -0.054657982730195578 -0.053404935302631053 0.035679526846348626 0.040952547018792064 -0.053690600433730022 0.019699915714905869 0.032654014468674268 -0.053710700343279641 -0.054579658350907827 0.038275535648703556 -0.052934179223897239 -0.052726894065706999 0.00021429643481119554 0.023819457110479902
leaf_weight=0.19068628017339406 0.057593086283307282 0.037789444468215971 0.076545458636246622 0.083162701936089434 0.094531714988988824 0.42173329647630708 0.037955250125380924 0.081033594906332662 0.04888219386339443 0.22266238468000921 45.827977828797884 0.1189077917952116 0.022080007009210756 23.788685988110956 0.085739848669642238 0.087969841901211931 0.54290599835803732 0.23455040738917787 0.055347857938612632 0.34639169601723452 0.46807426403392938 0.34936663863481954 0.91043475107289851 0.11687068827450176 0.48554784781299432 0.63210428471211344 0.10681937128538266 0.1264258919400163 18.283136143931188 0.40073376148939033
leaf_count=231 43 10 40 12 12 7 5 1 1 9 590 24 7 239 20 3 154 49 11 16 164 20 27 20 86 17 37 42 295 7
internal_value=3.09127e-10 -0.000565511 -0.0241074 -0.00414259 -0.0208198 0.00158581 0.00170718 0.0014117 0.00149984 0.00133397 -0.000413924 0.00123428 0.00102949 0.00127268 -0.000383691 -0.00207869 -0.0413066 -0.000946287 -0.000377172 0.000434611 -0.00161696 -0.0258619 0.0229243 -0.000473867 -0.00144297 0.0239219 0.0026921 -0.0258082 -3.83963e-05 0.00013101
internal_weight=94.3426 69.5431 0.444926 0.25424 0.177694 24.7995 24.7419 24.3202 24.2823 24.2012 69.0982 24.1523 23.9297 23.8108 69.0604 22.4853 0.630876 21.8544 21.6199 46.5751 20.5277 0.92426 1.09221 19.6034 18.8544 0.748975 0.456186 0.181774 18.3689 46.2287
internal_count=2199 1863 295 64 24 336 293 286 281 280 1568 279 270 246 1558 945 157 788 739 613 659 221 80 438 401 37 57 53 315 597
is_linear=0
shrinkage=0.05


Tree=89
num_leaves=31
num_cat=0
split_feature=0 0 12 12 12 0 4 4 4 8 8 4 10 8 7 2 12 4 12 1 14 6 1 6 5 2 5 8 5 5
split_gain=0.0316435 0.0646015 0.029329 0.0772553 0.146436 0.144395 0.143525 0.168104 0.197658 0.0585264 0.0366949 0.204933 0.208445 0.09567 0.0482449 0.0611633 0.0521166 0.0836362 0.177588 0.0314828 0.0511597 0.0291422 0.0832378 0.0684085 0.0594527 0.266605 0.179166 0.056908 0.0436345 0.0614821
threshold=0.00050237510004080843 0.0051158254500478515 -3.4264999628067012 -0.93249997496604908 -1.6195499897003172 0.40093791484832769 0.18987040966749194 0.19397783279418948 0.35536065697669988 0.7632485330104829 0.72042024135589611 0.69381803274154674 6.5000000000000009 0.74761870503425609 11.500000000000002 0.34078367054462438 1.7147700190544131 0.67546039819717418 0.14350000023841861 0.31018219888210302 17.500000000000004 0.9942665994167329 0.45275154709815985 0.99999994039535534 0.51058468222618114 0.97973355650901806 0.50620689988136303 0.25592702627182012 0.060068728402256973 0.076598640531301512
decision_type=2 2 2 2 2 2 2 2 2 2 2 2 2 2 2 2 2 2 2 2 2 2 2 2 2 2 2 2 2 2
left_child=-1 -2 -3 4 5 -4 -7 -8 -9 -10 19 12 14 -14 16 -16 17 18 -12 20 -5 22 -21 -23 26 -26 -24 -25 -29 -30
right_child=1 2 3 10 -6 6 7 8 9 -11 11 -13 13 -15 15 -17 -18 -19 -20 21 -22 23 24 27 25 -27 -28 28 29 -31
leaf_value=0.02324918053780281 -0.052510075492747436 0.0089266510003170041 -0.052383376975096922 0.053306299291907215 -0.054856626246421618 -0.055029242074826901 0.047989817380122639 -0.05402019208817932 -0.0016207460761753754 0.051218257073740919 0.030411408206865987 -0.05383673437389927 0.040889713744378747 -0.056587768648121241 0.047530663470259721 -0.051967009903764377 0.049977732948199238 0.053925365879919876 -0.054821282452210768 -0.051412158796957035 -0.050335182836335458 0.022214102825650603 -0.00052226776808673287 -0.050553151677696542 0.025208064712609758 -0.051394574275173223 0.043821983801422409 0.05055668114686819 -0.063769287509103198 0.0012602873111109611
leaf_weight=0.1461276444606473 0.058617245173080756 0.9105179135221978 0.1329858138342388 0.014563160948454335 0.17977323420200164 0.087138508562929928 0.22109817806631327 0.13889894634485245 0.11338986462214962 0.097441433230414987 0.22254406567662843 0.11374298197915778 0.03184928500559181 0.12005117841181345 0.025298403517808765 0.039658727473579347 0.25248896377161145 0.13756228983402252 0.08425058308057487 0.080359851606771282 0.065282075316645205 0.3913691127672817 66.190360489476006 0.053128966857914572 0.19976341709843737 0.26329156433348544 0.22856889967806537 0.044790320098402669 0.036403815960514119 23.238878334348556
leaf_count=6 8 19 25 1 52 7 2 15 11 3 6 44 3 17 3 12 7 1 18 88 131 7 1313 39 15 89 6 1 5 245
internal_value=-1.84746e-09 -3.62309e-05 -3.40953e-06 -9.10232e-05 -0.0141225 -0.00486413 0.00474029 0.0138643 -0.00770978 0.0228002 5.72951e-05 0.00945345 0.0173322 -0.0361495 0.0279962 -0.0132163 0.0318379 0.0215306 0.00700519 -4.90191e-05 -0.0314318 -2.14003e-05 -0.000555242 0.00148283 -0.000494137 -0.0183479 -0.000369665 0.0011357 0.00125346 0.00115858
internal_weight=93.9202 93.7741 93.7155 92.8049 0.970726 0.790953 0.657967 0.570828 0.34973 0.210831 91.8342 1.02745 0.913703 0.1519 0.761803 0.0649571 0.696846 0.444357 0.306795 90.8068 0.0798452 90.7269 66.9623 23.7646 66.882 0.463055 66.4189 23.3732 23.3201 23.2753
internal_count=2199 2193 2185 2166 115 63 38 31 29 14 2051 111 67 20 47 15 32 25 24 1940 132 1808 1511 297 1423 104 1319 290 251 250
is_linear=0
shrinkage=0.05


Tree=90
num_leaves=31
num_cat=0
split_feature=6 6 1 14 12 12 5 11 11 4 4 6 14 13 11 14 8 5 8 3 10 5 4 5 14 8 12 11 5 4
split_gain=0.0292433 0.251499 0.084139 0.0829248 0.0768807 0.153057 0.0736326 0.184304 0.130673 0.119194 0.146382 0.0837489 0.174793 0.0557357 0.403983 0.534571 0.221176 0.0597116 0.0727155 0.117479 0.0556753 0.0580767 0.0458108 0.0436012 0.190113 0.355036 0.0438577 0.0424088 0.0413465 0.447797
threshold=0.97534465789794933 0.94405856728553783 0.57202434539794933 42.500000000000007 -4.1831998825073233 -2.6956999301910396 0.50620689988136303 72.674999237060561 84.904998779296889 0.68619549274444591 0.66892284154891979 0.92213639616966259 24.500000000000004 2.5000000000000004 42.034999847412116 26.500000000000004 0.31212913990020758 0.49187669157981878 0.38526676595211035 11.750000000000002 5.5000000000000009 0.2602521032094956 0.5796048939228059 0.26196843385696417 25.500000000000004 0.64677500724792492 -1.0397500395774839 17.764999389648441 0.081772197037935271 0.11179734393954278
decision_type=2 2 2 2 2 2 2 2 2 2 2 2 2 2 2 2 2 2 2 2 2 2 2 2 2 2 2 2 2 2
left_child=1 2 3 -1 -4 -6 11 -8 -9 10 -10 27 -13 22 -15 -16 -17 18 -18 -20 -5 -22 -2 -24 26 -26 -25 -7 -29 -30
right_child=13 -3 4 20 5 6 7 8 9 -11 -12 12 -14 14 15 16 17 -19 19 -21 21 -23 23 24 25 -27 -28 28 29 -31
leaf_value=-0.050483531403196474 -0.061419972297218697 -0.053200734276199868 0.028055943931879157 0.034141352625516527 -0.052428626681040327 -0.055358685790858876 -0.042749588663471262 0.045553675910279826 -0.052222304681507042 -0.055118838527581517 0.036535676277165675 0.046004761923013962 -0.051054978122566708 0.044992363919961517 -0.05354519280667458 -2.8581784468484254e-06 0.030910982698573744 0.041186158733652806 0.050519776401992622 -0.053293324942186672 -0.05364098416647476 0.0081943567666797404 0.0037448399106509954 0.053604367367728445 -0.053655850906305695 0.052685670612633156 -0.00015305877472024713 0.0012536617243754742 -0.032957337489880188 -0.00059504012153023718
leaf_weight=0.16503719067986722 0.02995046065189555 0.2262188222957765 0.23895571567118068 0.067665107781067491 0.14081515918951382 0.035281860094982131 0.11968904465902497 0.35777587490156293 0.059209948885836639 0.07134865497937426 0.21560519188642502 0.23025318270083417 0.058088085963390768 0.59084917903237411 0.40777675580466199 2.668068107683212 0.21884443331509817 0.47573820594698191 0.041623659431934357 0.078926855348981917 0.070504068702575751 0.082295509637333453 7.0203212008345899 0.038033828139314774 0.38359074515756297 0.098680206341668963 15.548228102445126 21.607758365978952 1.0973897157236923 41.191114578861743
leaf_count=219 5 51 3 40 22 10 46 9 25 14 3 7 17 6 80 8 8 7 1 13 12 12 32 1 48 2 172 330 111 885
internal_value=-2.52373e-09 -0.000571264 -0.00039035 -0.0236809 -0.000253112 -0.000356889 -0.000244156 0.0146108 0.0243637 0.00246284 0.0174124 -0.000434674 0.0264515 0.00136675 0.00646983 0.000620142 0.00696125 0.029756 0.013734 -0.0174488 -0.00361677 -0.0203374 0.000377466 0.000457628 -0.00097855 -0.0318967 -2.18791e-05 -0.000555934 -0.000525674 -0.00143484
internal_weight=93.6356 66.035 65.8088 0.385502 65.4233 65.1843 65.0435 0.823629 0.70394 0.346164 0.274815 64.2199 0.288341 27.6006 4.48183 3.89098 3.4832 0.815133 0.339395 0.120551 0.220465 0.1528 23.1188 23.0889 16.0685 0.482271 15.5863 63.9315 63.8963 42.2885
internal_count=2199 1816 1765 283 1482 1479 1457 97 51 42 28 1360 24 383 123 117 37 29 22 14 64 24 260 255 223 50 173 1336 1326 996
is_linear=0
shrinkage=0.05


Tree=91
num_leaves=31
num_cat=0
split_feature=8 2 10 9 8 9 8 8 0 0 5 5 9 9 9 5 8 12 12 12 12 0 10 8 4 12 12 9 11 15
split_gain=0.0280174 0.433578 0.576872 0.328325 0.0568074 0.118599 0.0533469 0.249319 0.294171 0.196473 0.130593 0.634715 0.0790708 0.103842 0.147666 0.0977405 0.155293 0.0619215 0.0579622 0.47363 0.241915 0.343341 0.192386 0.289028 0.160655 0.251606 0.184071 0.153182 0.150458 0.148906
threshold=0.28063718974590307 0.83871760964393627 1.0000000180025095e-35 0.073333334177732482 0.17927792668342593 0.17156863212585452 0.31212913990020758 0.32683466374874121 0.00050237510004080843 0.28388452529907232 0.10233045369386674 0.1036842204630375 0.15587044507265094 0.19139194488525393 0.22048611193895343 0.50620689988136303 0.33889974653720861 3.1220499277114873 2.7043000459671025 2.2303500175476079 2.8445500135421757 1.0564149320125582 1.5000000000000002 0.67872512340545665 0.88768076896667492 4.0536999702453622 3.9721499681472783 0.94281044602394115 92.665000915527358 2.5000000000000004
decision_type=2 2 2 2 2 2 2 2 2 2 2 2 2 2 2 2 2 2 2 2 2 2 2 2 2 2 2 2 2 2
left_child=1 -1 -3 -2 5 -4 9 8 -8 -5 -11 -12 -9 15 -15 16 -14 -13 19 29 21 -20 23 -22 27 26 28 -24 -26 -16
right_child=3 2 4 6 -6 -7 7 12 -10 10 11 17 13 14 18 -17 -18 -19 20 -21 22 -23 24 -25 25 -27 -28 -29 -30 -31
leaf_value=0.00018330401780159266 0.038303449350356768 0.028945418165154307 -0.054082116185604871 0.038754531572103075 -0.05303951973611274 0.050571304592411492 0.035075477549404085 -0.053484615300790433 -0.055367426771320394 -0.005478847560242096 0.045550051115108181 0.0053602994703171244 0.050920437841172589 -0.05276022414635604 -0.060263299764077287 0.051267201719484651 -0.052633099708982091 -0.0049099698483983361 -0.052288543525601319 -0.044000689115614236 -0.061891761875175345 0.047950481665218897 0.00015981696999696883 0.041361097142803803 -0.052167367494307115 -0.028798850747668338 0.051318130045710765 0.03342282711673572 0.03294548913980818 -0.00046827236214458542
leaf_weight=21.090242547848906 0.56935575604438682 0.31760216131806263 0.07416650335653685 0.37944191985297848 0.8620448787114583 0.042633462697267532 0.1160014858469357 0.069289976032449796 0.39966516892309301 3.6617053247755376 0.89167451107641671 2.9640301627805457 0.069261081516741707 0.13332499828538757 0.10448849550448969 0.19032056629657745 0.075856376439332962 2.9070632846269291 0.10161262130714277 0.64481789821002067 0.26632664345379709 0.53628470125840977 26.12529518436714 0.090911530744051561 0.091853791614993407 0.19394355174154043 0.51807261956855655 0.35076443431898852 0.1194421574473381 29.273094836142263
leaf_count=155 2 8 17 12 139 1 3 13 52 31 3 24 1 26 37 1 13 35 23 211 64 13 510 9 17 12 4 8 2 753
internal_value=-9.95755e-10 -0.00154192 -0.0296074 0.000487245 -0.0486058 -0.0158823 0.000180863 -0.000406309 -0.0350219 0.00341297 0.00212657 0.00624453 -0.000103533 -4.07204e-05 -0.000199646 0.0276995 -0.00320948 0.000274991 -7.96866e-05 -0.00161136 0.0015398 0.0319831 0.000840162 -0.0356155 0.00131548 0.0218176 0.0352769 0.000600497 -0.00405446 -0.000680948
internal_weight=93.2306 22.3867 1.29645 70.8439 0.978845 0.1168 70.2745 59.4706 0.515667 10.8039 10.4245 6.76277 58.955 58.8857 58.5502 0.335438 0.145117 5.87109 58.4169 30.0224 28.3945 0.637897 27.7566 0.357238 27.3994 0.923312 0.729369 26.4761 0.211296 29.3776
internal_count=2199 320 165 1879 157 18 1877 1772 55 105 93 62 1717 1704 1689 15 14 59 1663 1001 662 36 626 73 553 35 23 518 19 790
is_linear=0
shrinkage=0.05


Tree=92
num_leaves=31
num_cat=0
split_feature=6 7 15 5 10 9 12 8 12 4 8 12 10 9 9 6 4 10 12 10 9 9 5 10 12 1 1 2 11 15
split_gain=0.0268129 0.120817 0.263509 0.150458 0.149169 0.0730373 0.0556873 0.0546227 0.0467086 0.468703 0.285578 0.226641 0.182388 0.150906 0.173646 0.12293 0.619689 0.110344 0.0793494 0.483076 0.0724719 0.0944739 0.723858 0.18155 0.0617958 0.501804 0.0900356 0.262376 0.0388648 0.326195
threshold=0.55274108052253734 22.500000000000004 4.5000000000000009 0.072633065283298506 3.5000000000000004 0.14642857760190967 -2.9502000808715816 1.0000000180025095e-35 4.6064500808715829 0.29401268064975744 0.65081954002380382 4.5456001758575448 20.500000000000004 0.057565789669752128 0.064583335071802153 0.31082732975482946 0.45442758500576025 18.500000000000004 4.2739000320434579 13.500000000000002 0.095454547554254546 0.13484849035739901 0.10233045369386674 1.0000000180025095e-35 3.4763000011444096 0.99990996718406688 0.99478703737258922 1.1998031139373782 25.045000076293949 2.5000000000000004
decision_type=2 2 2 2 2 2 2 2 2 2 2 2 2 2 2 2 2 2 2 2 2 2 2 2 2 2 2 2 2 2
left_child=6 5 -3 -4 -5 -2 -1 -7 11 10 -10 12 13 -8 -15 18 17 -17 20 -20 -16 22 -22 -23 26 -26 -25 -28 -9 -30
right_child=1 2 3 4 -6 7 8 28 9 -11 -12 -13 -14 14 15 16 -18 -19 19 -21 21 23 -24 24 25 -27 27 -29 29 -31
leaf_value=-0.051591272272604599 -0.042382563649591469 -0.053549033450492667 0.046927748510846405 0.034103548716261908 -0.051826512119939654 0.052269197486032939 -0.052305519043374132 0.0062337315015998955 -0.055151855848603937 6.1191749554289761e-05 0.025255413535956169 0.043115545280180204 0.048016850674726178 0.025743686365390869 -0.052133398162016432 -0.053475369039933843 0.0011463225052823125 0.056054945292889208 -0.056223316017074337 0.042427851532143214 -0.052980849767584437 -0.055459427129416899 0.028267800733050005 0.00054497723765336691 -0.054704477350029784 0.00028225963063368648 -0.052041176058302857 0.025827511409197285 -0.061187829785637131 0.00048912035719239123
leaf_weight=0.053996547940186157 0.098990829748799025 0.10481153306318347 0.47870099986903369 0.1129299980821088 0.091364283056464046 0.051117637369315072 0.14112960104830463 2.8233208675228516 0.63957852516614266 6.0891392498160712 0.13347127451561391 0.30070333066396315 0.19310169946402211 0.6198810487985601 0.067476646509020521 0.73003041119954959 2.7504864746006206 0.023742064833641052 0.16665624095185094 0.48590392712503672 0.34617754258215327 0.15152730341651377 1.3172185011208055 28.256174110050782 0.4743390032963356 3.3119052929105237 0.27908046043012191 0.1766523215919733 0.21547307455330056 42.024995778989251
leaf_count=14 47 12 7 7 18 3 22 17 125 22 7 6 2 14 8 191 49 1 35 5 13 36 11 438 96 12 46 5 57 873
internal_value=1.52237e-09 0.00085682 0.020269 0.031597 -0.00432601 0.000518583 -0.000843854 0.000612717 -0.00078512 -0.00459481 -0.0412691 -0.000128137 -0.000457411 -0.0006956 -0.000509589 -0.000931878 -0.00986081 -0.0500254 -3.87429e-05 0.0172335 -0.000366579 -0.000264779 0.0113587 -0.00085696 -0.000602369 -0.00660645 0.000189391 -0.0218575 0.000554121 0.0001745
internal_weight=92.7101 46.0017 0.787807 0.682995 0.204294 45.2139 46.7084 45.1149 46.6544 6.86219 0.77305 39.7922 39.4915 39.2984 39.1573 38.5374 3.50426 0.753772 35.0331 0.65256 34.3806 34.3131 1.6634 32.6497 32.4982 3.78624 28.7119 0.455733 45.0638 42.2405
internal_count=2199 1041 44 32 25 997 1158 950 1144 154 132 990 984 982 960 946 241 192 705 40 665 657 24 633 597 108 489 51 947 930
is_linear=0
shrinkage=0.05


Tree=93
num_leaves=31
num_cat=0
split_feature=6 1 14 10 5 8 11 4 12 5 11 4 14 4 12 3 8 12 12 10 9 12 12 8 4 4 10 4 4 12
split_gain=0.0261315 0.0777353 0.0765279 0.0489763 0.0518399 0.0467922 0.0380744 0.0364955 0.498061 0.466912 0.216042 0.249901 0.299101 0.157338 0.201648 0.0693541 0.152415 0.0663536 0.212491 0.0367879 0.041818 0.0309534 0.167562 0.0483245 0.151108 0.173289 0.0865288 0.127504 0.274997 0.0502131
threshold=0.9942665994167329 0.57202434539794933 42.500000000000007 5.5000000000000009 0.2602521032094956 0.2275044843554497 17.764999389648441 0.95061039924621593 -3.4264999628067012 0.55381944775581371 40.23500061035157 0.86751881241798412 23.500000000000004 0.88768076896667492 3.9721499681472783 12.250000000000002 0.31212913990020758 2.8445500135421757 4.6878302097320566 3.5000000000000004 0.29520697891712194 -4.1831998825073233 -2.6956999301910396 0.72042024135589611 0.68619549274444591 0.020790425129234794 2.5000000000000004 0.67546039819717418 0.19953110069036487 2.4276499748229985
decision_type=2 2 2 2 2 2 2 2 2 2 2 2 2 2 2 2 2 2 2 2 2 2 2 2 2 2 2 2 2 2
left_child=1 2 -1 -4 -5 -2 -3 8 -7 -9 13 15 -13 14 -10 -12 -17 -18 -19 -11 -21 -8 -23 29 25 -25 -27 28 -28 -24
right_child=5 6 3 4 -6 7 21 9 10 19 11 12 -14 -15 -16 16 17 18 -20 20 -22 22 23 24 -26 26 27 -29 -30 -31
leaf_value=-0.050638254161232493 -0.050434422543593441 -0.054977789278206818 0.033015487833844399 -0.053410946008355054 0.0070486239273523203 0.063229567595306208 0.016814277156236599 -0.066308875307994716 -0.054377768294108841 -0.0014727167701784176 0.00086884759009382456 0.009590023187780428 -0.059182935754199022 0.052866254396666923 0.038351175633189717 -0.051189784395958393 0.042480957851377704 -0.05298597775385664 0.034689592986505022 -0.00074505779256527072 0.0076153637955027418 -0.052222749106415757 -0.0026311460585747956 -0.056753228121624644 -0.052487770668387217 0.036553799205574694 0.02674453790939604 0.053607143091696834 -0.052890616749775847 0.00040484766562663102
leaf_weight=0.15209757769844046 0.043451929595906047 0.031917753396554782 0.062614953800220974 0.064131344348425046 0.079289754037745297 0.33950155973434704 0.26148892939090629 0.26247896032873441 0.099394844146444394 6.7819448011869081 8.9155053315916977 0.27443700912408608 0.3729348419001326 0.34559619426727295 0.14294128445908427 0.073198282392696323 0.29271793458610773 0.096118164947256446 0.24591650767251849 2.6982387095922604 3.3560648945276625 0.15575217537116159 19.242071223488892 0.078677834710105254 0.090383684379048534 0.45352589263347887 0.27417966537177563 0.11798363924026489 0.17930008599068969 46.607587877544574
leaf_count=231 43 10 40 12 12 1 5 12 8 89 54 9 36 1 3 23 10 18 8 6 15 27 523 10 46 12 12 1 40 882
internal_value=1.89709e-09 -0.000504187 -0.0237373 -0.00387878 -0.0199861 0.00140547 -0.000380906 0.00149818 0.00359399 -0.00029356 0.00172947 4.21053e-05 -0.0300284 0.0312068 0.000318139 0.00206495 0.017128 0.0250062 0.0100511 0.00105634 0.00388935 -0.000355075 -0.000421885 -0.000301544 0.00966719 0.0147573 0.0202464 0.00730455 -0.00474218 -0.000482307
internal_weight=92.1914 67.851 0.358134 0.206036 0.143421 24.3404 67.4929 24.297 11.1983 13.0987 10.8588 10.2708 0.647372 0.587932 0.242336 9.62346 0.707951 0.634753 0.342035 12.8362 6.0543 67.461 67.1995 67.0437 1.19405 1.10367 1.02499 0.571463 0.45348 65.8497
internal_count=2199 1863 295 64 24 336 1568 293 171 122 170 158 45 12 11 113 59 36 26 110 21 1558 1553 1526 121 75 65 53 52 1405
is_linear=0
shrinkage=0.05


Tree=94
num_leaves=31
num_cat=0
split_feature=6 1 14 10 5 8 11 11 8 14 13 11 11 8 4 8 7 8 4 4 4 12 11 9 11 5 11 4 8 5
split_gain=0.0254994 0.0697572 0.0741753 0.0453676 0.0478088 0.0434177 0.036893 0.0525749 0.0919169 0.0690889 0.0380536 0.297866 0.210019 0.119422 0.10717 0.0560054 0.490653 0.343311 0.0441891 0.136412 0.0363 0.347117 0.0353122 0.031723 0.0308084 0.0602957 0.53624 0.280877 0.246942 0.131701
threshold=0.9942665994167329 0.57202434539794933 42.500000000000007 5.5000000000000009 0.2602521032094956 0.2275044843554497 20.965000152587894 29.279999732971195 0.30608972907066351 17.500000000000004 2.5000000000000004 42.034999847412116 63.334999084472663 0.32253259420394903 0.78917673230171215 0.43802200257778173 3.5000000000000004 0.44827644526958471 0.72243529558181774 0.60813257098197948 0.95061039924621593 -2.2048000097274776 17.764999389648441 0.24499999731779101 19.344999313354496 0.36410985887050634 49.729999542236335 0.41892929375171667 0.66341876983642589 0.36316533386707311
decision_type=2 2 2 2 2 2 2 2 2 2 2 2 2 2 2 2 2 2 2 2 2 2 2 2 2 2 2 2 2 2
left_child=1 2 -1 -4 -5 -2 -7 -8 9 -9 13 -12 -13 -10 18 16 -15 -17 19 -14 21 -19 -3 -22 -24 29 28 -28 -27 -26
right_child=5 22 3 4 -6 6 7 8 10 -11 11 12 14 15 -16 17 -18 20 -20 -21 23 -23 24 -25 25 26 27 -29 -30 -31
leaf_value=-0.050608450308352329 -0.050403978778180328 -0.054722131300980803 0.032546045899352075 -0.0531613773323436 0.0064697124597902465 -0.066494319767235952 0.03151165034652386 0.050605662967534319 0.051998108809107171 -0.052276069289721241 0.052569956337521664 -0.053442544927030433 0.042635560306749726 0.00031446421024167057 0.0011897233957836283 0.04030717638703285 -0.054824579908079332 0.050708693714473452 0.040771464754974562 -0.051575250316559865 0.0012273953727970661 0.00042955439978141751 0.0049303175277887338 -0.0059828673746851321 -0.00021665949801750241 -0.058200300617492845 -0.056117473898347425 0.00090909412798259321 0.043267642118492586 0.026495450318696601
leaf_weight=0.14233015241552394 0.040384896405160187 0.029884831164962544 0.061082559317583218 0.059135551797226071 0.077879036878584884 0.019943279447036555 0.14542677067220466 0.018800169782482778 0.11294901371002808 0.12360380333848298 0.31728184223174993 0.163074848824181 0.10373609652742777 5.9707335184793946 2.8460920188808814 0.56813998147845168 0.43269424163736392 0.36256688367576906 0.2626944815274328 0.061026706360280514 3.2082049819873646 6.4507176519837062 2.6447600315732407 2.9084831243380904 56.095117919350741 0.59059195104054918 0.22256095900956996 7.2414540577301523 0.066738127381540835 0.46526480233296652
leaf_count=231 43 10 40 12 12 7 2 3 1 30 1 20 4 39 17 6 50 4 6 13 8 53 6 29 1096 174 56 212 4 10
internal_value=1.33037e-09 -0.000497341 -0.0230739 -0.00329069 -0.0192671 0.00139608 0.00148296 0.00153932 0.00135703 -0.0386936 0.00159698 0.00621652 0.001937 0.000730543 0.00469578 0.00043958 -0.00341141 0.00226647 0.0280398 0.0077407 0.000594966 0.00310514 -0.000383236 -0.00220108 -0.000359117 -0.000575395 -0.00460409 -0.000791316 -0.0478984 3.07389e-06
internal_weight=91.8134 67.6968 0.340427 0.198097 0.137015 24.1166 24.0762 24.0562 23.9108 0.142404 23.7684 3.75391 3.43662 20.0145 3.27355 19.9015 6.40343 13.4981 0.427457 0.164763 12.93 6.81328 67.3564 6.11669 67.3265 64.6817 8.12135 7.46402 0.65733 56.5604
internal_count=2199 1863 295 64 24 336 293 286 284 33 251 61 60 190 40 189 89 100 23 17 94 57 1568 37 1558 1552 446 268 178 1106
is_linear=0
shrinkage=0.05


Tree=95
num_leaves=31
num_cat=0
split_feature=6 1 14 10 5 8 6 5 5 11 11 11 8 14 4 9 5 5 10 4 8 10 8 5 2 14 12 12 5 4
split_gain=0.0237401 0.0634969 0.0710827 0.0424299 0.0451574 0.0401951 0.0378461 0.0330178 0.0471936 0.032724 0.032289 0.0467159 0.0813283 0.0611308 0.0555018 0.0293166 0.0289974 0.331028 0.182701 0.17575 0.173245 0.254981 0.422042 0.178575 0.481193 0.173291 0.12367 0.177221 0.0835918 0.082899
threshold=0.9942665994167329 0.57202434539794933 42.500000000000007 5.5000000000000009 0.2602521032094956 0.2275044843554497 0.99999994039535534 0.060068728402256973 0.076598640531301512 17.764999389648441 20.965000152587894 29.279999732971195 0.30608972907066351 17.500000000000004 0.5796048939228059 0.43167701363563543 0.29587541520595556 0.24554386734962466 1.0000000180025095e-35 0.94523999094963085 0.60649949312210094 2.5000000000000004 0.26784315705299383 0.3126917183399201 1.1397808194160464 12.500000000000002 1.7300000190734866 0.14350000023841861 0.32781545817852026 0.43452532589435583
decision_type=2 2 2 2 2 2 2 2 2 2 2 2 2 2 2 2 2 2 2 2 2 2 2 2 2 2 2 2 2 2
left_child=1 2 -1 15 -5 -2 -7 -8 -9 -3 -10 -12 13 -13 -14 -4 17 18 -11 -19 21 22 -18 -23 25 -25 27 29 -27 -22
right_child=5 9 3 4 -6 6 7 8 10 16 11 12 14 -15 -16 -17 20 19 -20 -21 26 23 -24 24 -26 28 -28 -29 -30 -31
leaf_value=-0.05057930523843366 -0.050377202723016427 -0.054471708060543855 -0.050110360062917851 -0.052994506005111922 0.0060849289259982259 0.017165923652162119 0.050448661808274634 -0.062375230624921979 -0.065359111205266732 -0.054604806022194946 0.030252859994142581 0.049978385563045249 0.050751655645268873 -0.052049769855899944 0.0011701215893819134 0.047010865723190541 0.02048046135991452 -0.054758912632302092 -0.00047460704140574731 0.044749828120945627 0.0467221732916277 0.037025796301908102 -0.05323858065821975 0.034042777930006762 -0.053049889441455556 -0.058410022953304636 0.041174323823415321 -0.054014161796793393 0.0012016648985175302 0.0027958286053912005
leaf_weight=0.13322891038842399 0.037490578528379781 0.027941141714108109 0.0091885218280367553 0.055867879360448569 0.076816099317511544 0.37633784953505056 0.033960983157160451 0.029235208872708252 0.018211834016258588 0.15645371019490895 0.13795927725732582 0.016907726036154425 0.056580968201162984 0.11148204887285829 23.08503595815273 0.050333418766967952 0.30266007949831575 0.40086186876578622 42.796238286420703 0.04989536153152585 0.17008453316520789 0.34229572932236152 0.54152579882065766 0.40532665792853251 0.40961868080194008 0.058975921361709704 0.44176980621705297 0.10141711862524971 20.730246948616696 0.29147643459145911
leaf_count=231 43 10 31 12 12 7 1 5 7 45 2 3 1 30 237 9 15 110 791 2 12 20 137 12 93 12 25 21 240 23
internal_value=1.23873e-09 -0.000479196 -0.0225118 -0.00305658 -0.018791 0.00135425 0.00143551 0.00118349 0.00111216 -0.00037254 0.00119139 0.00124316 0.00107118 -0.0386136 0.00129135 0.0320181 -0.000350045 -0.00111909 -0.000671774 -0.0437441 0.00105272 0.000156931 -0.0268086 0.00119418 0.000626465 0.00166385 0.0213718 0.00583269 0.00103256 0.0189826
internal_weight=91.4554 67.5522 0.325435 0.192206 0.132684 23.9032 23.8657 23.4894 23.4554 67.2268 23.4262 23.408 23.27 0.12839 23.1416 0.0595219 67.1988 43.4034 42.9527 0.450757 23.7954 22.7906 0.844186 21.9465 21.6042 21.1945 1.00475 0.562978 20.7892 0.461561
internal_count=2199 1863 295 64 24 336 293 286 285 1568 280 273 271 33 238 40 1558 948 836 112 610 529 152 377 357 264 81 56 252 35
is_linear=0
shrinkage=0.05


Tree=96
num_leaves=31
num_cat=0
split_feature=6 6 11 6 15 0 14 5 0 4 4 2 12 12 9 10 5 13 11 14 8 5 8 3 9 4 4 2 5 4
split_gain=0.0224342 0.169968 0.15945 0.082825 0.0789548 0.0754781 0.068063 0.0628666 0.0998712 0.118683 0.075519 0.0850231 0.061154 0.112507 0.0582583 0.0423062 0.0453291 0.0373269 0.268074 0.370126 0.178379 0.0523429 0.0534137 0.0906126 0.046871 0.0366466 0.0624615 0.0766495 0.0325893 0.430219
threshold=0.97534465789794933 0.92766672372818004 30.339999198913578 0.91021579504013073 4.5000000000000009 3.0259009599685673 42.500000000000007 0.50620689988136303 0.071042496711015715 0.68035656213760387 0.67546039819717418 1.1707602143287661 -4.1831998825073233 -2.6956999301910396 0.48492678999900823 5.5000000000000009 0.2602521032094956 2.5000000000000004 42.034999847412116 26.500000000000004 0.31212913990020758 0.49187669157981878 0.38526676595211035 11.750000000000002 0.19139194488525393 0.74495473504066478 0.8361022174358369 0.34078367054462438 0.081772197037935271 0.11179734393954278
decision_type=2 2 2 2 2 2 2 2 2 2 2 2 2 2 2 2 2 2 2 2 2 2 2 2 2 2 2 2 2 2
left_child=1 3 -3 5 -5 7 -7 12 -9 10 11 14 -1 -14 -10 -8 -17 24 -19 -20 -21 22 -22 -24 -2 -6 27 -27 -15 -30
right_child=17 2 -4 4 25 6 15 8 9 -11 -12 -13 13 28 -16 16 -18 18 19 20 21 -23 23 -25 -26 26 -28 -29 29 -31
leaf_value=0.025677793891985785 -0.051965695566838235 0.037932559883679169 -0.052223758499946663 -0.01662648764519865 0.051402216539871294 -0.050442112625430607 0.032230848702405453 0.047629505295405966 -0.031791210450971212 -0.053293909486704982 0.04996227606066618 -0.05337496174406961 -0.05224637262728922 0.0011020554843088599 0.035527902593944997 -0.052678698667674523 0.005815270332995769 0.042803443893979949 -0.052704160485233235 0.0001957768490306838 0.029250023767430345 0.040827829824345109 0.05042622947003679 -0.052976705677842656 0.00052868332964515694 0.046476790936864298 0.053215194839440622 -0.053349670050045664 -0.033613062904311479 -0.00050654325364208502
leaf_weight=0.22248168103396082 0.042602438785258268 0.059730561682953431 0.2740755475097103 0.098440852481870844 0.15964628010988235 0.14192819787058297 0.05512680605170317 0.17485823715105553 0.044074720819480717 0.077346634032437578 0.10731140518328175 0.057630061142845079 0.10520097287370944 21.114948944159565 0.1186676740180701 0.05887617651023902 0.075711024255724624 0.43334629199671226 0.29279294449952464 2.6547328045708132 0.16213210625573982 0.39461842272430658 0.032008886337280273 0.062664010794833302 22.654827861115336 0.032307443674653769 0.064532369375228882 0.047501462628133595 1.0057937787787512 40.299604819883825
leaf_count=3 26 3 91 9 2 221 40 2 18 25 4 25 18 322 5 13 12 6 80 8 8 7 1 13 234 2 1 12 112 876
internal_value=-2.31223e-10 -0.000505445 -0.0360914 -0.000320019 0.0222919 -0.000462962 -0.0242539 -0.000338371 0.016049 0.00241523 0.0155648 -0.00118516 -0.000489816 -0.000582927 0.0172962 -0.00466205 -0.0197734 0.00121769 0.00565067 0.00117714 0.00594886 0.0293943 0.011825 -0.0180162 0.000430153 0.034895 0.0166374 -0.0129389 -0.000495855 -0.00131269
internal_weight=91.1255 64.3958 0.333806 64.062 0.402428 63.6596 0.331642 63.3279 0.579889 0.40503 0.327684 0.220372 62.748 62.5255 0.162742 0.189714 0.134587 26.7297 4.0323 3.59895 3.30616 0.651423 0.256805 0.0946729 22.6974 0.303988 0.144341 0.0798089 62.4203 41.3054
internal_count=2199 1816 94 1722 26 1696 286 1410 79 77 52 48 1331 1328 23 65 25 383 123 117 37 29 22 14 260 17 15 14 1310 988
is_linear=0
shrinkage=0.05


Tree=97
num_leaves=31
num_cat=0
split_feature=12 12 12 0 4 4 4 8 4 8 3 3 12 10 0 3 12 12 8 11 9 8 11 11 11 14 11 9 4 12
split_gain=0.021867 0.0656426 0.123696 0.111199 0.114535 0.135027 0.146916 0.0431298 0.0738337 0.0257327 0.165509 0.0624585 0.220421 0.0562816 0.0630918 0.0548637 0.0237447 0.173506 0.135138 0.0822507 0.0788986 0.0595177 0.0571808 0.562601 0.276732 0.206911 0.0935014 0.0524873 0.369342 0.0526461
threshold=-3.4264999628067012 -0.93249997496604908 -1.6195499897003172 0.40093791484832769 0.18987040966749194 0.19397783279418948 0.35536065697669988 0.7632485330104829 0.66892284154891979 0.72042024135589611 10.750000000000002 9.7500000000000018 0.14350000023841861 18.500000000000004 4.3494625091552743 3.2500000000000004 2.4276499748229985 2.2303500175476079 0.25759340822696691 26.994999885559086 0.18898809701204303 0.18279636651277545 36.109998703002937 47.739999771118171 49.345001220703132 12.500000000000002 51.95000076293946 0.94281044602394115 0.33035208284854894 2.9048999547958378
decision_type=2 2 2 2 2 2 2 2 2 2 2 2 2 2 2 2 2 2 2 2 2 2 2 2 2 2 2 2 2 2
left_child=-1 2 3 -2 -5 -6 -7 8 -8 16 11 12 15 14 -12 -11 17 19 -19 -3 21 -21 -22 -24 -25 -26 -27 29 -29 -18
right_child=1 9 -4 4 5 6 7 -9 -10 10 13 -13 -14 -15 -16 -17 27 18 -20 20 22 -23 23 24 25 26 -28 28 -30 -31
leaf_value=0.0084646399564346064 -0.052000659413127197 -0.060317104024556478 -0.05473737865583405 -0.054413224432041045 0.047776571653521172 -0.053534879097864578 -0.052637634881490647 0.050425613368073219 0.0363623891524378 0.053450944682846446 -0.054089470062318734 0.043007503409860565 -0.053783217868566026 0.05450822136397996 0.041064778593626651 0.01058121326705415 0.0037323998316409175 0.033933176460582408 -0.054704862985240556 0.039952006777826288 0.0037927761562615639 -0.054445869385843115 -0.055023813313355298 0.042588825742892418 -0.052756630819050403 -0.05636623847043766 -0.00057022892168943331 -0.055480336142834367 0.053726657764224528 -0.00025141782778836556
leaf_weight=0.75662256171926756 0.10365162143716589 0.057841561298117905 0.15346414957457355 0.070957472082227468 0.17850826866924763 0.10797146521508694 0.03997727669775486 0.072129280539229512 0.05587065577856265 0.14439892768859763 0.14184465764265042 0.21530441986396909 0.10215423743647989 0.016511240974068642 0.019859319785609841 0.15446705714566633 10.151643898505425 0.052162035019135966 0.24484109061449999 0.019751126412301256 6.2882270982954642 0.10801687528146431 0.48222509567858907 0.36711150023620831 0.19265383185120555 0.075312785804274252 24.796045708491874 0.11258541527786192 0.24789400398731232 45.292879615870334
leaf_count=19 25 19 52 7 2 15 6 3 5 1 55 6 33 1 4 12 212 5 106 3 44 24 125 12 46 14 366 15 1 961
internal_value=4.60802e-10 -7.11087e-05 -0.0144895 -0.00467083 0.00466621 0.0138907 -0.00802974 0.0212198 -0.000758689 5.52619e-05 0.00901332 0.0212846 0.00962177 -0.0334247 -0.0424033 0.031294 -2.51721e-05 -0.0010954 -0.0391376 -0.000746538 -0.000639959 -0.0398533 -0.00048437 -0.00152228 -0.000507781 -0.00113902 -0.000739184 0.000601645 0.019619 0.000478001
internal_weight=90.8229 90.0663 0.78253 0.629066 0.525414 0.454457 0.275949 0.167977 0.0958479 89.2837 0.79454 0.616325 0.40102 0.178215 0.161704 0.298866 88.4892 32.6842 0.297003 32.3872 32.3293 0.127768 32.2016 25.9133 25.4311 25.064 24.8714 55.805 0.360479 55.4445
internal_count=2199 2180 115 63 38 31 29 14 11 2065 112 52 46 60 59 13 1953 764 111 653 634 27 607 563 438 426 380 1189 16 1173
is_linear=0
shrinkage=0.05


Tree=98
num_leaves=31
num_cat=0
split_feature=6 7 15 5 4 9 8 12 12 4 8 12 9 9 10 12 9 6 12 9 9 6 12 4 5 5 11 4 5 1
split_gain=0.0210544 0.108543 0.221501 0.117866 0.11705 0.0582931 0.0516436 0.0403606 0.0379474 0.428768 0.23465 0.198206 0.138639 0.147735 0.135035 0.579435 0.201032 0.383454 0.0968162 0.253195 0.130678 0.0361304 0.308605 0.0687759 0.0771804 0.0545032 0.0338418 0.0332082 0.550515 0.246887
threshold=0.55274108052253734 22.500000000000004 4.5000000000000009 0.072633065283298506 0.72439774870872509 0.10818713530898096 1.0000000180025095e-35 -2.9502000808715816 4.6064500808715829 0.29401268064975744 0.65081954002380382 4.5456001758575448 0.057565789669752128 0.064583335071802153 13.500000000000002 3.9452400207519536 0.86811593174934398 0.26442344486713415 3.942100048065186 0.12771739065647128 0.13484849035739901 0.71434536576271068 0.14350000023841861 0.43452532589435583 0.69095608592033397 0.54775193333625805 220.03000640869143 0.040981955826282508 0.099679488688707366 0.99553236365318309
decision_type=2 2 2 2 2 2 2 2 2 2 2 2 2 2 2 2 2 2 2 2 2 2 2 2 2 2 2 2 2 2
left_child=7 5 -3 -4 -5 -2 -7 -1 11 10 -10 12 -9 -14 15 18 17 -16 19 -15 -21 22 23 -8 25 -25 -24 -22 -29 -30
right_child=1 2 3 4 -6 6 21 8 9 -11 -12 -13 13 14 16 -17 -18 -19 -20 20 27 -23 26 24 -26 -27 -28 28 29 -31
leaf_value=-0.051206427661471793 -0.052709919223984519 -0.053148422772636705 0.046124948579086299 -0.051292247446535821 0.034722714217331994 0.051762891197126473 0.046481994555274075 -0.052116389819170307 -0.054890250063863659 6.7418569384823115e-05 0.022411898918618001 0.042290495674918015 0.024412710877918371 -0.047052556206831631 -0.055795332340595374 -0.05651891688166754 0.042557204766418527 0.046339455957977914 0.013867030736088663 0.036819318847847331 0.00095611482005471227 0.00065637564185470833 -0.053249781694273204 -0.052618692655790437 0.034084598895470566 0.008691747124353404 0.018288419920560951 -0.053140463493009098 -1.2921434235754564e-05 -0.05136851739571139
leaf_weight=0.039604792546014234 0.051470888589391417 0.087766667420509203 0.41629029659088701 0.072589576186146587 0.086900247959420085 0.049136353423817947 0.13909111201064561 0.12920416425913472 0.56967324260403884 6.0830965528293746 0.11860929243266582 0.27369242813438077 0.59846021141856809 0.29374958388507266 0.19461971582495508 0.46514652663608913 0.43719656020402908 0.17411225580144674 1.1579302940517653 0.23377703316509624 16.366102379332006 43.236652096638863 0.2825594386413286 0.07078729581553489 0.11160027794539928 0.074292550794780254 0.017559025465743616 0.51433469754556682 17.912224342730045 0.23712360790523135
leaf_count=14 32 12 7 21 4 4 4 22 125 22 7 6 14 35 25 104 6 4 10 5 158 821 98 10 2 3 23 132 401 68
internal_value=-1.5519e-09 0.000771997 0.0208438 0.0321225 -0.0044258 0.00046953 0.000531765 -0.000753425 -0.000709758 -0.00416475 -0.041569 -0.000109694 -0.000409446 -0.000236301 -0.000624637 -0.00106354 0.0196236 -0.00756811 -0.000360977 -0.000824315 -0.000439228 0.000474465 -0.0108279 0.0181673 0.00282393 -0.0212228 -0.0490643 -0.000687879 -0.00212949 -0.000683889
internal_weight=90.4954 44.6967 0.663547 0.57578 0.15949 44.0331 43.9817 45.7987 45.7591 6.77138 0.688283 38.9877 38.714 38.5848 37.9863 37.1804 0.805929 0.368732 36.7152 35.5573 35.2636 43.9325 0.69589 0.395771 0.25668 0.14508 0.300118 35.0298 18.6637 18.1493
internal_count=2199 1041 44 32 25 997 965 1158 1144 154 132 990 984 962 948 913 35 29 809 799 764 961 140 19 15 13 121 759 601 469
is_linear=0
shrinkage=0.05


Tree=99
num_leaves=31
num_cat=0
split_feature=6 1 6 8 11 8 11 11 8 14 12 12 3 13 14 4 0 11 11 14 11 5 5 11 4 5 8 4 15 5
split_gain=0.0201069 0.0531045 0.0328729 0.0314665 0.0288404 0.0284922 0.0278535 0.0378022 0.0692081 0.0420201 0.0274388 0.127285 0.127191 0.0876844 0.248932 0.144217 0.0735142 0.0667869 0.065963 0.36409 0.0859626 0.0759505 0.0644651 0.15549 0.0929419 0.114868 0.0644511 0.0583993 0.0552552 0.45197
threshold=0.9942665994167329 0.43272714316844946 0.99999994039535534 0.2275044843554497 17.764999389648441 0.73439970612525951 20.965000152587894 29.279999732971195 0.30608972907066351 18.500000000000004 2.4276499748229985 2.2303500175476079 13.500000000000002 1.5000000000000002 52.000000000000007 0.19397783279418948 0.071042496711015715 26.994999885559086 36.109998703002937 12.500000000000002 49.729999542236335 0.21778655797243121 0.49870465695858007 72.674999237060561 0.82209679484367382 0.5981651544570924 1.0000000180025095e-35 0.18987040966749194 9.5000000000000018 0.12241113930940629
decision_type=2 2 2 2 2 2 2 2 2 2 2 2 2 2 2 2 2 2 2 2 2 2 2 2 2 2 2 2 2 2
left_child=1 5 -2 -4 -3 -1 -5 -8 9 -9 11 13 -13 16 -15 27 -6 -18 -19 21 -21 -20 28 26 25 -25 -24 -16 -12 -30
right_child=2 4 3 6 10 -7 7 8 -10 -11 22 12 -14 14 15 -17 17 18 19 20 -22 -23 23 24 -26 -27 -28 -29 29 -31
leaf_value=-0.050490424920846967 0.016141686692356629 -0.054105391059043544 -0.050309446987952866 -0.064307630646096958 0.03668462050975943 0.0073100234280437789 0.028282555774420903 0.029048245916256606 0.0011718151762184876 -0.051898708973874823 0.00064082122075147891 -0.055040237894536687 0.034038815622820663 -0.052643513371893262 -0.00034717251208179833 -0.051947868632564821 -0.059899241956914297 0.0058521487827051695 0.054647481242032059 -0.053296299464427023 -0.0007252241441530672 -0.052838816553101658 0.050542655843913258 -0.052466715652407819 0.045362124261266262 0.050738245428077838 -0.051032492101413779 0.04389700491470655 -0.052943010207769016 0.00049984307853777506
leaf_weight=0.08066848739872412 0.36494400672381999 0.024977942623080618 0.029821453259503694 0.016273154411467483 0.12968670390547288 0.02898030707729049 0.12747963704169052 0.019341952720426714 23.008856097410899 0.093694957729894668 41.499611259543599 0.20100680671748605 0.050050329184159636 0.30542707534914271 0.13668951787985861 0.079443666560109705 0.04815153582603926 3.0127801154740181 0.01714197546243923 0.078148331289411455 15.646984683611661 0.39837491285288706 0.018684645649044707 0.062665041070431471 0.313270402722992 0.04732043668627739 0.095117996715998743 0.16414535255171359 0.44618436395830885 3.4904062575660646
leaf_count=215 8 10 42 7 2 22 2 4 244 29 776 76 5 112 8 19 14 23 2 48 259 97 2 13 8 1 46 4 69 32
internal_value=-7.55105e-10 -0.000446109 0.00125149 0.00101822 -0.00038858 -0.0352137 0.00108401 0.00112978 0.000980081 -0.0380477 -0.000368324 -0.00190095 -0.0372816 -0.00145719 -0.0190281 0.00797075 -0.000833933 -0.00108733 -0.000939479 -0.00220719 -0.000986484 -0.0484045 0.000307356 0.0175288 0.0314792 -0.00806355 -0.0343554 0.0237939 0.000103797 -0.00555752
internal_weight=90.0363 66.3759 23.6604 23.2955 66.2663 0.109649 23.2656 23.2494 23.1219 0.113037 66.2413 20.268 0.251057 20.017 0.685706 0.380279 19.3313 19.2016 19.1534 16.1406 15.7251 0.415517 45.9733 0.537059 0.423256 0.109985 0.113803 0.300835 45.4362 3.93659
internal_count=2199 1863 336 328 1626 237 286 279 277 33 1616 669 81 588 143 31 445 443 429 406 307 99 947 70 22 14 48 12 877 101
is_linear=0
shrinkage=0.05


end of trees

feature_importances:
logp=421
explained_intensity=384
np_likeness_score=351
explained_peaks_fraction=328
tpsa=258
fsp3=234
rotatable_bonds=205
top5_intensity_explained=191
ppm_error=136
heavy_atom_count=93
h_bond_donors_acceptors=87
mass_gaussian_score=78
rdbe=67
formula_golden_prior=63
matched_neutral_losses=52
aromatic_rings=52

parameters:
[boosting: gbdt]
[objective: lambdarank]
[metric: ndcg]
[tree_learner: serial]
[device_type: cpu]
[data_sample_strategy: bagging]
[data: ]
[valid: ]
[num_iterations: 100]
[learning_rate: 0.05]
[num_leaves: 31]
[num_threads: 2]
[seed: 42]
[deterministic: 0]
[force_col_wise: 0]
[force_row_wise: 0]
[histogram_pool_size: -1]
[max_depth: -1]
[min_data_in_leaf: 5]
[min_sum_hessian_in_leaf: 0.001]
[bagging_fraction: 1]
[pos_bagging_fraction: 1]
[neg_bagging_fraction: 1]
[bagging_freq: 0]
[bagging_seed: 400]
[bagging_by_query: 0]
[feature_fraction: 1]
[feature_fraction_bynode: 1]
[feature_fraction_seed: 30056]
[extra_trees: 0]
[extra_seed: 12879]
[early_stopping_round: 0]
[early_stopping_min_delta: 0]
[first_metric_only: 0]
[max_delta_step: 0]
[lambda_l1: 0]
[lambda_l2: 0]
[linear_lambda: 0]
[min_gain_to_split: 0]
[drop_rate: 0.1]
[max_drop: 50]
[skip_drop: 0.5]
[xgboost_dart_mode: 0]
[uniform_drop: 0]
[drop_seed: 17869]
[top_rate: 0.2]
[other_rate: 0.1]
[min_data_per_group: 100]
[max_cat_threshold: 32]
[cat_l2: 10]
[cat_smooth: 10]
[max_cat_to_onehot: 4]
[top_k: 20]
[monotone_constraints: ]
[monotone_constraints_method: basic]
[monotone_penalty: 0]
[feature_contri: ]
[forcedsplits_filename: ]
[refit_decay_rate: 0.9]
[cegb_tradeoff: 1]
[cegb_penalty_split: 0]
[cegb_penalty_feature_lazy: ]
[cegb_penalty_feature_coupled: ]
[path_smooth: 0]
[interaction_constraints: ]
[verbosity: -1]
[saved_feature_importance_type: 0]
[use_quantized_grad: 0]
[num_grad_quant_bins: 4]
[quant_train_renew_leaf: 0]
[stochastic_rounding: 1]
[linear_tree: 0]
[max_bin: 255]
[max_bin_by_feature: ]
[min_data_in_bin: 3]
[bin_construct_sample_cnt: 200000]
[data_random_seed: 175]
[is_enable_sparse: 1]
[enable_bundle: 1]
[use_missing: 1]
[zero_as_missing: 0]
[feature_pre_filter: 1]
[pre_partition: 0]
[two_round: 0]
[header: 0]
[label_column: ]
[weight_column: ]
[group_column: ]
[ignore_column: ]
[categorical_feature: ]
[forcedbins_filename: ]
[precise_float_parser: 0]
[parser_config_file: ]
[objective_seed: 16083]
[num_class: 1]
[is_unbalance: 0]
[scale_pos_weight: 1]
[sigmoid: 1]
[boost_from_average: 1]
[reg_sqrt: 0]
[alpha: 0.9]
[fair_c: 1]
[poisson_max_delta_step: 0.7]
[tweedie_variance_power: 1.5]
[lambdarank_truncation_level: 30]
[lambdarank_norm: 1]
[label_gain: ]
[lambdarank_position_bias_regularization: 0]
[eval_at: 1,5,10,25]
[multi_error_top_k: 1]
[auc_mu_weights: ]
[num_machines: 1]
[local_listen_port: 12400]
[time_out: 120]
[machine_list_filename: ]
[machines: ]
[gpu_platform_id: -1]
[gpu_device_id: -1]
[gpu_device_id_list: ]
[gpu_use_dp: 0]
[num_gpu: 1]

end of parameters

pandas_categorical:null
